show_id,type,title,director,cast,country,date_added,release_year,rating,duration,listed_in,description
s767,Movie,Alan Saldaña: Locked Up,Alex Díaz,['Alan Saldaña'],Mexico,"June 3, 2021",2021,TV-MA,49 min,['comedy'],"Mexican comedian Alan Saldaña is back, poking gentle fun at himself and parceling advice, especially about how to stay married and how to be parents."
s1568,Movie,The Panti Sisters,Jun Lana,"['Paolo Ballesteros', 'Martin del Rosario', 'Christian Bables', 'John Arcilla', 'Carmi Martin', 'Rosanna Roces', 'Joross Gamboa', 'Via Antonio', 'Roxanne Barcelo']",Philippines,"December 10, 2020",2019,TV-MA,108 min,"['comedy', 'international', 'lgbtq']",Three gay siblings are told by their terminally ill father that they must each produce a grandchild in order to inherit their share of his fortune.
s3237,TV Show,Once Upon A Time In Lingjian Mountain,,"['Xu Kai', 'Sandrine Pinna', 'Ryan Zhu', 'Gao Yuer', 'Cristy Guo', 'He Wenjun', 'Zheng Yawen', 'Li Junhao', 'Roger Kwok', 'James Wen']",China,"November 23, 2019",2019,TV-14,1 Season,"['international', 'comedy', 'sci-fi', 'fantasy']","As the nine continents face a crisis, a young disciple joins the Spirit Blade sect and comes under the tutelage of a temperamental sage."
s2466,Movie,Intuition,Alejandro Montiel,"['Luisana Lopilato', 'Joaquín Furriel', 'Rafael Ferro', 'Maite Lanata', 'Juan Manuel Guilera', 'Abel Ayala', 'Sebastián Mogordoy', 'Delfina Chaves', 'Marita Ballesteros', 'Miriam Odorico']",Argentina,"May 28, 2020",2020,TV-MA,116 min,"['drama', 'international', 'thriller']","Police officer Pipa works on her first big case while simultaneously investigating her boss, who is suspected of murder. The prequel to ""Perdida""."
s1209,Movie,Çarsi Pazar,Muharrem Gülmez,"['Erdem Yener', 'Ayhan Taş', 'Emin Olcay', 'Muharrem Gülmez', 'Elif Nur Kerkük', 'Tarık Papuççuoğlu', 'Suzan Aksoy', 'Doğa Konakoğlu', 'Esin Eden', 'Deniz Özerman']",Turkey,"March 12, 2021",2015,TV-MA,97 min,"['comedy', 'international']",The slacker owner of a public bath house rallies his community to save it when a big developer comes to town to close it down and open a new mall.
s3772,Movie,The Black Godfather,Reginald Hudlin,"['Clarence Avant', 'Quincy Jones']",United States,"June 7, 2019",2019,TV-MA,118 min,"['documentary', 'music']","This documentary follows the life of Clarence Avant, the ultimate, uncensored mentor and behind-the-scenes rainmaker in music, film, TV and politics."
s8109,Movie,Stronger Than the World,Afonso Poyart,"['José Loreto', 'Cleo Pires', 'Milhem Cortaz', 'Jackson Antunes', 'Claudia Ohana', 'Rômulo Arantes Neto', 'Paloma Bernardi', 'Thaila Ayala', 'Rafinha Bastos', 'Felipe Titto']",Brazil,"February 11, 2017",2016,NR,123 min,"['action', 'adventure', 'drama', 'international']","After a tough upbringing, natural-born fighter José Aldo confronts his personal demons in his quest to become an MMA champion in this sports biopic."
s6484,TV Show,Chuck Chicken,,,Malaysia,"November 15, 2017",2017,TV-Y7,1 Season,['family'],"On the island of Rocky Perch, security company owner Chuck Adoodledoo and his friends provide kung fu-style protection for their fellow bird citizens."
s3164,Movie,Saaho,Sujeeth,"['Prabhas', 'Shraddha Kapoor', 'Jackie Shroff', 'Chunky Pandey', 'Neil Nitin Mukesh', 'Arun Vijay', 'Vennela Kishore', 'Murli Sharma', 'Lal', 'Prakash Belawadi', 'Mahesh Manjrekar', 'Tinnu Anand']",India,"December 8, 2019",2019,TV-14,172 min,"['action', 'adventure', 'international']","In a fictional megalopolis, a stunning underworld theft triggers a fierce power struggle among the gangsters, with an enigmatic cop on their trail."
s8318,Movie,The Gathering,Nia Dinata,"['Cut Mini Theo', 'Tora Sudiro', 'Aida Nurmala', 'Surya Saputra', 'Rachel Maryam Sayidina', 'Trey Gondokusumo', 'Lili Harahap', 'Aurora Yahya', 'Wilza Lubis', 'Nico Siahaan']",Indonesia,"December 8, 2018",2003,TV-14,124 min,"['comedy', 'drama', 'international']","Between divorce, bad relationships and coming out as gay, a group of affluent friends realize that none of their lives are as easy as they seem."
s4031,TV Show,Disappearance,,"['Nelly Karim', 'Mohamed Mamdouh', 'Hesham Selim']",Egypt,"March 8, 2019",2018,TV-MA,1 Season,"['international', 'drama', 'mystery']","A university lecturer in Russia returns to Egypt after her husband's sudden disappearance, uncovering further mysteries the more she investigates."
s2704,Movie,Mine 9,Eddie Mensore,"['Terry Serpico', 'Kevin Sizemore', 'Mark Ashworth', 'Clint James', 'Drew Starkey', 'Erin Elizabeth Burns']",United States,"April 6, 2020",2019,TV-MA,83 min,"['drama', 'independent']",A methane explosion leaves a group of miners trapped two miles deep into the earth with a small oxygen supply and desperate for any means of survival.
s3182,Movie,The Irishman: In Conversation,,"['Martin Scorsese', 'Robert De Niro', 'Al Pacino', 'Joe Pesci']",United States,"December 5, 2019",2019,TV-MA,24 min,['documentary'],"Join director Martin Scorsese as he sits down with stars Robert De Niro, Al Pacino and Joe Pesci for an intimate, intriguing look inside ""The Irishman."""
s6269,Movie,Because of Soccer,"Agasyah Karim, Khalid Kashogi","['Herjunot Ali', 'Winky Wiryawan', 'Erly Ashy', 'Laura Basuki', 'Tarzan', 'Aida Nurmala', 'Otto Djauhari', 'Indra Herlambang']",Indonesia,"December 8, 2018",2008,TV-14,75 min,"['comedy', 'drama', 'international']","After losing a World Cup bet, two hapless buddies must use their wits to pay off their debt to a big Jakarta bookie in this action-packed comedy."
s2896,Movie,System Crasher,Nora Fingscheidt,"['Helena Zengel', 'Albrecht Schuch', 'Gabriela Maria Schmeide', 'Lisa Hagmeister', 'Melanie Straub', 'Victoria Trauttmansdorff', 'Maryam Zaree', 'Tedros Teclebrhan']",Germany,"February 21, 2020",2020,TV-MA,120 min,"['drama', 'independent', 'international']","Traumatized, violent and yearning for love, 9-year-old Benni bonds with a gruff mentor as child-services workers struggle to find her a home."
s2204,TV Show,Shameless (U.S.),,"['William H. Macy', 'Emmy Rossum', 'Justin Chatwin', 'Cameron Monaghan', 'Jeremy Allen White', 'Shanola Hampton', 'Steve Howey', 'Ethan Cutkosky', 'Emma Kenney', 'Laura Wiggins', 'Joan Cusack']",United States,"July 26, 2020",2019,TV-MA,10 Seasons,"['comedy', 'drama']",This dramedy based on a British series centers on siblings in a dysfunctional Chicago family who struggle while coping with their alcoholic father.
s8531,Movie,The Tigers of Scotland,Leanne Gater,['Iain Glen'],United Kingdom,"November 1, 2018",2017,TV-G,58 min,['documentary'],"This documentary highlights the endangered existence of the Scottish wildcats, and the conservation efforts required to prevent their extinction."
s1152,Movie,Octonauts & the Ring of Fire,Blair Simmons,"['Simon Greenall', 'Rob Rackstraw', 'Jo Wyatt', 'Paul Buckley', 'Simon Foster', 'Teresa Gallagher', 'Richard Grieve', 'Michael Murphy', 'Paul Panting', 'Keith Wickham']","China, United Kingdom","March 30, 2021",2021,TV-Y,73 min,['family'],"When red-hot volcanoes start a chain reaction of disasters across the ocean, the Octonauts must work together to face their biggest challenge yet."
s3068,TV Show,"Nisman: The Prosecutor, the President, and the Spy",Justin Webster,,"Spain, Germany, Denmark, United States","January 1, 2020",2020,TV-MA,1 Season,"['crime', 'documentary', 'international']","This docuseries details the suspicious death of Alberto Nisman, investigator of the 1994 bombing of the Argentine Israelite Mutual Association building."
s2757,Movie,Paharganj,Rakesh Ranjan Kumar,"['Lorena Franco', 'Bijesh Jayarajan', 'Neet Chowdhary', 'Rajeev Gaursingh', 'Karran Jeet', 'Rajesh Sharma', 'Gautam Kurup', 'Poonam Mathur', 'Salman Khan', 'Manish Devkush']",India,"March 31, 2020",2019,TV-MA,107 min,"['drama', 'independent', 'international']","In the underbelly of a Delhi neighborhood, a woman’s search for her missing lover collides with drugs, death and a coach grappling with his demons."
s2663,TV Show,The Midnight Gospel,,"['Duncan Trussell', 'Phil Hendrie', 'Drew Pinsky', 'Joey Diaz', 'Natasha Leggero', 'Johnny Pemberton', 'Christina Pazsitzky', 'Anne Lamott', 'Damien Echols', 'Trudy Goodman', 'Maria Bamford', 'Pauly Shore', 'Doug Lussenhop', 'David Nichtern', 'Steve Little', 'Caitlin Doughty', 'Stephen Root']",United States,"April 20, 2020",2020,TV-MA,1 Season,['comedy'],"Traversing trippy worlds inside his universe simulator, a space caster explores existential questions about life, death and everything in between."
s6864,Movie,God's Own Country,Francis Lee,"[""Josh O'Connor"", 'Alec Secareanu', 'Ian Hart', 'Gemma Jones']",United Kingdom,"May 1, 2018",2017,TV-MA,105 min,"['drama', 'independent', 'international']","In Yorkshire, a withdrawn gay farmer begins a torrid affair with a Romanian migrant worker who shows him the depths of his capacity for affection."
s4236,Movie,Gina Yashere: Skinny B*tch,,['Gina Yashere'],United Kingdom,"December 31, 2018",2008,TV-MA,58 min,['comedy'],"Standup comedian and ""Daily Show"" correspondent Gina Yashere delivers a sharp set of wry observations on the environment, money and more."
s2826,TV Show,Dirty Money,,,United States,"March 11, 2020",2020,TV-MA,2 Seasons,"['crime', 'documentary']","From crippling payday loans to cars that cheat emissions tests, this investigative series exposes brazen acts of corporate greed and corruption."
s2532,Movie,Dilan 1990,"Fajar Bustomi, Pidi Baiq","['Vanesha Prescilla', 'Iqbaal Ramadhan', 'Debo Andryos', 'Giulio Parengkuan', 'Omara Esteghlal', 'Yoriko Angeline', 'Zulfa Maharani', 'Brandon Salim']",Indonesia,"May 14, 2020",2018,TV-14,109 min,"['drama', 'international', 'romance']","At a Bandung high school, charming and rebellious Dilan vies for the affections of shy new student Milea."
s4029,TV Show,Into the Badlands,,"['Daniel Wu', 'Emily Beecham', 'Sarah Bolger', 'Oliver Stark', 'Orla Brady', 'Ally Ioannides', 'Stephen Lang', 'Marton Csokas', 'Madeleine Mantock', 'Aramis Knight']",United States,"March 10, 2019",2018,TV-MA,3 Seasons,"['action', 'adventure']","Dreaming of escaping to a distant city, a ferocious warrior and a mysterious boy tangle with territorial warlords and their highly trained killers."
s8010,Movie,Short Term 12,Destin Daniel Cretton,"['Brie Larson', 'John Gallagher Jr.', 'Kaitlyn Dever', 'Rami Malek', 'Lakeith Stanfield', 'Kevin Hernandez', 'Melora Walters', 'Stephanie Beatriz', 'Lydia Du Veaux', 'Alex Calloway', 'Frantz Turner']",United States,"July 18, 2019",2013,R,97 min,"['drama', 'independent']","A new charge at a foster care facility dredges up the memories of a young supervisor's own troubled past, and her tough exterior begins eroding."
s6280,TV Show,Being Mary Jane: The Series,,"['Gabrielle Union', 'Lisa Vidal', 'Margaret Avery', 'Omari Hardwick', 'Latarsha Rose', 'Aaron D. Spears', 'B.J. Britt', 'Raven Goodwin', 'Richard Roundtree']",United States," July 1, 2017",2016,TV-14,4 Seasons,"['romance', 'drama']",Ambitious single TV journalist Mary Jane attempts to balance her career with her overbearing family and an increasingly messy love life.
s6725,TV Show,Extras,,"['Ricky Gervais', 'Stephen Merchant', 'Ashley Jensen', 'Shaun Williamson', 'Shaun Pye']","United Kingdom, United States","March 31, 2017",2006,TV-MA,2 Seasons,"['british', 'comedy']","Grasping hungrily for stardom, bit actor Andy Millman and his pal Maggie spend their days chasing after work as film and TV extras."
s5189,Movie,Hajwala: The Missing Engine,"Ali Bin Matar, Ibrahim Bin Mohamed","['Yasser Al Jarraf', 'Haleem Aljabri', 'Anwar Aljabri', 'Omar Aljabri', 'Ali Almarzouqi', 'Majed Aldheeb', 'Yousef Almahmodi', 'Reem Ali']",United Arab Emirates,"November 1, 2017",2016,TV-PG,97 min,"['action', 'adventure', 'drama', 'international']",A competitive streetcar racer's obsession with winning drive him to develop a vehicle with an innovative engine that's never been used before.
s4082,Movie,Life of An Outcast,Pawan K Shrivastava,"['Ravi Bhushan Bhartiya', 'Shalini Mohan', 'Bhaskar Jha', 'Manohar Pandey', 'Siddharth Bharadwaj', 'Jay Shanker Pandey', 'Deepak Jha', 'Komal Singh']",India,"February 25, 2019",2018,TV-PG,80 min,"['drama', 'independent', 'international']","When authorities jail his son for rejecting religious bias, a poor father’s struggle to bail him out highlights rural India’s enduring casteism."
s7656,Movie,Once In A Lifetime Sessions with Nile Rodgers,Charlie Lightening,['Nile Rodgers'],United States,"August 1, 2018",2018,TV-PG,70 min,"['documentary', 'music']",The career of rhythm guitarist and Chic founder Nile Rodgers is chronicled in this musical blend of documentary and original concert performance.
s537,TV Show,Tales by Light,,"['Darren Jew', 'Art Wolfe', 'Krystle Wright', 'Peter Eastway', 'Richard l’Anson', 'Jack Thompson', 'Jonathan Scott', 'Angela Scott', 'Eric Cheng', 'Stephen Dupont']",Australia,"July 6, 2021",2018,TV-14,3 Seasons,"['documentary', 'international', 'science', 'nature']","Follow renowned photographers as they explore far-flung locales, capturing extraordinary images that present nature and culture in a new light."
s2745,Movie,The Little Vampire,"Richard Claus, Karsten Kiilerich","['Matthew Marsh', 'Rasmus Hardiker', 'Miriam Margolyes', 'Tim Pigott-Smith', 'Alice Krige', 'Amy Saville', 'Joseph Kloska', 'Diane Wilson', 'Phoebe Givron-Taylor', 'Jim Carter', 'Sven De Ridder']","Netherlands, Germany, Denmark, United Kingdom","April 1, 2020",2017,TV-G,83 min,['family'],An American kid obsessed with the undead befriends and offers to help a young vampire whose family is being targeted by a merciless vampire hunter.
s4522,TV Show,Salt Fat Acid Heat,,['Samin Nosrat'],,"October 11, 2018",2018,TV-PG,1 Season,['documentary'],"Chef and food writer Samin Nosrat travels the world to explore four basic keys to wonderful cooking, serving up feasts and helpful tips along the way."
s8320,Movie,The Ghost Who Walks,Cody Stokes,"['Garland Scott', 'Frank Mosley', 'Alexia Rasmussen', 'Gil Darnell', 'Dasha Nekrasova', 'Nattalyee Randall', 'Linda Kennedy', 'Peter Mayer', 'Curtis York', 'Dennis Lebby']",United States,"April 7, 2020",2019,TV-MA,107 min,"['drama', 'independent', 'thriller']","Desperate to meet his daughter, a convict cuts a deal by ratting out his old boss. Free and searching for his family, he must dodge a hit on his life."
s4007,TV Show,If I Hadn't Met You,,"['Pablo Derqui', 'Mercedes Sampietro', 'Andrea Ros', 'Javier Beltrán', 'Paula Malia', 'David Vert', 'Muguet Franc', 'Miquel García Borda', 'Berta Garcia', 'Joel Bramona', 'Montse Guallar', 'Abel Folk', 'Sergi López', 'Òscar Jarque', 'Eli Iranzo']",Spain,"March 15, 2019",2018,TV-MA,1 Season,"['international', 'romance', 'drama']","Eduard, a husband and father who loses his family in a tragic accident, travels to parallel universes to seek a better fate for his beloved wife."
s2064,TV Show,Bookmarks,,['Marley Dias'],United States,"September 1, 2020",2020,TV-Y,1 Season,['family'],"Celebrity readers share children's books by Black authors to spark kid-friendly conversations about empathy, equality, self-love and antiracism."
s1800,TV Show,Barbarians,,"['Laurence Rupp', 'Jeanne Goursaud', 'David Schütter', 'Ronald Zehrfeld', 'Nicki von Tempelhoff', 'Bernhard Schütz', 'Eva Verena Müller', 'Sophie Rois', 'Gaetano Aronica', 'Nikolai Kinski', 'Jeremy Miliker']",Germany,"October 23, 2020",2020,TV-MA,1 Season,"['international', 'action', 'adventure', 'drama']","Torn between the mighty empire that raised him and his own tribal people, a Roman officer's conflicted allegiances lead to an epic historical clash."
s4125,Movie,The Tree of Blood,Julio Medem,"['Úrsula Corberó', 'Álvaro Cervantes', 'Najwa Nimri', 'Patricia López Arnaiz', 'Daniel Grao', 'Joaquín Furriel', 'Maria Molins', 'Emilio Gutiérrez Caba', 'Luisa Gavasa', 'José María Pou', 'Ángela Molina']",Spain,"February 8, 2019",2018,TV-MA,136 min,"['drama', 'independent', 'international']","As a young couple write the story of their families' shared history, both reveal their relatives' dark secrets and one must make a painful confession."
s8074,Movie,Sprinter,Storm Saulter,"['Dale Elliott', 'Kadeem Wilson', 'Dennis Titus', 'David Alan Grier', 'Shantol Jackson', 'Lorraine Toussaint', 'Bryshere Gray', 'Quera South', 'Aiden Moodie']","Jamaica, United States","April 15, 2020",2018,TV-MA,112 min,"['drama', 'international', 'sport']","When a Jamaican teen hopes to use track to reunite him with his mother in America, family dysfunction at home threatens to knock his plans off course."
s6621,Movie,Dog Eat Dog,Paul Schrader,"['Nicolas Cage', 'Willem Dafoe', 'Christopher Matthew Cook', 'Omar J. Dorsey', 'Louisa Krause', 'Melissa Bolona', 'Reynaldo Gallegos']",United States,"December 31, 2016",2016,TV-MA,93 min,"['drama', 'thriller']",A delusional ex-con rejoins his unhinged former partners for one last job: kidnap the baby of a mobster's enemy for ransom.
s6729,TV Show,Ezel,,"['Kenan İmirzalıoğlu', 'Cansu Dere', 'Haluk Bilginer', 'Yiğit Özşener', 'Barış Falay', 'Burçin Terzioğlu', 'Bade İşçil', 'Sarp Akkaya', 'İpek Bilgin', 'Salih Kalyon', 'Tuncel Kurtiz', 'Sedef Avcı', 'Berrak Tüzünataç', 'İsmail Filiz']",Turkey,"December 26, 2016",2009,TV-14,1 Season,"['crime', 'international', 'drama']",A young man framed for a crime escapes a prison sentence by faking his own death and assuming a new identity as he seeks revenge.
s5056,Movie,Expedition Happiness,Selima Taibi,"['Selima Taibi', 'Felix Starck']",Germany,"January 31, 2018",2017,TV-PG,96 min,"['documentary', 'international']","A filmmaker and his musician girlfriend attempt an epic road trip with their dog, traveling across North America in a refurbished school bus."
s7754,Movie,Playing Hard,Jean-Simon Chartier,,"Canada, United States","April 5, 2019",2018,TV-MA,92 min,"['documentary', 'international']","Step inside the Ubisoft offices, and follow designer Jason VandenBerghe's fight to create the video game ""For Honor"" over four years."
s2100,TV Show,Trinkets,,"['Brianna Hildebrand', 'Kiana Madeira', 'Quintessa Swindell', 'Brandon Butler', 'Odiseas Georgiadis', 'Henry Zaga', 'Larry Sullivan', 'Larisa Oleynik']",United States,"August 25, 2020",2020,TV-MA,2 Seasons,"['drama', 'teen']",A grieving teen finds an unexpected connection with two classmates at her new high school after they all land in the same Shoplifters Anonymous group.
s6035,Movie,A Family Man,Mark Williams,"['Gerard Butler', 'Gretchen Mol', 'Alison Brie', 'Willem Dafoe', 'Alfred Molina', 'Maxwell Jenkins', 'Anupam Kher', 'Dustin Milligan']","Canada, United States","December 15, 2019",2016,R,110 min,['drama'],A ruthless corporate headhunter battles his rival for a promotion while dealing with a family crisis that threatens to derail his career.
s4446,Movie,Kai Po Che!,Abhishek Kapoor,"['Rajkummar Rao', 'Amit Sadh', 'Sushant Singh Rajput', 'Amrita Puri', 'Digvijay Deshmukh', 'Asif Basra', 'Manav Kaul', 'Ashish Kakkad']",India,"November 1, 2018",2013,TV-MA,120 min,"['drama', 'international', 'sport']",This Bollywood drama tells the story of three best friends who dream of starting a cricket training academy in Ahmedabad for very different reasons.
s360,Movie,The Original Kings of Comedy,Spike Lee,"['Steve Harvey', 'D.L. Hughley', 'Cedric the Entertainer', 'Bernie Mac']",United States,"August 1, 2021",2000,R,111 min,['comedy'],"Comedians Steve Harvey, Cedric the Entertainer, D.L. Hughley and Bernie Mac hit the stage in an iconic stand-up concert directed by Spike Lee."
s3759,Movie,Jo Koy: Comin' In Hot,Shannon Hartman,['Jo Koy'],United States,"June 12, 2019",2019,TV-MA,60 min,['comedy'],"Comedian Jo Koy takes center stage in Hawaii and shares his candid take on cultural curiosities, filter-free fatherhood and more."
s5234,Movie,The Death and Life of Marsha P. Johnson,David France,,"Greece, United States","October 6, 2017",2017,TV-MA,106 min,"['documentary', 'lgbtq']","As she fights the tide of violence against trans women, activist Victoria Cruz probes the suspicious 1992 death of her friend Marsha P. Johnson."
s4092,Movie,The Drug King,Woo Min-ho,"['Song Kang-ho', 'Cho Jung-seok', 'Bae Doona', 'Kim So-jin', 'Kim Dae-myung', 'Jo Woo-jin', 'Lee Hee-jun', 'Song Young-chang', 'Yoon Je-moon']",South Korea,"February 21, 2019",2018,TV-MA,139 min,"['drama', 'international', 'thriller']",A petty smuggler from Busan dives headfirst into illicit drug trafficking in the 1970s and rises to become king of narcotics exports to Japan.
s2088,Movie,Santana,"Chris Roland, Maradona Dias Dos Santos","['Paulo Americano', 'Raul Rosario', 'Rapulana Seiphemo', ""David O'Hara"", 'Hakeem Kae-Kazim', 'Neide Vieira', 'Cigano Satyohamba', 'Nompilo Gwala']","South Africa, Angola","August 28, 2020",2020,TV-MA,107 min,"['action', 'adventure', 'international']",Two brothers — one a narcotics agent and the other a general — finally discover the identity of the drug lord who murdered their parents decades ago.
s5764,TV Show,Be with You,,"['Bobby Dou', 'Peijia Huang', 'Nylon Chen', 'Vivi Lee', 'Edison Wang', 'Serena Fang']",Taiwan,"October 1, 2016",2015,TV-14,1 Season,"['international', 'romance', 'drama']","After reconnecting with their girlhood crushes, two sisters find their lives turned upside down by surprising revelations and romantic intrigue."
s2413,Movie,365 Days,"Barbara Białowąs, Tomasz Mandes","['Anna-Maria Sieklucka', 'Michele Morrone', 'Bronisław Wrocławski', 'Otar Saralidze', 'Magdalena Lamparska', 'Natasza Urbańska', 'Grażyna Szapołowska', 'Tomasz Stockinger', 'Gianni Parisi', 'Mateusz Łasowski']",Poland,"June 7, 2020",2020,TV-MA,114 min,"['drama', 'international', 'romance']","A fiery executive in a spiritless relationship falls victim to a dominant mafia boss, who imprisons her and gives her one year to fall in love with him."
s8119,Movie,Summer Night,Joseph Cross,"['Ellar Coltrane', 'Callan McAuliffe', 'Ian Nelson', 'Lana Condor', 'Analeigh Tipton', 'Melina Vidler', 'Bill Milner', 'Justin Chatwin', 'Ella Hunt', 'Elena Kampouris', 'Victoria Justice', 'Khris Davis', 'Hayden Szeto']",United States,"March 19, 2020",2019,TV-MA,93 min,"['comedy', 'drama', 'romance']",A group of 20-somethings in a small town experience a variety of personal and relationship issues leading up to a gathering at the local watering hole.
s3321,Movie,Jinxed,Stephen Herek,"['Ciara Bravo', 'Jacob Bertrand', 'Elena Kampouris', 'Jack Griffo', 'Donavon Stinson', 'Keegan Connor Tracy', 'Jay Brazeau']","United States, Canada","November 2, 2019",2013,TV-Y,69 min,"['family', 'comedy']","After a century-old curse of bad luck, a determined teen embarks on a journey to break her family’s generational misfortune."
s3052,Movie,Aruna & Her Palate,Edwin,"['Dian Sastrowardoyo', 'Oka Antara', 'Hannah Al Rashid', 'Nicholas Saputra', 'Deddy Mahendra Desta', 'Ayu Azhari']","Indonesia, South Korea, Singapore","January 1, 2020",2018,TV-14,106 min,"['drama', 'international']","An epidemiologist turns her nationwide bird flu investigation into a chance to sample local delicacies en route, with three friends along for the ride."
s8393,TV Show,The Liar,,"['Aenie Wong', 'Janelle Chin', 'Karena Teo', 'Goh Wee Ping', 'Sam Chong']",,"October 21, 2017",2013,TV-14,1 Season,"['crime', 'international', 'drama']","At the CARE detective agency, investigators see a lot of action but must always keep their cases secret, even when it affects their personal lives."
s3171,Movie,No Game No Life: Zero,Atsuko Ishizuka,"['Yoshitsugu Matsuoka', 'Ai Kayano', 'Yoko Hikasa', 'Yukari Tamura', 'Yuka Iguchi', 'Mamiko Noto', 'Miyuki Sawashiro', 'Rie Kugimiya', 'Toru Okawa', 'Kazuyuki Okitsu', 'Junichi Suwabe', 'Lynn', 'Yui Horie', 'Nanako Mori', 'Ryota Takeuchi']",Japan,"December 6, 2019",2017,TV-MA,106 min,"['action', 'adventure', 'anime', 'international']","In ancient Disboard, a young warrior befriends an ex machina and embarks on a harrowing mission to stop a global war and save humanity from extinction."
s4087,Movie,Paddleton,Alex Lehmann,"['Mark Duplass', 'Ray Romano']",United States,"February 22, 2019",2019,TV-MA,89 min,"['comedy', 'drama', 'independent']","After he's diagnosed with terminal cancer, middle-aged Michael asks his neighbor friend Andy to help him end his life before the disease does."
s3567,Movie,Saavat,Saurabh Sinha,"['Smita Tambe', 'Milind Shirole', 'Shwetambari Ghute', 'Shitanshu Kumar Sharad', 'Nishikant Rawji', 'Sanjivani Khanvilkar']",India,"August 23, 2019",2019,TV-14,118 min,"['drama', 'independent', 'international']","In rural India, a detective's investigation of seven confounding suicides uncovers revelations about the myths and mindsets of the rest of the village."
s2393,Movie,Axone,Nicholas Kharkongor,"['Sayani Gupta', 'Lin Laishram', 'Tenzing Dalha', 'Dolly Ahluwalia', 'Vinay Pathak', 'Lanuakam Ao', 'Rohan Joshi', 'Adil Hussain', 'Asenla Jamir']",India,"June 12, 2020",2020,TV-MA,101 min,"['comedy', 'drama', 'independent']","In Delhi, friends from Northeast India prepare a pungent delicacy for a wedding party, sparking conflict and comedy with their unaccustomed neighbors."
s665,TV Show,Cleo & Cuquin,Fernando Moro,,Spain,"June 19, 2021",2020,TV-Y,2 Seasons,['family'],Spirited sister-brother duo Cleo and Cuquín try on different professions each day to help their other siblings solve problems and enjoy new adventures.
s7731,Movie,Personal Shopper,Olivier Assayas,"['Kristen Stewart', 'Lars Eidinger', 'Sigrid Bouaziz', 'Anders Danielsen Lie', 'Ty Olwin', 'Hammou Graïa', 'Nora von Waldstätten', 'Benjamin Biolay', 'Audrey Bonnet', 'Pascal Rambert']","France, Germany, Czech Republic, Belgium","February 1, 2019",2016,R,105 min,"['drama', 'international', 'thriller']","A psychic medium takes a job as personal shopper for a spoiled celebrity in order to contact the spirit of her brother, who owned her employer's home."
s7114,Movie,Jackie Brown,Quentin Tarantino,"['Pam Grier', 'Samuel L. Jackson', 'Robert Forster', 'Bridget Fonda', 'Michael Keaton', 'Robert De Niro', 'Michael Bowen', 'Chris Tucker', 'LisaGay Hamilton', ""Tommy 'Tiny' Lister"", 'Hattie Winston', 'Sid Haig']",United States,"August 1, 2019",1997,R,154 min,"['drama', 'thriller']","When an aging flight attendant's caught smuggling cash and forced to help with an investigation, she hatches a clever plan to make off with the dough."
s8203,Movie,The Bad Kids,"Keith Fulton, Louis Pepe",,United States,"April 1, 2017",2016,TV-MA,101 min,['documentary'],"In this documentary, teachers at a Mojave Desert high school adhere to a belief that compassion and life skills can profoundly help at-risk students."
s4434,Movie,Do Dooni Chaar,Habib Faisal,"['Rishi Kapoor', 'Neetu Singh', 'Aditi Vasudev', 'Archit Krishna', 'Akhilendra Mishra', 'Natasha Rastogi', 'Manoj Bakshi', 'Supriya Shukla']",India,"November 1, 2018",2010,TV-PG,106 min,"['comedy', 'international']","A struggling math teacher holds down a second job to keep his family afloat. But when he receives a wedding invitation, he's determined to attend."
s7416,Movie,Marvel's Iron Man & Hulk: Heroes United,"Leo Riley, Eric Radomski","['Adrian Pasdar', 'Fred Tatasciore', 'Dee Bradley Baker', 'Robin Atkin Downes', 'David Kaye']",United States,"February 16, 2014",2013,PG,72 min,"['action', 'adventure', 'sci-fi', 'fantasy']","When scientists join Hulk's gamma energy with Tony Stark's Arc Reactor, the resulting force creates a foe that only the two Marvel heroes can combat."
s4452,Movie,Mumbai Meri Jaan,Nishikant Kamat,"['Madhavan', 'Irrfan Khan', 'Soha Ali Khan', 'Paresh Rawal', 'Kay Kay Menon', 'Anand Goradia', 'Vijay Maurya', 'Vibhavari Deshpande', 'Santosh Juvekar', 'Kamlesh Sawant']",India,"November 1, 2018",2008,TV-MA,135 min,"['drama', 'international']","A moving portrayal of the 2006 train bombings in Mumbai, this Indian drama follows the interconnected stories of several strangers."
s4395,Movie,Odu Raja Odu,"Nishanth Ravindaran, Jathin Sanker Raj","['Guru Somasundaram', 'Nasser', 'Anand Sami', 'Lakshmi Priyaa Chandramouli', 'Ashiqa Salvan', 'Ravindra Vijay', 'Abishek K.S.', 'Venkatesh Harinathan']",India,"November 15, 2018",2018,TV-14,121 min,"['comedy', 'independent', 'international']","While trying to buy his wife a set-top box, a struggling writer and his pal get entangled in the domino effect of a spectacularly botched drug deal."
s2002,Movie,Raising Victor Vargas,Peter Sollett,"['Victor Rasuk', 'Judy Marte', 'Melonie Diaz', 'Altagracia Guzman', 'Silvestre Rasuk', 'Krystal Rodriguez', 'Kevin Rivera', 'Wilfree Vasquez', 'Donna Maldonado']","France, United States","September 15, 2020",2002,R,88 min,"['drama', 'independent', 'romance']",A suave teen sets his sights on a girl who seems beyond his reach. But his game can't be confined to his tiny apartment and family's old-school values.
s6231,Movie,Bangkok Traffic (Love) Story,Adisorn Tresirikasem,"['Theeradej Wongpuapan', 'Sirin Horwang', 'Ungsumalynn Sirapatsakmetha', 'Panissara Phimpru', 'Taksaorn Paksukcharern', 'Charlie Trairat', 'Kazuki Yano']",Thailand,"September 5, 2018",2009,TV-14,126 min,"['comedy', 'international', 'romance']","After an encounter with an engineer working the night shift for the city train, a 30-year-old woman struggles against all odds to pursue true love."
s5121,TV Show,Cheuk Wan-Chi: Two Night Stand,,['Cheuk Wan Chi'],,"December 15, 2017",2015,TV-MA,1 Season,"['international', 'comedy', 'talkshow', 'comedy']",Writer and stand-up comedian Cheuk Wan-chi cracks wise at the follies of single womanhood and takes on politics in Hong Kong with nuance and flair.
s2388,Movie,4th Republic,Ishaya Bako,"['Kate Henshaw-Nuttal', 'Enyinna Nwigwe', 'Linda Ejiofor', 'Yakubu Mohammed', 'Bimbo Manuel', 'Sani Mu’azu', 'Emil Hirai-Garuba', 'Rekiya Ibrahim Atta']",Nigeria,"June 13, 2020",2019,TV-MA,120 min,"['drama', 'international', 'thriller']","After the election-night murder of her campaign manager at a polling site, a gubernatorial candidate challenges the corrupt incumbent's victory."
s1442,Movie,Hello Brother,Sohail Khan,"['Salman Khan', 'Arbaaz Khan', 'Rani Mukerji', 'Johny Lever', 'Neeraj Vora', 'Shakti Kapoor', 'Razak Khan', 'Sulabha Arya']",India,"January 4, 2021",1999,TV-14,126 min,"['action', 'adventure', 'comedy', 'international']","After receiving a heart transplant from a murdered man, a cop is followed around by the victim’s ghost, who won’t rest until his death has been avenged."
s6214,TV Show,Bad Education,,"['Jack Whitehall', 'Mathew Horne', 'Sarah Solemani', 'Michelle Gomez', 'Nikki Runeckles', 'Kae Alexander', 'Layton Williams', 'Ethan Lawrence', 'Charlie Wernham', 'Jack Binstead', 'Jack Bence', 'Harry Enfield']",United Kingdom," December 15, 2018",2014,TV-MA,3 Seasons,"['british', 'comedy']","A history teacher at the posh Abbey Grove, Alfie Wickers is something truly special: He's his school's, if not England's, single worst educator."
s2852,Movie,Uncovered,Zuko Nodada,"['Nqobile Khumalo', 'Robert Hobbs', ""S'Thandiwe Kgoroge"", 'Dumisani Mbebe', 'Thandeka Nodada', 'Fezile Makhanya']",South Africa,"March 3, 2020",2019,TV-MA,98 min,"['drama', 'international']","To solve her sister's murder, a corporate protégé assumes her sibling's investigation into a mining conspiracy that could implicate her own boss."
s3543,Movie,Olmo & the Seagull,"Petra Costa, Lea Glob","['Olivia Corsini', 'Sergio Nicolai', 'Arman Saribekyan', 'Sylvain Jailloux', 'Francis Ressort', 'Pancho Garcia Aguirre', 'Shaghayegh Beheshti', 'Elena Bellei', 'Sébastien Brottet-Michel', 'Célia Catalifo']","Denmark, Brazil, France, Portugal, Sweden","September 1, 2019",2014,TV-MA,82 min,"['drama', 'independent', 'international']",A pregnancy forces an actress out of her latest play and into a difficult confrontation with her own rapidly transforming reflection.
s4477,TV Show,Terrorism Close Calls,,,"United States, Czech Republic","October 26, 2018",2018,TV-MA,1 Season,"['crime', 'documentary', 'international']",Law enforcement officials look back on attempted terrorist attacks that were thwarted in the nick of time.
s8662,Movie,Unfinished Song,Paul Andrew Williams,"['Terence Stamp', 'Gemma Arterton', 'Christopher Eccleston', 'Vanessa Redgrave', 'Anne Reid', 'Elizabeth Counsell', 'Ram John Holder', 'Bill Thomas', 'Orla Hill']","United Kingdom, Germany","July 22, 2019",2012,PG-13,94 min,"['comedy', 'drama', 'independent']","With his wife terminally ill, Arthur's future seems grim. But he learns to find joy in life again when he joins an unconventional church choir."
s4369,TV Show,Mystery Science Theater 3000: The Return,,"['Felicia Day', 'Patton Oswalt', 'Jonah Ray', 'Baron Vaughn', 'Hampton Yount']",United States,"November 22, 2018",2018,TV-14,2 Seasons,"['comedy', 'sci-fi', 'fantasy']","The cult hit returns! Captured by mad scientists, new host Jonah survives a blitz of cheesy B movies by riffing on them with his funny robot pals."
s3233,TV Show,Zona Rosa,,"['Manu NNa', 'Ana Julia Yeyé', 'Ray Contreras', 'Pablo Morán']",Mexico,"November 26, 2019",2019,TV-MA,1 Season,"['international', 'spanish', 'language', 'comedy', 'talkshow']",An assortment of talent takes the stage for a night of honest stand-up featuring four of Mexico's funniest LGBTQ comedians.
s6849,Movie,Ghost Tears,Kazuchika Kise,"['Maaya Sakamoto', 'Ikkyu Juku', 'Kenichirou Matsuda', 'Tarusuke Shingaki', 'Shunsuke Sakuya', 'Takuro Nakakuni', 'Yoji Ueda', 'Kazuya Nakai', 'Miyuki Sawashiro', 'Tatsuhisa Suzuki']",Japan,"February 24, 2019",2014,TV-MA,58 min,"['action', 'adventure', 'anime', 'international']","As Motoko and Batou attempt to thwart a mysterious terrorist group, Togusa tracks the killer of a man with a prosthetic leg made by Mermaid's Leg."
s3283,TV Show,The Toys That Made Us,,,United States,"November 15, 2019",2019,TV-14,3 Seasons,"['documentary', 'reality']",The minds behind history's most iconic toy franchises discuss the rise – and sometimes fall – of their billion-dollar creations.
s1541,Movie,Nocturnal Animals,Tom Ford,"['Amy Adams', 'Jake Gyllenhaal', 'Michael Shannon', 'Aaron Taylor-Johnson', 'Isla Fisher', 'Ellie Bamber', 'Armie Hammer', 'Karl Glusman', 'Laura Linney', 'Michael Sheen', 'Andrea Riseborough']",United States,"December 16, 2020",2016,R,117 min,"['drama', 'thriller']","Reading her ex-husband's violent novel manuscript destabilizes gallery owner Susan's life, upending her present while digging up their past."
s1991,TV Show,Challenger,,,United States,"September 16, 2020",2020,TV-14,1 Season,"['documentary', 'science', 'nature']","Engineers, officials and the crew members' families provide their perspective on the 1986 Space Shuttle Challenger disaster and its aftermath."
s7351,Movie,Love Shot,Steven Fine,"['Dakota Loesch', 'Amy Tsang', 'John Kapelos', 'Cruz Kim', 'Victor J. Ho', 'Clint Jung', 'Daniel Phai', 'Cindy Chu', 'Brian Kurtis', 'Pete Herron']",United States,"July 15, 2019",2018,TV-MA,77 min,"['drama', 'thriller']",A charming hitman questions his profession after learning his next target is the karaoke singer he’s falling in love with.
s2378,Movie,The Nut Job,Peter Lepeniotis,"['Will Arnett', 'Brendan Fraser', 'Gabriel Iglesias', 'Jeff Dunham', 'Liam Neeson', 'Katherine Heigl', 'Stephen Lang', 'Maya Rudolph', 'Sarah Gadon', 'James Rankin']","Canada, South Korea, United States","June 18, 2020",2014,PG,85 min,"['family', 'comedy']","When his grouchy attitude gets him kicked out of the park, Surly the squirrel hatches a plan to rob Maury's Nut Shop to stock up for winter."
s8125,Movie,Super Nani,Indra Kumar,"['Rekha', 'Randhir Kapoor', 'Sharman Joshi', 'Anupam Kher', 'Shweta Kumar', 'Varsha Usgaonkar', 'Rajesh Kumar', 'Shreya Narayan']",India,"March 1, 2018",2014,TV-PG,127 min,"['comedy', 'drama', 'international']","A loving, concerned American grandson travels to Mumbai to rescue his unappreciated grandmother from her drudgery and fulfill her true potential."
s7682,Movie,OtherLife,Ben C. Lucas,"['Jessica De Gouw', 'T.J. Power', 'Thomas Cocquerel', 'Liam Graham', 'Clarence John Ryan', 'Maggie Meyer', 'Tiriel Mora', 'Priscilla-Anne Forder', 'Adriane Daff', 'Ian Toyne']","Australia, United Arab Emirates","October 15, 2017",2017,TV-MA,96 min,"['drama', 'independent', 'international']","After inventing a drug that induces time-compressed virtual realities, young Ren grapples with partner Sam over how to use their powerful creation."
s2337,Movie,Thackeray (Hindi),Abhijit Panse,"['Nawazuddin Siddiqui', 'Amrita Rao', 'Rajeev Panday', 'Sanjay Narvekar', 'Rajesh Khera', 'Prakash Belawadi', 'Avantika Akerkar']",India,"June 26, 2020",2019,TV-14,135 min,"['drama', 'international']","From controversial cartoonist to powerful Mumbai politician, this biopic maps the meteoric rise of far-right Shiv Sena party founder, Bal Thackeray."
s5091,TV Show,Episodes,,"['Matt LeBlanc', 'Tamsin Greig', 'Stephen Mangan', 'Kathleen Rose Perkins', 'John Pankow', 'Mircea Monroe']","United Kingdom, United States","January 6, 2018",2017,TV-MA,5 Seasons,"['classic', 'cult', 'comedy']","Hoping to create an American version of their hit British sitcom, two screenwriters run into cultural obstacles, starting with the lead character."
s576,Movie,Life as We Know It,Greg Berlanti,"['Katherine Heigl', 'Josh Duhamel', 'Josh Lucas', 'Alexis Clagett', 'Brynn Clagett', 'Brooke Clagett', 'Hayes MacArthur', 'Christina Hendricks', 'Sarah Burns', 'Jessica St. Clair']",United States,"July 1, 2021",2010,PG-13,115 min,"['comedy', 'drama', 'romance']","Holly and Eric discover reciprocal hatred during their first date, but must put their feelings aside after becoming guardians of their friends' baby."
s3383,TV Show,Daybreak,,"['Colin Ford', 'Alyvia Alyn Lind', 'Sophie Simnett', 'Austin Crute', 'Cody Kearsley', 'Jeanté Godlock', 'Gregory Kasyan', 'Krysta Rodriguez', 'Matthew Broderick']",United States,"October 24, 2019",2019,TV-MA,1 Season,"['action', 'adventure', 'comedy', 'horror']","Living his best life in post-apocalyptic LA, a slacker strives to find the girl of his dreams while outwitting mindless ghouls and cliquish gangs."
s7206,Movie,Kills on Wheels,Attila Till,"['Szabolcs Thuróczy', 'Zoltán Fenyvesi', 'Adám Fekete', 'Dusan Vitanovic', 'Mónika Balsai', 'Lidia Danis', 'Zoltán Mucsi']",Hungary,"March 15, 2018",2016,TV-MA,103 min,"['action', 'adventure', 'drama', 'international']","Two young men with disabilities befriend a hitman in a wheelchair and become his helpers, only to wind up in the crosshairs of a Serbian mobster."
s6194,Movie,ATM,Mez Tharatorn,"['Chantavit Dhanasevi', 'Preechaya Pongthananikorn', 'Chaleumpol Tikumpornteerawong', 'Thawat Pornrattanaprasert', 'Sananthachat Thanapatpisal', 'Pongkool Suebsung', 'Puttachat Pongsuchat', 'Gornpop Janjaroen', 'Yanee Tramoth', 'Pongsatorn Jongwilak']","United States, Canada","September 5, 2018",2012,TV-14,122 min,"['comedy', 'international', 'romance']","When a broken ATM dishes out a fortune, a couple who works at the bank vies to see who can recover the most cash – and the loser must find a new job."
s4342,Movie,Helios,"Leung Lok Man, Luk Kim-ching","['Jacky Cheung', 'Nick Cheung', 'Chang Chen', 'Shawn Yue', 'Wang Xueqi', 'Janice Man', 'Ji Jin-hee', 'Choi Si-won']","Hong Kong, China, United States","December 1, 2018",2015,TV-14,118 min,"['action', 'adventure', 'international']","When master criminal Helios steals a mobile WMD, rival agents from Hong Kong, South Korea and China must join forces to recover the device."
s3939,TV Show,Our Planet,,['David Attenborough'],"United States, United Kingdom","April 5, 2019",2019,TV-PG,1 Season,"['documentary', 'science', 'nature']",Experience our planet's natural beauty and examine how climate change impacts all living creatures in this ambitious documentary of spectacular scope.
s931,Movie,Due Date,Todd Phillips,"['Robert Downey Jr.', 'Zach Galifianakis', 'Michelle Monaghan', 'Jamie Foxx', 'Juliette Lewis', 'Danny McBride', 'RZA', 'Matt Walsh']",United States,"May 1, 2021",2010,R,95 min,"['action', 'adventure', 'comedy']","Days before his pregnant wife's due date, Peter lands on the ""no-fly"" list, forcing him to drive across the country with an irritating slacker."
s6893,Movie,Grass,Tanuj Chopra,"['Emily Chang', 'Pia Shah', 'Anthony Ma']",United States,"February 14, 2019",2017,TV-MA,57 min,"['comedy', 'independent']",Good girl Cam recruits her pot-loving bestie Jinky to help deliver a backpack full of weed for her drug-dealing fiancé.
s8754,Movie,Withdrawn,Adrian Murray,"['Aaron Keogh', 'Molly Reisman', 'Dean Tardioli', 'Greg Wasylyszn', 'Adrian Murray', 'Kelly Paoli', 'Earl Oliveros', 'Hallie Burt']",Canada,"May 1, 2018",2017,TV-MA,74 min,"['drama', 'independent']","Unable to pay bills and unwilling to change his slacker lifestyle, twentysomething Aaron hatches a defrauding scheme when he finds a lost credit card."
s6010,Movie,3 Heroines,Iman Brotoseno,"['Reza Rahadian', 'Bunga Citra Lestari', 'Tara Basro', 'Chelsea Islan']",Indonesia,"January 5, 2019",2016,TV-PG,124 min,"['drama', 'international', 'sport']",Three Indonesian women break records by becoming the first of their nation to medal in archery at the Seoul Olympics in the summer of 1988.
s1614,Movie,Effie Gray,Richard Laxton,"['Dakota Fanning', 'Emma Thompson', 'Julie Walters', 'David Suchet', 'Derek Jacobi', 'James Fox', 'Robbie Coltrane', 'Claudia Cardinale', 'Greg Wise', 'Tom Sturridge']",United Kingdom,"December 1, 2020",2014,PG-13,109 min,"['drama', 'international', 'romance']","Trapped in a loveless marriage, the young wife of Victorian-era art critic John Ruskin finds herself falling for an artist — and looking for a way out."
s3564,Movie,Kaake Da Viyah,Rai Yuvraj Bains,"['Priti Sapru', 'Nirmal Rishi', 'Jordan Sandhu', 'Prabh Grewal', 'Karamjit Anmol', 'Harby Sangha', 'Gurmeet Sajan', 'Prince Kanwaljit Singh']",India,"August 23, 2019",2019,TV-PG,133 min,"['comedy', 'drama', 'international']","In this zany comedy, a man is torn between the girl he loves and the respective women his warring mother and grandmother have chosen for him to marry."
s8404,Movie,The Look of Silence,Joshua Oppenheimer,,"Denmark, Indonesia, Finland, Norway, United Kingdom, Israel, France, United States, Germany, Netherlands","February 26, 2016",2014,PG-13,103 min,"['documentary', 'international']","In a society terrorized into silence, the brother of a 1960s Indonesian genocide victim learns the identity of his murderers and confronts them."
s598,Movie,Talladega Nights: The Ballad of Ricky Bobby,Adam McKay,"['Will Ferrell', 'John C. Reilly', 'Sacha Baron Cohen', 'Gary Cole', 'Michael Clarke Duncan', 'Leslie Bibb', 'Jane Lynch', 'Amy Adams', 'Andy Richter', 'Molly Shannon']",United States,"July 1, 2021",2006,PG-13,108 min,"['action', 'adventure', 'comedy', 'sport']","NASCAR superstar Ricky Bobby believes he's the best there is, until the arrival of a French Formula One champion threatens his position as top dog."
s3618,Movie,Theo Von: No Offense,John Asher,['Theo Von'],United States,"August 7, 2019",2016,TV-MA,67 min,['comedy'],"Southern charmer Theo Von offers up a twisted take on his dating mishaps, meeting Brad Pitt, chasing down fugitive chimpanzees and more."
s198,TV Show,I Heart Arlo,,"['Michael J. Woodard', 'Mary Lambert', 'Jonathan Van Ness', 'Haley Tju', 'Brett Gelman', 'Tony Hale', 'Vincent Rodriguez III', 'Annie Potts', 'Jessica Williams', 'Melissa Villaseñor', 'Cathy Vu', 'Jennifer Coolidge', 'Flea']",,"August 27, 2021",2021,TV-Y7,1 Season,"['family', 'comedy']",It's a whole new world for Arlo and his one-of-a kind pals when they set out to restore a run-down New York City neighborhood — and make it their own.
s3862,TV Show,Cupcake & Dino - General Services,,"['Justin Collette', 'Mark Little', 'Kyle Dooley', 'Mark Forward', 'Joris Jarksy', 'Julie Lemieux', 'Kayla Lorette', 'Julie Sype']","Canada, Brazil","May 3, 2019",2019,TV-Y7,2 Seasons,"['family', 'comedy']",An enterprising cupcake and his cheerful dinosaur brother take on jobs of all sorts as they work to help friends and strangers in their eccentric city.
s5858,Movie,Kung Fu Panda: Secrets of the Scroll,Rodolphe Guenoden,"['Jack Black', 'Dustin Hoffman', 'Seth Rogen', 'David Cross', 'Lucy Liu', 'Tara Macri', 'James Hong', 'Randall Duk Kim']",United States,"March 25, 2016",2016,TV-PG,23 min,"['family', 'comedy']","When a twist of fate brings five unlikely animals together, they find that combining their unique kung fu styles as a team makes the perfect weapon!"
s8483,TV Show,The Returned,,"['Anne Cosigny', 'Frédéric Pierrot', 'Clotilde Hesme', 'Céline Sallette', 'Samir Guesmi', 'Guillaume Gouix', 'Jean-Francois Sivadier', 'Alix Poisson', 'Jenna Thiam', 'Grégory Gadebois', 'Pierre Perrier', 'Yara Pilartz', 'Swann Nambotin', 'Ana Girardot', 'Brune Martin', 'Bertrand Constant', 'Matila Malliarakis', 'Constance Dollé', 'Laetitia de Fombelle', 'Simon Ehrlacher', 'Vincent Trouilleux', 'Jérôme Kircher', 'Guillaume Marquet', 'Alma Arnal', 'Julien Bourdel', 'François Briault', 'Gilles Chabrier', 'Aksel Ustun', 'Alain Blazquez']",France,"February 17, 2019",2015,TV-MA,1 Season,"['international', 'drama', 'horror']","On returning home and finding they're believed to be dead, a collection of near-strangers from the same village try to find a reason for their plight."
s8004,Movie,Sherlock Holmes,Guy Ritchie,"['Robert Downey Jr.', 'Jude Law', 'Rachel McAdams', 'Mark Strong', 'Eddie Marsan', 'Robert Maillet', 'Geraldine James', 'Kelly Reilly', 'William Houston', 'James Fox', 'Hans Matheson']","United States, Germany, United Kingdom, Australia","January 1, 2021",2009,PG-13,128 min,"['action', 'adventure', 'comedy']",The game is afoot for an eccentric detective who must use his brains and brawn to track down a nefarious nemesis with the help of his partner.
s6205,Movie,Babam ve Oğlum,Çagan Irmak,"['Çetin Tekindor', 'Fikret Kuşkan', 'Hümeyra', 'Ege Tanman', 'Şerif Sezer', 'Yetkin Dikinciler', 'Binnur Kaya', 'Mahmut Gökgöz', 'Nergis Çorakçi', 'Bilge Sen']",Turkey,"April 30, 2018",2005,TV-14,112 min,"['drama', 'international']","Following Turkey's bloody coup of 1980, a widowed reporter returns to his Aegean hometown, bringing his son and a last wish for his estranged father."
s5994,Movie,17 Again,Burr Steers,"['Zac Efron', 'Leslie Mann', 'Matthew Perry', 'Thomas Lennon', 'Michelle Trachtenberg', 'Melora Hardin', 'Sterling Knight', 'Hunter Parrish', 'Nicole Sullivan', 'Allison Miller']",United States,"January 1, 2021",2009,PG-13,102 min,['comedy'],"Nearing a midlife crisis, thirty-something Mike wishes for a ""do-over"" – and that's exactly what he gets when he wakes up to find he's 17 again."
s4724,Movie,Fiza,Khalid Mohamed,"['Karisma Kapoor', 'Jaya Bhaduri', 'Hrithik Roshan', 'Neha', 'Asha Sachdev', 'Bikram Saluja', 'Isha Koppikar', 'Johny Lever', 'Sushmita Sen', 'Manoj Bajpayee']",India,"August 2, 2018",2000,TV-14,163 min,"['drama', 'international', 'music']","Fiza's brother disappears during Mumbai's horrifying 1993 riots. Each day, Fiza and her widowed mother hope that he will return."
s7128,Movie,Jesus: Countdown to Calvary,Gerry Hoban,['Hugh Bonneville'],"Ireland, United States, France","April 1, 2019",2018,TV-14,53 min,"['documentary', 'faith']",Host Hugh Bonneville traces Jesus' last days to learn how the execution of an itinerant Jewish preacher had an immense impact on society.
s92,Movie,The Women and the Murderer,"Mona Achache, Patricia Tourancheau",,France,"September 9, 2021",2021,TV-14,92 min,"['documentary', 'international']",This documentary traces the capture of serial killer Guy Georges through the tireless work of two women: a police chief and a victim's mother.
s7766,TV Show,Power Rangers Jungle Fury,,"['Jason Smith', 'Aljin Abella', 'Anna Hutchison', 'David de Lautour', 'Nikolai Nikolaeff', 'Sarah Thomson', 'Bede Skinner', 'Holly Shanahan', 'Kelson Henderson', 'Richard Simpson', 'Cameron Rhodes', 'Elisabeth Easther', 'Mark Wright', 'Derek Judge']",United States,"January 1, 2016",2008,TV-Y7,1 Season,['family'],The Power Rangers travel to California in search of their new master and find him running a pizza parlor – so they join the staff to be trained.
s3728,TV Show,The Confession Tapes,,,United States,"June 21, 2019",2019,TV-MA,2 Seasons,"['crime', 'documentary']","This true crime documentary series investigates cases where people convicted of murder claim their confessions were coerced, involuntary or false."
s2249,Movie,The Claudia Kishi Club,Sue Ding,,United States,"July 10, 2020",2020,TV-14,17 min,['documentary'],"Asian American creatives pay passionate tribute to the iconic, stereotype-busting ""Baby-Sitters Club"" character in this heartfelt documentary short."
s3764,Movie,Elisa & Marcela,Isabel Coixet,"['Natalia de Molina', 'Greta Fernández', 'Sara Casasnovas', 'Tamar Novas', 'Kelly Lua', 'Manuel Lourenzo', 'Jorge Suquet', 'Ana Santos', 'Mariana Carballal', 'Roberto Leal', 'Luisa Merelas', 'Amparo Moreno', 'Lluís Homar', 'Manolo Solo', 'María Pujalte', 'Francesc Orella']",Spain,"June 7, 2019",2019,TV-MA,119 min,"['drama', 'international', 'lgbtq']","In 1901 Spain, Elisa Sánchez Loriga adopts a male identity in order to marry the woman she loves, Marcela Gracia Ibeas. Based on true events."
s5552,Movie,The Tenth Man,Daniel Burman,"['Alan Sabbagh', 'Julieta Zylberberg', 'Usher Barilka', 'Elvira Onetto', 'Adrián Stoppelman', 'Dan Breitman', 'Elisa Carricajo']",Argentina,"April 1, 2017",2016,TV-MA,81 min,"['drama', 'international']","After spending much of his adult life in New York, an affable economist returns home to Buenos Aires and tries to reconnect with his aloof father."
s5379,Movie,D.L. Hughley: Clear,Jay Chapman,['D.L. Hughley'],United States,"July 13, 2017",2014,TV-MA,59 min,['comedy'],"In this 2014 standup special filmed in San Francisco, comedic genius D.L. Hughley entertains with his hilarious take on current affairs and more."
s2556,Movie,Aerials,S.A. Zaidi,"['Saga Alyasery', 'Ana Druzhynina', 'Mansour Al Felei', 'Mohammad Abu Diak', 'Pascale Matar', 'Luke Coutts', 'Abeer Mohammed']",United Arab Emirates,"May 7, 2020",2016,TV-14,90 min,"['international', 'sci-fi', 'fantasy']",Dubai residents struggle to figure out why a fleet of alien spaceships are hovering over their city when all contact with the outside world is cut off.
s224,TV Show,John of God: The Crimes of a Spiritual Healer,"Mauricio Dias, Tatiana Villela",,,"August 25, 2021",2021,TV-MA,1 Season,"['crime', 'documentary', 'international']","Idolized medium João Teixeira de Faria rises to international fame before horrifying abuse is revealed by survivors, prosecutors and the press."
s7681,Movie,Oru Vishsheshapetta Biryani Kissa,Kiran Narayanan,"['Nedumudi Venu', 'V.K. Sriraman', 'Lena', 'Sunil Sukhada', 'Mammukoya', 'Joju George', 'Bhagath Baby Manuel', 'Sasi Kalinga']",India,"August 1, 2018",2017,TV-14,122 min,"['comedy', 'drama', 'international']","When the village's biryani cook unexpectedly passes, a widow steps up to the plate and takes on new delectable challenges."
s7980,Movie,Secrets of Westminster,Louise Wardle,['Samuel West'],"United States, United Kingdom","April 22, 2017",2014,TV-PG,55 min,"['documentary', 'international']","Take an insider's tour of Parliament, Big Ben and Westminster Abbey to discover the little-known history and pageantry of these famous buildings."
s6011,Movie,3 Seconds Divorce,Shazia Javed,,Canada,"June 15, 2019",2018,TV-PG,53 min,"['documentary', 'faith']","A Muslim women's activist group in India protests against oral divorces, starting a movement to reclaim their religious and constitutional rights."
s8292,Movie,The Exception,David Leveaux,"['Lily James', 'Jai Courtney', 'Christopher Plummer', 'Janet McTeer', 'Ben Daniels', 'Eddie Marsan', 'Anton Lesser', 'Mark Dexter', 'Kris Cuppens']","United Kingdom, United States","July 26, 2019",2016,R,107 min,"['drama', 'romance']","During World War II, a Nazi officer charged with protecting an exiled Kaiser Wilhelm II from spies begins a steamy affair with a secretive Dutch maid."
s4836,Movie,Franco Escamilla: Por la anécdota,Ulises Valencia,['Franco Escamilla'],Mexico,"June 8, 2018",2018,TV-MA,66 min,['comedy'],Mexican stand-up comedian Franco Escamilla draws his jokes from real-life experiences – and he's willing to do anything for new material.
s4642,Movie,The Angel,Ariel Vromen,"['Marwan Kenzari', 'Hannah Ware', 'Toby Kebbell', 'Waleed Zuaiter', 'Maisa Abd Elhadi', 'Sasson Gabai', 'Mickey Leon', 'Ori Pfeffer', 'Slimane Dazi']","Israel, United States","September 14, 2018",2018,TV-MA,114 min,"['drama', 'international', 'thriller']","As his country prepares for war, top Egyptian official Ashraf Marwan makes contact with Israel and wades into a shadowy game of high-stakes espionage."
s1059,TV Show,Fate: The Winx Saga,,"['Abigail Cowen', 'Hannah Van Der Westhuysen', 'Precious Mustapha', 'Eliot Salt', 'Elisha Applebaum', 'Danny Griffin', 'Sadie Soverall', 'Freddie Thorp', 'Rob James-Collier', 'Eve Best', 'Lesley Sharp']","Italy, United Kingdom","April 14, 2021",2021,TV-MA,1 Season,"['british', 'international', 'drama']","Determined to master their enchanting powers, a group of teens navigate rivalry, romance and supernatural studies at Alfea, a magical boarding school."
s4512,TV Show,Edgar Rice Burroughs' Tarzan and Jane,,"['Marci T. House', 'Michael Dobson', 'Omari Newton', 'Paul Dobson', 'Rebecca Shoichet', 'Giles Panton', 'Kathleen Barr', 'Doron Bell']",,"October 12, 2018",2018,TV-Y7,2 Seasons,"['crime', 'family']","Saved from a plane crash and given supernatural powers, teen Tarzan joins forces with brave city girl Jane to protect his jungle home from threats."
s2964,Movie,Misfit 2,Erwin van den Eshof,"['Djamila', 'Niek Roozen', 'Bente Fokkens', 'Jolijn Henneman', 'Fenna Ramos', 'Jill Schirnhofer', 'Donny Roelvink', 'Défano Holwijn']",Netherlands,"February 1, 2020",2019,TV-G,82 min,"['family', 'comedy', 'international']","When her boyfriend abruptly transfers schools, a gifted musician must pair up with an archrival to battle him in a student music competition."
s813,Movie,Swordfish,Dominic Sena,"['John Travolta', 'Hugh Jackman', 'Halle Berry', 'Don Cheadle', 'Sam Shepard', 'Vinnie Jones', 'Drea de Matteo', 'Rudolf Martin', 'Zach Grenier', 'Camryn Grimes']",United States,"June 2, 2021",2001,R,99 min,"['action', 'adventure']","A gifted hacker with a criminal past is recruited by a group of shadowy, seductive figures for an elaborate scheme where nothing is quite as it seems."
s8113,Movie,Suburra,Stefano Sollima,"['Pierfrancesco Favino', 'Elio Germano', 'Claudio Amendola', 'Alessandro Borghi', 'Greta Scarano', 'Giulia Gorietti', 'Jean-Hugues Anglade', 'Antonello Fassari', 'Lidia Vitale']","Italy, France","October 14, 2015",2015,NR,135 min,"['drama', 'international', 'thriller']",A grueling battle over turning a seaside town near Rome into a gambling paradise exposes criminal rivalries and endemic corruption on a grand scale.
s7599,Movie,Not Alone,"Kiki Goshay, Jacqueline Monetta",,United States,"January 1, 2018",2017,TV-14,50 min,['documentary'],An 18-year-old struggling to understand her best friend's suicide talks to teenagers who have grappled with mental illness and suicidal thoughts.
s5185,TV Show,Akulah Balqis,Pali Yahya,"['Puteri Balqis', 'Aeril Zafrel', 'Nabila Huda', 'Nazim Othman', 'Nadia Brian', 'Bella Dally']",,"November 3, 2017",2015,TV-14,1 Season,"['international', 'drama']","A little girl must enter an orphanage after her parents are arrested, but her life takes a dramatic turn when she escapes and meets a model."
s8363,Movie,The Informant!,Steven Soderbergh,"['Matt Damon', 'Scott Bakula', 'Joel McHale', 'Melanie Lynskey', 'Thomas F. Wilson', 'Patton Oswalt', 'Tony Hale', 'Eddie Jemison', 'Paul F. Tompkins', 'Tom Papa']",United States,"August 1, 2018",2009,R,108 min,"['comedy', 'drama']","While gathering evidence against his employer to help the FBI build a price-fixing case, Mark Whitacre begins to piece together a fantasy world."
s6992,Movie,Honey: Rise Up and Dance,Bille Woodruff,"['Teyana Taylor', 'Sierra Aylina McClain', 'Bryshere Gray']",United States,"April 3, 2018",2018,PG-13,100 min,['drama'],"Despite discouragement from her loved ones, a talented street dancer tries out for an exclusive dance crew in a bid to win a college scholarship."
s7461,Movie,Miracle,Gavin O'Connor,"['Kurt Russell', 'Patricia Clarkson', 'Noah Emmerich', 'Sean McCann', 'Kenneth Welsh', 'Eddie Cahill', ""Patrick O'Brien Demsey"", 'Michael Mantenuto', 'Nathan West', 'Kenneth Mitchell', 'Sam Skoryna', 'Billy Schneider', 'Michael Kopsa', 'Beverley Breuer', 'Lisa Marie Caruk', 'Ryan Walter', 'Nate Miller', 'Joseph Cure', 'Scott Johnson', 'Eric Peter-Kaiser', 'Bobby Hanson']","Canada, United States","June 1, 2018",2004,PG,136 min,"['family', 'drama', 'sport']",U.S. hockey coach Herb Brooks unites a motley crew of college athletes and turns them into a force to be reckoned with at the 1980 Winter Olympics.
s4088,Movie,Paris Is Us,Elisabeth Vogler,"['Noémie Schmidt', 'Grégoire Isvarine', 'Marie Mottet', 'Lou Castel', 'Mathias Minne', 'Margaux Bonin', 'Julia Kouakou', 'Alexandre Schreiber', 'Schemci Lauth', 'Theo Tagand', 'Clément Olivieri', 'Doria Achour']",France,"February 22, 2019",2019,TV-MA,84 min,"['drama', 'independent', 'international']","Amid a turbulent romance and rising tensions in Paris, a young woman finds herself caught in a dizzying spiral of dreams, memories and what-ifs."
s8569,Movie,The Young Offenders,Peter Foott,"['Alex Murphy', 'Chris Walley', 'Hilary Rose', 'Dominic MacHale', 'P.J. Gallagher', 'Shane Casey', 'Pascal Scott', 'Michael Sands', 'Ciaran Bermingham']",Ireland,"March 9, 2017",2016,TV-MA,83 min,"['comedy', 'international']","Never ones to think things through, two Irish teens steal bicycles and set off to the coast to find a bale of cocaine from a smuggler’s capsized ship."
s8543,Movie,The Ugly Truth,Robert Luketic,"['Katherine Heigl', 'Gerard Butler', 'Eric Winter', 'John Michael Higgins', 'Bree Turner', 'Nick Searcy', 'Kevin Connolly', 'Cheryl Hines', 'Bonnie Somerville', 'Yvette Nicole Brown', 'Nate Corddry', 'Noah Matthews']",United States,"April 25, 2019",2009,R,96 min,"['comedy', 'romance']","A chauvinistic morning-show commentator tries to prove the relationship theories he espouses on a segment called ""The Ugly Truth."""
s228,Movie,Really Love,Angel Kristi Williams,"['Kofi Siriboe', 'Yootha Wong-Loi-Sing', 'Michael Ealy', 'Uzo Aduba']",United States,"August 25, 2021",2020,TV-MA,95 min,"['drama', 'independent', 'romance']",A rising Black painter tries to break into a competitive art world while balancing an unexpected romance with an ambitious law student.
s8227,Movie,The Break-Up,Peyton Reed,"['Vince Vaughn', 'Jennifer Aniston', 'Joey Lauren Adams', 'Cole Hauser', 'Jon Favreau', 'Jason Bateman', 'Judy Davis', 'Justin Long', 'Ivan Sergei', 'John Michael Higgins', 'Ann-Margret', 'Vernon Vaughn', ""Vincent D'Onofrio""]",United States,"July 16, 2019",2006,PG-13,107 min,"['comedy', 'drama', 'romance']",Cohabitating couple Gary and Brooke's petty spats turn into an all-out battle for their home condo.
s1557,Movie,A Trash Truck Christmas,Eddie Rosas,"['Henry Keane', 'Glen Keane', 'Lucas Neff', 'Brian Baumgartner', 'Jackie Loeb', 'John DiMaggio']",,"December 11, 2020",2020,TV-Y,28 min,['family'],"When Santa crash-lands in the junkyard on Christmas Eve, Hank, Trash Truck and their animal friends all have a hand in rescuing the holiday for everyone."
s1997,Movie,The Paramedic,Carles Torras,"['Mario Casas', 'Déborah François', 'Guillermo Pfening', 'María Rodríguez Soto', 'Celso Bugallo', 'Raúl Jiménez', 'Pol Monen', 'Alice Bocchi', 'Martín Bacigalupo']",Spain,"September 16, 2020",2020,TV-MA,94 min,"['drama', 'international', 'thriller']","Unable to face his new reality in a wheelchair, Ángel develops a deadly obsession with the woman who left him and unleashes a sinister revenge plot."
s6436,Movie,Cave,Henrik Martin Dahlsbakken,"['Heidi Toini', 'Benjamin Helstad', 'Mads Sjogard Pettersen', 'Ingar Helge Gimle']",Norway,"June 15, 2017",2016,TV-MA,77 min,"['action', 'adventure', 'international', 'thriller']","Torn between old camaraderie and recent tensions, three ex-soldiers reunite to explore a deadly cave but soon discover terror beyond all expectations."
s2808,TV Show,Shaun the Sheep: Adventures from Mossy Bottom,,"['John Sparkes', 'Justin Fletcher', 'Marcus Brigstocke', 'Simon Greenall', 'Kate Harbour', 'Emma Tate', 'Andy Nyman', 'Richard Webber']","United Kingdom, United States, Ireland","March 17, 2020",2020,TV-Y7,1 Season,"['british', 'family', 'comedy']","Clever sheep Shaun, loyal dog Bitzer and the rest of the Mossy Bottom gang cook up oodles of fun and mischief on the farm."
s4048,Movie,No Other Woman,Ruel S. Bayani,"['Anne Curtis', 'Derek Ramsay', 'Cristine Reyes', 'Tirso Cruz III', 'Carmi Martin', 'John Arcilla', 'Marlann Flores', 'Ron Morales', 'Kat Alano']",Philippines,"March 4, 2019",2011,TV-MA,103 min,"['drama', 'international', 'romance']","A happily married man gives in to temptation when a wealthy client pursues him, setting off a torrid love triangle."
s1891,TV Show,Qurious Como,,,,"October 3, 2020",2017,TV-Y,1 Season,['family'],"Shrunk down in size, Como and his friends examine the wonder-filled world around them one item at a time, from foods to household goods."
s4616,Movie,Zindagi Kitni Haseen Hay,Anjum Shahzad,"['Feroze Khan', 'Sajal Ali', 'Jibrayl Ahmed Rajput', 'Alyy Khan', 'Shafqat Cheema', 'Nayyar Ejaz', 'Rashid Farooqi']",Pakistan,"October 1, 2018",2016,TV-14,126 min,"['drama', 'international', 'romance']","Two young parents struggle to keep their marriage afloat and their son protected amidst financial woes, career goals and clashes of ego."
s6282,TV Show,Ben 10,,"['Tara Strong', 'Montse Hernandez', 'David Kaye', 'Roger Craig Smith', 'Todd Haberkorn', 'Dwight Schultz', 'Daryl Sabara']",United States,"September 30, 2018",2016,TV-Y7,1 Season,['family'],Ben can transform into ten types of aliens. He'll try 'em all while adventuring across the country with his cousin Gwen and Grandpa Max.
s3826,Movie,Backdraft 2,Gonzalo López-Gallego,"['Joe Anderson', 'William Baldwin', 'Donald Sutherland', 'Alisha Bailey', 'Alastair Mackenzie', 'Dominic Mafham', 'Jessamine-Bliss Bell', 'Martin Hutson', 'Aaron McCusker', 'Cyril Nri']",United States,"May 14, 2019",2019,R,102 min,"['action', 'adventure', 'drama']","In this sequel to the 1991 film, a determined fire investigator recruits an imprisoned arsonist to help untangle a web of fire, murder and corruption."
s5860,Movie,Jimmy Carr: Funny Business,Sam Wrench,['Jimmy Carr'],United Kingdom,"March 18, 2016",2016,TV-MA,62 min,['comedy'],British comedian Jimmy Carr unleashes his deadpan delivery and wickedly funny one-liners to a sold-out audience at the UK's Hammersmith Apollo.
s7210,TV Show,Kingdoms of the Sky,Steve Greenwood,,,"October 1, 2018",2018,TV-PG,1 Season,"['british', 'documentary', 'science', 'nature']",Meet the astonishing animals and adventurous people living on some of the most spectacular – and formidable – mountain ranges in the world.
s5712,Movie,Carlos Ballarta: El amor es de putos,"Jan Suter, Raúl Campos Delgado",['Carlos Ballarta'],Mexico,"November 21, 2016",2016,TV-MA,67 min,['comedy'],"Carlos Ballarta mocks daily life in Mexico, including public transit, the education system and the corn seller who betrays your confidence."
s1309,TV Show,Booba,,['Roman Karev'],United Kingdom,"February 15, 2021",2021,TV-Y7,4 Seasons,"['family', 'comedy']","The world is a mystery to little Booba. But he approaches the curiosities around him with wonder, finding adventure in his everyday surroundings."
s8459,Movie,The Place Beyond the Pines,Derek Cianfrance,"['Ryan Gosling', 'Bradley Cooper', 'Eva Mendes', 'Ray Liotta', 'Ben Mendelsohn', 'Rose Byrne', 'Mahershala Ali', 'Bruce Greenwood', 'Harris Yulin', 'Olga Merediz']",United States,"May 16, 2017",2012,R,140 min,"['drama', 'independent']",A violent confrontation between a motorcycle-riding bank robber and a rookie cop spirals into a tense generational feud.
s5659,TV Show,Sense8,,"['Tuppence Middleton', 'Brian J. Smith', 'Doona Bae', 'Max Riemelt', 'Naveen Andrews', 'Daryl Hannah', 'Freema Agyeman', 'Terrence Mann', 'Adam Shapiro', 'Max Mauff', 'Alfonso Herrera', 'Eréndira Ibarra', 'Aml Ameen', 'Jamie Clayton', 'Tina Desae', 'Miguel Ángel Silvestre', 'Toby Onwumere', 'Joe Pantoliano']",United States,"December 23, 2016",2018,TV-MA,2 Seasons,"['crime', 'drama', 'mystery']","From the creators of ""The Matrix"" and ""Babylon 5"" comes this tense series in which eight people can telepathically experience each other's lives."
s1948,TV Show,"Whose Vote Counts, Explained",,,United States,"September 28, 2020",2020,TV-PG,1 Season,['documentary'],"The right to vote is at the foundation of America's democracy. But not every vote is created equal. How does the system work, and can it be fixed?"
s7039,Movie,I Am Maris,Laura VanZee Taylor,['Maris Degener'],United States,"April 1, 2019",2018,TV-14,54 min,['documentary'],"Through her own words and art, a young woman details the healing power of yoga in her struggle with anorexia and her journey to self-acceptance."
s1838,TV Show,Grand Army,,"['Odessa A’zion', 'Odley Jean', 'Amir Bageria', 'Maliq Johnson', 'Amalia Yoo', 'Alphonso Romero Jones II', 'Thelonius Serrell-Freed', 'Anthony Ippolito', 'Brian Altemus']",United States,"October 16, 2020",2020,TV-MA,1 Season,"['drama', 'teen']","Five students at the largest public high school in Brooklyn take on a chaotic world as they fight to succeed, survive, break free and seize the future."
s4784,Movie,The Skin of the Wolf,Samu Fuentes,"['Mario Casas', 'Irene Escolar', 'Ruth Díaz']",Spain,"July 6, 2018",2018,TV-MA,110 min,"['drama', 'independent', 'international']",An animal trapper living in an abandoned mountain town in northern Spain seeks to resolve his loneliness by securing a wife.
s7073,Movie,Indiana Jones and the Raiders of the Lost Ark,Steven Spielberg,"['Harrison Ford', 'Karen Allen', 'Paul Freeman', 'Ronald Lacey', 'John Rhys-Davies', 'Denholm Elliott', 'Alfred Molina', 'Wolf Kahler', 'Anthony Higgins', 'Vic Tablian']",United States,"January 1, 2019",1981,PG,116 min,"['action', 'adventure', 'family', 'classic']","When Indiana Jones is hired by the government to locate the legendary Ark of the Covenant, he finds himself up against the entire Nazi regime."
s5419,Movie,Nobody Speak: Trials of the Free Press,Brian Knappenberger,,"Netherlands, United States","June 23, 2017",2017,TV-14,96 min,['documentary'],"Hulk Hogan's court case against Gawker Media sheds light on wealthy, powerful figures who challenge freedom of the press in order to silence critics."
s1087,Movie,Ojukokoro: Greed,Dare Olaitan,"['Seun Ajayi', 'Zainab Balogun', 'Sammie Eddie', 'Linda Ejiofor', 'Charles Etubiebi', 'Shawn Faqua', 'Lord Frank', 'Ikubese Emmanuel Ifeanyi', 'Somkele Iyamah', 'Ali Nuhu', 'Wale Ojo']",Nigeria,"April 9, 2021",2016,TV-MA,108 min,"['drama', 'international', 'thriller']","Down and out of luck, the manager of a shady gas station gets in over his head when he tries to steal from his grubby employers."
s6748,Movie,Fifty,Biyi Bandele,"['Dakore Akande', 'Ireti Doyle', 'Nse Ikpe-Etim', 'Omoni Oboli']",Nigeria,"December 28, 2015",2015,NR,101 min,"['drama', 'international']","In Lagos, Nigeria, four successful women on the verge of 50 take stock of their lives and loves over the course of one week."
s5203,Movie,Strange Weather,Katherine Dieckmann,"['Holly Hunter', 'Carrie Coon', 'Kim Coates', 'Shane Jacobsen', 'Andrene Ward-Hammond', 'Allene Quincy', 'Glenne Headly']",United States,"October 26, 2017",2016,R,91 min,"['drama', 'independent']","A grieving mother takes a road trip with her friend to confront the man who, she believes, stole her late son's business idea to get rich."
s4038,Movie,Nappily Ever After,Haifaa Al-Mansour,"['Sanaa Lathan', 'Ricky Whittle', 'Lynn Whitfield', 'Lyriq Bent', 'Ernie Hudson']",United States,"March 7, 2019",2018,TV-MA,99 min,"['comedy', 'drama', 'romance']","When a perfectionist ad exec experiences a romantic setback, she embarks on a journey of self-discovery that begins with a dramatic hair makeover."
s2144,Movie,"Rob Schneider: Asian Momma, Mexican Kids",Tyler Spindel,['Rob Schneider'],United States,"August 11, 2020",2020,TV-MA,44 min,['comedy'],"Former ""Saturday Night Live"" star Rob Schneider returns to the stage and shares his take on life, love and dinosaur dreams in this stand-up special."
s3534,Movie,Kill Me If You Dare,Şenol Sönmez,"['Murat Boz', 'Seda Bakan', 'Açelya Topaloğlu', 'Özgür Emre Yıldırım', 'Seda Güven', 'Yosi Mizrahi', 'Dilşad Şimşek', 'Ali Yoğurtçuoğlu']",Turkey,"September 6, 2019",2019,TV-14,100 min,"['comedy', 'international', 'romance']","Bogged down with money problems, a couple grows cautious of each other but hit the lottery and decide to stay together – till death do they part."
s6590,Movie,Defying the Nazis: The Sharps' War,"Ken Burns, Artemis Joukowsky","['Tom Hanks', 'Marina Goldman']",United States,"May 1, 2017",2016,TV-14,79 min,['documentary'],"This film documents the story of minister Waitstill Sharp and his wife, Martha, who risked everything to save thousands of refugees fleeing the Nazis."
s2665,TV Show,ChuChu TV Nursery Rhymes & Kids Songs (Hindi),,,India,"April 18, 2020",2019,TV-Y,1 Season,['family'],This educational series for tiny tots features a toe-tapping spin on nursery rhymes with upbeat tunes and a diverse set of easy-to-follow lessons.
s5823,TV Show,Cocaine,,,United Kingdom,"August 1, 2016",2005,TV-14,1 Season,"['british', 'crime', 'documentary']","Three films chronicle the cocaine trade's sweeping impact on the citizens of Peru, Brazil and Colombia, from poor farmers to powerful drug lords."
s6900,Movie,Growing Up Coy,Eric Juhola,,United States,"January 6, 2017",2016,TV-PG,82 min,"['documentary', 'lgbtq']","Filmmakers follow a Colorado family's highly public battle for the rights of their transgender daughter, Coy, in a landmark civil rights case."
s5294,Movie,Berserk: The Golden Age Arc III - The Advent,Toshiyuki Kubooka,"['Hiroaki Iwanaga', 'Takahiro Sakurai', 'Toa Yukinari', 'Yuki Kaji', 'Yoshiro Matsumoto', 'Minako Kotobuki', 'Takahiro Fujiwara', 'Kazuki Yao', 'Yuichi Nakamura', 'Aki Toyosaki', 'Akio Otsuka']",Japan,"September 1, 2017",2013,TV-MA,107 min,"['action', 'adventure', 'anime', 'international']","A year after he left the Band of the Hawk, Guts rejoins them in an epic battle to vanquish the God Hand and save Griffith from a hellish fate."
s5886,TV Show,W/ Bob & David,,"['David Cross', 'Bob Odenkirk', 'John Ennis', 'Jay Johnston', 'Brian Posehn', 'Jill Talley', 'Paul F. Tompkins', 'Tom Kenny', 'Brett Paesel']",United States,"November 13, 2015",2015,TV-MA,1 Season,['comedy'],"After being dishonorably discharged from the Navy Seals, Bob and David are back serving our country the way they do best – making sketch comedy."
s8037,Movie,Sleeping with Other People,Leslye Headland,"['Jason Sudeikis', 'Alison Brie', 'Adam Scott', 'Jason Mantzoukas', 'Natasha Lyonne', 'Adam Brody', 'Amanda Peet']",United States,"October 2, 2017",2015,R,101 min,"['comedy', 'drama', 'independent']","Many years after hooking up in college, two people cross paths and realize they are both serial philanderers who need each other's help to reform."
s1462,Movie,Mystic Pizza,Donald Petrie,"['Annabeth Gish', 'Julia Roberts', 'Lili Taylor', ""Vincent D'Onofrio"", 'William R. Moses', 'Adam Storke', 'Conchata Ferrell', 'Joanna Merlin', 'Porscha Radcliffe', 'John Fiore']",United States,"January 1, 2021",1988,R,104 min,"['comedy', 'drama', 'independent']","In a small fishing town, three teenage girls from blue-collar families navigate life and love while working in a pizza parlor."
s2432,Movie,Spelling the Dream,Sam Rega,,United States,"June 3, 2020",2020,TV-G,83 min,"['family', 'documentary']","Following four hopeful competitors, this documentary explores Indian Americans' decades-long success at the biggest spelling contest in the U.S."
s4276,Movie,Struggle: The Life and Lost Art of Szukalski,Irek Dobrowolski,,"Poland, United States","December 21, 2018",2018,TV-MA,105 min,['documentary'],"Artists in LA discover the work of forgotten Polish sculptor Stanislav Szukalski, a mad genius whose true story unfolds chapter by astounding chapter."
s1830,Movie,West Beirut,Ziad Doueiri,"['Rami Doueiri', 'Mohamad Chamas', 'Rola Al Amin', 'Carmen Lebbos', 'Joseph Bou Nassar', 'Liliane Nemri']","France, Norway, Lebanon, Belgium","October 19, 2020",1999,TV-MA,106 min,"['drama', 'international']","Three intrepid teens roam the streets of Beirut in the midst of civil war, filming on a Super 8 camera and reckoning with the pains of growing up."
s3627,Movie,Misfit,Erwin van den Eshof,"['Djamila', 'Niek Roozen', 'Bente Fokkens', 'Jolijn Henneman', 'Fenna Ramos', 'Jill Schirnhofer', 'Donny Roelvink', 'Défano Holwijn', 'Luca Gilliot']",Netherlands,"August 3, 2019",2017,TV-14,81 min,"['family', 'comedy', 'international']","After living in America for years, a teenage girl moves back to the Netherlands and is quickly singled out as a misfit by the popular clique at school."
s3882,TV Show,K.O.3an Guo,,"['George Hu', 'Chen De-xiu', 'Bo Yan', 'Lorene Ren', 'Tsai Yi-chen', 'Benjamin H. Wang', 'Wes Lo', 'Shao Xiang', 'Pets Tseng', 'Nylon Chen', 'Wu Xiong']",Taiwan,"April 30, 2019",2009,TV-14,1 Season,"['international', 'comedy', 'sci-fi', 'fantasy']","In the Silver Dimension, Liu Bei, Guan Yu and Zhang Fei plan to enroll in an elite academy as sworn brothers, but KO One visitors derail the plan."
s3965,TV Show,Osmosis,,"['Agathe Bonitzer', 'Hugo Becker', 'Gaël Kamilindi', 'Manoël Dupont', 'Stéphane Pitti', 'Luna Silva', 'Yuming Hey', 'Suzanne Rault-Balet', 'Philypa Phoenix', 'Lena Lapres', 'Waly Dia', 'Aurélia Petit', 'Lionel Lingelser', 'Fabien Ducommun']",France,"March 29, 2019",2019,TV-MA,1 Season,"['international', 'drama', 'mystery']","In near-future Paris, two brilliant siblings unveil a high-tech implant designed to pair up soul mates. But the beta test yields unwelcome surprises."
s6501,Movie,Closed Circuit,John Crowley,"['Eric Bana', 'Rebecca Hall', 'Ciarán Hinds', 'Riz Ahmed', 'Anne-Marie Duff', 'Kenneth Cranham', 'Julia Stiles', 'Jim Broadbent', 'Denis Moschitto', 'Barbora Bobulova', 'Jemma Powell']","United Kingdom, United States","October 16, 2017",2013,R,96 min,"['drama', 'thriller']","Martin and Claudia, top-flight lawyers who happen to be former lovers, become targets when they're teamed up to defend a notorious terrorist."
s5061,Movie,Fakkah Fuzz: Almost Banned,Michael McKay,['Fakkah Fuzz'],Singapore,"January 26, 2018",2018,TV-MA,61 min,['comedy'],Stand-up comic Fakkah Fuzz mines cross-cultural humor from the experience of growing up as an outspoken Malay man in Singapore.
s3395,Movie,ChuChuTV Bedtime Stories & Moral Stories for Kids (English),,,,"October 18, 2019",2019,TV-Y,47 min,['family'],"ChuChu teaches some bullies a lesson, Cussly learns the value of teamwork and ChaCha realizes there’s more to playtime than TV and video games."
s8351,Movie,The Human Factor: The Untold Story of the Bombay Film Orchestras,Rudradeep Bhattacharjee,,India,"April 1, 2017",2013,TV-PG,53 min,"['documentary', 'international', 'music']",A family of Parsi musicians collectively works for over 60 years scoring the orchestral soundtracks for some of Bollywood's most memorable films.
s801,Movie,Mosquita y Mari,Aurora Guerrero,"['Fenessa Pineda', 'Venecia Troncoso', 'Joaquín Garrido', 'Laura Patalano', 'Dulce Maria Solis', 'Marisela Uscanga', 'Melissa Uscanga', 'Omar Leyva', 'Tonita Castro', 'Paul Alayo']",United States,"June 2, 2021",2012,TV-14,85 min,"['drama', 'independent', 'lgbtq']","Neighbors but by no means friends, high schoolers Yolanda and Mari discover a bond and an attraction when they're made study partners."
s4834,Movie,Alex Strangelove,Craig Johnson,"['Daniel Doheny', 'Madeline Weinstein', 'Antonio Marziale', 'Daniel Zolghadri', 'Annie Q.', 'Nik Dodani', 'Fred Hechinger', 'Kathryn Erbe', 'Isabella Amara', 'Sophie Faulkenberry']",United States,"June 8, 2018",2018,TV-MA,100 min,"['comedy', 'drama', 'independent']",High school senior Alex Truelove's plan to lose his virginity to lovable girlfriend Claire goes awry when he meets the equally lovable Elliot.
s2490,Movie,Sayed the Servant,Hussein Kamal,"['Adel Imam', 'Omar El-Hariri', 'Raja Al-Jeddawi', 'Mostafa Mitwali', 'Moshira Ismail', 'Badr Nofal']",,"May 21, 2020",1985,TV-14,173 min,"['comedy', 'international']","While running from the law, Sayed begins to work as a house servant to a wealthy family, whose divorced daughter enlists his help in a marriage scheme."
s4496,TV Show,Marvel's Daredevil,,"['Charlie Cox', 'Deborah Ann Woll', 'Elden Henson', 'Rosario Dawson', ""Vincent D'Onofrio"", 'Jon Bernthal', 'Elodie Yung', 'Scott Glenn', 'Stephen Rider', 'Vondie Curtis-Hall', 'Ayelet Zurer', 'Toby Leonard Moore', 'Bob Gunton']",United States,"October 19, 2018",2018,TV-MA,3 Seasons,"['crime', 'action', 'adventure']","Blinded as a young boy, Matt Murdock fights injustice by day as a lawyer and by night as the Super Hero Daredevil in Hell's Kitchen, New York City."
s7718,Movie,Paulettante Veedu,Dileep Narayanan,"['Saikumar', 'Amal Unnithan', 'Manasa Radhakrishnan', 'K.P.A.C. Lalitha', 'Sudheer Karamana', 'Seema G. Nair']",India,"July 1, 2018",2016,TV-14,104 min,"['drama', 'international']","A wealthy businessman's miserly habits cause no small amount of stress and embarrassment to his family, particularly his daughter."
s3851,TV Show,The Missing Menu,,"['Frederick Lee', 'Jojo Goh', 'Karena Teo', 'Jeffrey Cheng', 'Janelle Chin']",,"May 8, 2019",2016,TV-PG,1 Season,"['international', 'drama']",A single mom and skilled chef yearns for her children to settle down and offers them life lessons through the special dishes she creates.
s3456,TV Show,Super Monsters,,"['Elyse Maloway', 'Vincent Tong', 'Erin Matthews', 'Andrea Libman', 'Alessandro Juliani', 'Nicole Anthony', 'Ian James Corlett', 'Britt McKillip', 'Kathleen Barr', 'Diana Kaarina']",,"October 4, 2019",2019,TV-Y,3 Seasons,['family'],Preschool kids whose parents are the world's most famous monsters try to master their special powers while preparing for kindergarten.
s2694,Movie,Love Wedding Repeat,Dean Craig,"['Sam Claflin', 'Olivia Munn', 'Freida Pinto', 'Eleanor Tomlinson', 'Joel Fry', 'Tim Key', 'Aisling Bea', 'Jack Farthing', 'Allan Mustafa']","United Kingdom, Italy","April 10, 2020",2020,TV-MA,101 min,"['comedy', 'international', 'romance']","Different versions of the same day unfold as Jack juggles difficult guests, unbridled chaos and potential romance at his sister's wedding."
s8149,TV Show,Tales of the City (1993),,"['Olympia Dukakis', 'Donald Moffat', 'Laura Linney', ""Marcus D'Amico"", 'Billy Campbell', 'Thomas Gibson', 'Paul Gross', 'Barbara Garrick', 'Chloe Webb', 'Nina Foch', 'Parker Posey', 'Stanley DeSantis']","United Kingdom, United States","June 28, 2019",1993,TV-MA,1 Season,['drama'],"In 1976, naive Mary Ann Singleton moves to San Francisco and finds a new family in her bohemian landlady and the eclectic residents at 28 Barbary Lane."
s8099,Movie,Story of an Egg,Raj B. Shetty,"['Raj B. Shetty', 'Usha Bhandary', 'Shailashree', 'Prakash Tuminadu', 'Amrutha Naik', 'Shreya Anchan', 'VJ Vineeth', 'Rahul Amin', 'Deepak Rai Panaje', 'Ramdas']",India,"October 15, 2017",2017,TV-PG,132 min,"['comedy', 'international', 'romance']","When an astrologer gives him one year to find a mate or face being alone forever, a professor sets out to find a bride despite serious obstacles."
s2322,Movie,George Lopez: We'll Do It For Half,Troy Miller,['George Lopez'],United States,"June 30, 2020",2020,TV-MA,52 min,['comedy'],"Comedian George Lopez tackles the future and the past of Latinx culture in America, touching on immigration, his tough relatives, aging and much more."
s5620,Movie,Heroes Wanted,Joaquín Mazón,"['María León', 'Miki Esparbé', 'Jordi Sánchez', 'Andoni Agirregomezkorta', 'Juan Carlos Aduviri', 'Sílvia Abril', 'Carlos Areces', 'Joaquín Reyes']",Spain,"February 1, 2017",2016,TV-MA,97 min,"['action', 'adventure', 'comedy', 'international']","When its special ops agency is wiped out, Spain hastily assembles a new team to defuse a terrorist plot. But who are these scrappy would-be heroes?"
s5561,Movie,The C Word,Meghan O'Hara,['Morgan Freeman'],United States,"March 24, 2017",2016,TV-14,93 min,['documentary'],"To solve the mystery of cancer, challenging the status quo is a must. Witness how lifestyle and societal changes may help beat the disease."
s7694,TV Show,Pacific Heat,,"['Rob Sitch', 'Santo Cilauro', 'Tom Gleisner', 'Rebecca Massey', 'Lucia Mastrantone']",Australia,"December 2, 2016",2016,TV-14,1 Season,"['crime', 'comedy']","In this animated satire, a covert squad of operatives short on smarts but long on confidence tackles crime on the glitzy Gold Coast of Australia."
s4250,Movie,Tom Papa Live in New York City,Rob Zombie,['Tom Papa'],United States,"December 31, 2018",2011,TV-14,57 min,['comedy'],"Comedian Tom Papa riffs on the trials of married life, fatherhood in the 21st century, domestic pets and more in his stand-up show."
s1138,Movie,The Knight and the Princess,Bashir El Deek,"['Sedky Sakhr', 'Hashem El Garhy', 'Shahira Kamal', 'Aiemzy', 'Hani R. Eskander', 'Saif Abu-Kandil']","Egypt, Saudi Arabia","April 1, 2021",2019,TV-PG,96 min,"['action', 'adventure', 'international', 'music']","A fictional account of the heroic quests of a 7th-century knight, from rescuing hostages abducted by pirates in the Indian Sea to taking on a tyrant."
s8797,TV Show,Yunus Emre,,"['Gökhan Atalay', 'Payidar Tüfekçioglu', 'Baran Akbulut', 'Mehmet Çepiç', 'Seda Tosun', 'Mehmet Ali Tuncer', 'Asuman Çakır', 'Müge Uyar', 'Rüzgar Aksoy', 'Ergun Taş', 'Sedat Erdiş', 'Ahmet Talay', 'Umut Tanyolu', 'Murat Ercanlı', 'Birand Tunca', 'Atilla Kiliç', 'Saygin Asan', 'Emrah Girgin']",Turkey,"January 17, 2017",2016,TV-PG,2 Seasons,"['international', 'drama']","During the Mongol invasions, Yunus Emre leaves his home to travel across the Ottoman Empire, defying hardships and temptations to become a dervish."
s6866,Movie,Golden Time,Takuya Inaba,,Japan,"November 1, 2017",2013,TV-Y,22 min,"['international', 'sci-fi', 'fantasy']","In the 1980s, a recently discarded television set from the 1960s refuses to accept its fate and tries to break out of the junkyard."
s3364,TV Show,Shine On with Reese,,['Reese Witherspoon'],United States,"October 29, 2019",2018,TV-MA,1 Season,"['documentary', 'comedy', 'talkshow']","In a talk show straight from the heart, actor and producer Reese Witherspoon visits with groundbreaking women to discuss their inspiring journeys."
s3256,TV Show,Who Killed Little Gregory?,,,France,"November 20, 2019",2019,TV-MA,1 Season,"['crime', 'documentary', 'international']","When their 4-year-old son is murdered, a young couple fights a twisting and arduous battle trying to identify a frustratingly elusive killer."
s6360,Movie,Boom,Kaizad Gustad,"['Amitabh Bachchan', 'Gulshan Grover', 'Jackie Shroff', 'Javed Jaffrey', 'Katrina Kaif', 'Madhu Sapre', 'Padma Lakshmi', 'Seema Biswas', 'Zeenat Aman', 'Boman Irani']",India,"March 1, 2018",2003,TV-MA,79 min,"['action', 'adventure', 'drama', 'international']","Following a fashion show mishap, three supermodels find themselves on the run from dangerous gangsters trying to recover a fortune in stolen diamonds."
s268,Movie,The Piano,Jane Campion,"['Holly Hunter', 'Harvey Keitel', 'Sam Neill', 'Anna Paquin', 'Kerry Walker', 'Genevieve Lemon', 'Tungia Baker', 'Ian Mune']","New Zealand, Australia, France, United States","August 15, 2021",1993,R,121 min,"['classic', 'drama', 'independent']","With her daughter and her beloved piano in tow, a mute Scottish woman arrives in New Zealand, where a gruff loner sets out to seduce her."
s1016,Movie,American Me,Edward James Olmos,"['Edward James Olmos', 'William Forsythe', 'Pepe Serna', 'Danny De La Paz', 'Evelina Fernandez', 'Cary-Hiroyuki Tagawa', 'Daniel Villarreal', 'Sal Lopez', 'Daniel Haro', 'Domingo Ambriz']",United States,"April 17, 2021",1992,R,126 min,['drama'],Three friends born in poverty create their own capitalist dream as powerful gang members. Time in prison makes one of them consider a fresh beginning.
s374,Movie,The Last Mercenary,David Charhon,"['Jean-Claude Van Damme', 'Alban Ivanov', 'Éric Judor', 'Patrick Timsit', 'Miou-Miou', 'Assa Sylla', 'Samir Decazza', 'Valérie Kaprisky', 'Djimo', 'Nassim Lyes']",,"July 30, 2021",2021,TV-MA,112 min,"['action', 'adventure', 'comedy', 'international']",A legendary secret agent-turned-mercenary comes out of hiding to save the son he's never met. Learning how to be a dad may be his toughest mission yet.
s1764,Movie,Piercing,Nicolas Pesce,"['Christopher Abbott', 'Mia Wasikowska', 'Laia Costa', 'Marin Ireland', 'Maria Dizzia', 'Wendell Pierce', 'Olivia Bond', 'Dakota Lustick']",United States,"November 1, 2020",2018,R,81 min,"['drama', 'independent', 'thriller']",A family man plots to kill a spellbinding sex worker but ends up in a psychosexual exercise to outwit his twisted target.
s3804,Movie,A Tale of Two Kitchens,Trisha Ziff,,"United States, Mexico","May 22, 2019",2019,TV-PG,30 min,"['documentary', 'international']","Mexico City restaurant star Gabriela Cámara opens sister eatery Cala in San Francisco, with a similar menu and unusually welcoming kitchen culture."
s5381,TV Show,Dawn of the Croods,,"['Stephanie Lemelin', 'A.J. LoCascio', 'Dan Milano', 'Grey DeLisle', 'Cree Summer', 'Laraine Newman', 'Chris Parnell', 'Ana Gasteyer', 'Dee Bradley Baker', 'Thomas Lennon', 'Dominic Catrambone']",United States,"July 7, 2017",2017,TV-Y7,4 Seasons,['family'],"The world's first family is back for more laughs as they discover sports, sleepovers and other wonders in a world of exotic creatures and adventures."
s5238,TV Show,Equestria Girls: Tales of Canterlot High,,"['Tara Strong', 'Ashleigh Ball', 'Andrea Libman', 'Tabitha St. Germain', 'Cathy Weseluck', 'Rebecca Shoichet', 'Andrew Toth', 'Ali Liebert']","United States, Canada","October 1, 2017",2017,TV-Y7,1 Season,"['family', 'comedy']","In an alternate universe Equestria, the ponies have become teenage girls who must learn what it means to be human while attending Canterlot High."
s7493,Movie,Monster High: Freaky Fusion,"William Lau, Sylvain Blais","['Cam Clarke', 'Audu Paden', 'Laura Bailey', 'Cindy Robinson', 'Erin Fitzgerald', 'Kate Higgins', 'Salli Saffioti', 'Sue Swan', 'Haviland Stillwell', 'Paula Rhodes', 'America Young', 'Stephanie Sheh', 'Josey Montana McCoy']",United States,"January 30, 2018",2014,TV-Y7,74 min,['family'],"When Frankie Stein travels back in time, a teen scientist follows her home into the present and causes a lab accident that creates four new monsters."
s1783,TV Show,Suburra: Blood on Rome,,"['Alessandro Borghi', 'Giacomo Ferrara', 'Eduardo Valdarnini', 'Francesco Acquaroli', 'Filippo Nigro', 'Claudia Gerini', 'Adamo Dionisi', 'Barbara Chichiarelli', 'Federico Tocci', 'Gerasimos Skiadaresis', 'Elisabetta De Palo', 'Carlotta Antonelli', 'Renato Marchetti', 'Paola Sotgiu']",Italy,"October 30, 2020",2020,TV-MA,3 Seasons,"['crime', 'international', 'drama']","In 2008, a fight over land in a seaside town near Rome spirals into a deadly battle between organized crime, corrupt politicians and the Vatican."
s5954,Movie,Joseph: King of Dreams,"Rob LaDuca, Robert C. Ramirez","['Ben Affleck', 'Mark Hamill', 'Richard Herd', 'Maureen McGovern', 'Jodi Benson', 'Judith Light', 'James Eckhouse', 'Richard McGonagle', 'David Campbell', 'Steven Weber', 'Dan Castellaneta', 'Rene Auberjonois', 'Ken Hudson Campbell', 'Tom Virtue', 'Jeff Bennett']","United States, France, United Kingdom","September 27, 2011",2000,TV-PG,75 min,"['family', 'drama', 'faith']","With his gift of dream interpretation and his brilliantly colored coat, Joseph inspires jealousy in his brothers in this animated Bible story."
s7867,Movie,Rezeta,Fernando Frías De La Parra,"['Rezeta Veliu', 'Roger Mendoza', 'Emiliano Becerríl', 'Sebastián Cordova', 'Paulina Dávila']",Mexico,"December 3, 2016",2012,NR,84 min,"['drama', 'independent', 'international']","Gorgeous and free-spirited Albanian model Rezeta arrives in Mexico City, and soon uses her charms to take up a carefree new life in the metropolis."
s2451,TV Show,Midnight Diner,,"['Kaoru Kobayashi', 'Toshiki Ayata', 'Mansaku Fuwa', 'Yutaka Matsushige', 'Ken Mitsuishi', 'Shohei Uno', 'Takashi Yamanaka', 'Kiyofumi Kaneko', 'Risa Sudou', 'Asako Kobayashi', 'Nahoko Yoshimoto', 'Joe Odagiri']",Japan,"June 1, 2020",2014,TV-MA,3 Seasons,"['international', 'drama']","A scarred man operates a midnight diner in the backstreets of Shinjuku. No one knows his name or his story, but his customers each bring him theirs."
s5499,Movie,A Yellow Bird,K. Rajagopal,"['Sivakumar Palakrishnan', 'Huang Lu', 'Seema Biswas', 'Udaya Soundari', 'Nithiyia Rao', 'Indra Chandran']","Singapore, France","May 1, 2017",2016,TV-MA,111 min,"['drama', 'independent', 'international']","In Singapore, a homeless ex-convict hoping to reunite with his family forms a bond with a Chinese sex worker while serving as her bodyguard."
s2915,Movie,Isi & Ossi,Oliver Kienle,"['Lisa Vicari', 'Dennis Mojen', 'Walid Al-Atiyat', 'Christina Hecke', 'Zoë Straub', 'Lisa Hagmeister', 'Hans-Jochen Wagner', 'André Eisermann', 'Ernst Stötzner']",Germany,"February 14, 2020",2020,TV-MA,113 min,"['comedy', 'international', 'romance']",A billionaire's daughter fakes a relationship with a cash-strapped boxer in order to coerce her parents into letting her pursue her culinary dreams.
s7920,Movie,Saeed Mirza: The Leftist Sufi,"Kireet Khurana, Padmakumar Narasimhamurthy",['Saeed Akhtar Mirza'],India,"May 1, 2017",2016,TV-MA,61 min,"['documentary', 'international']",This documentary profiles the celebrated Hindi film director known as much for his embrace of leftist politics and social concerns as lyrical cinema.
s5658,Movie,Garfunkel and Oates: Trying to be Special,"Riki Lindhome, Jeremy Konner","['Riki Lindhome', 'Kate Micucci', 'Anthony Jeselnik', 'Steve Agee']",United States,"December 23, 2016",2016,TV-MA,62 min,"['music', 'comedy']",Garfunkel and Oates put on a surprise-filled show in Seattle in hopes of raising enough money to make their own comedy special.
s7856,Movie,Rememory,Mark Palansky,"['Peter Dinklage', 'Julia Ormond', 'Martin Donovan', 'Anton Yelchin', 'Henry Ian Cusick', 'Evelyne Brochu', 'Matt Ellis', 'Colin Lawrence', 'Chad Krowchuk', 'Gracyn Shinyei']","United Kingdom, United States, Canada","June 1, 2020",2017,PG-13,112 min,"['drama', 'sci-fi', 'fantasy']","A psychologist is murdered after unveiling a breakthrough invention that extracts memories, spurring a fixated former patient to hunt for answers."
s6901,Movie,Gun Runners,Anjali Nayar,,Canada,"February 1, 2017",2015,TV-PG,90 min,"['documentary', 'international', 'sport']",Two roaming Kenyan bandits attempt to change the course of their lives by exchanging their rifles for running shoes.
s3393,Movie,10 Days in Sun City,Adze Ugah,"['Ayo Makun', 'Adesua Etomi', 'Richard Mofe-Damijo', 'Mercy Johnson', 'Falz', 'Tuface Idibia', 'Thenjiwe Moseley', 'Motlatsi Mafatshe', 'Celeste Ntuli', 'Miguel A. Núñez Jr.']","South Africa, Nigeria","October 18, 2019",2017,TV-14,87 min,"['comedy', 'international', 'romance']","After his girlfriend wins the Miss Nigeria pageant, a young man faces unexpected competition of his own when he joins her on a campaign in South Africa."
s1874,TV Show,The Haunting of Bly Manor,,"['Victoria Pedretti', 'Oliver Jackson-Cohen', 'Henry Thomas', 'Amelia Eve', ""T'Nia Miller"", 'Rahul Kohli', 'Tahirah Sharif', 'Amelie Bea Smith', 'Benjamin Evan Ainsworth']",United States,"October 9, 2020",2020,TV-MA,1 Season,"['drama', 'horror', 'mystery']","Dead doesn't mean gone. An au pair plunges into an abyss of chilling secrets in this gothic romance from the creator of ""The Haunting of Hill House."""
s4372,TV Show,Kulipari: Dream Walker,,"['Charlie Adler', 'Mark Hamill', 'Jess Harnell', 'Phil LaMarr', 'Josh Keaton', 'Mikey Kelley', 'Amy Margolis', 'Wendie Malick', 'Kevin Michael Richardson', 'Candi Milo', 'Laraine Newman']",,"November 20, 2018",2018,TV-Y7,1 Season,['family'],"Now the Blue Sky King, Darel must lead a rescue mission to save a Dream Walker – leaving the village under the protection of the Kulipari youth."
s5209,TV Show,Haters Back Off,,"['Colleen Ballinger', 'Angela Kinsey', 'Steve Little', 'Francesca Reale', 'Erik Stocklin', 'Matt Besser']",United States,"October 20, 2017",2017,TV-PG,2 Seasons,"['comedy', 'teen']","Determined to make it big, the confident but clueless Miranda Sings embarks on an unlikely quest for fame in this offbeat comedy."
s4460,Movie,Sigaram Thodu,Gaurav Narayanan,"['Vikram Prabhu', 'Sathyaraj', 'Monal Gajjar', 'Sathish', 'Erode Mahesh', 'Gaurav Narayanan']",India,"November 1, 2018",2014,TV-14,141 min,"['drama', 'international', 'thriller']",A policeman's son overcomes his reluctance to join the force following a brutal attack on his father and ends up in the middle of a robbery case.
s7099,TV Show,Iron Man: Armored Adventures,,"['Adrian Petriw', 'Daniel Bacon', 'Anna Cummer', 'Vincent Tong', 'Kristie Marsden', 'Mackenzie Gray', 'Lisa Ann Beley', 'Alistair Abell', 'Catherine Lough Haggquist', 'Fred Henderson']","Canada, United States, United Kingdom, France, Luxembourg","August 1, 2020",2011,TV-Y7,2 Seasons,['family'],Teen phenom Tony Stark takes to the skies with an ingeniously engineered suit of armor to learn the truth about his father's mysterious death.
s4387,Movie,The Princess Switch,,"['Vanessa Hudgens', 'Sam Palladio', 'Nick Sagar', 'Suanne Braun', 'Mark Fleischmann', 'Amy Griffiths', 'Sara Stewart', 'Pavel Douglas', 'Robin Soans', 'Calliope Taylor', 'Natali Yura', 'Alexa Adeosun']",United States,"November 16, 2018",2018,TV-G,102 min,"['family', 'drama', 'romance']","When a down-to-earth Chicago baker and a soon-to-be princess discover they look like twins, they hatch a Christmastime plan to trade places."
s3964,Movie,Bayonet,Kyzza Terrazas,"['Luis Gerardo Méndez', 'Brontis Jodorowsky', 'Joonas Saartamo', 'Laura Birn', 'Ilkka Koivula', 'Ville Virtanen', 'Raúl Villegas', 'Miriam Balderas', 'Ximena Guzmán']","Mexico, Finland","March 29, 2019",2019,TV-MA,102 min,"['drama', 'international', 'sport']","Alone in Finland, a retired Mexican boxer lives in desolation under the weight of an agonizing past, until he gets a shot at redemption in the ring."
s5896,TV Show,Wakfu: The Quest for the Six Eliatrope Dofus,,"['Fanny Bloc', 'Jules De Jongh', 'Patrick Béthune', 'Hugo Chandor', 'Adeline Chetail', 'Jessica Bell', 'Thomas Guitard', 'Ross Grant', 'Geneviève Doang']",,"October 1, 2015",2014,TV-PG,1 Season,['family'],"Six years after Yugo and his team defeat Qilby, Ogrest's crying floods Amalia's kingdom. To stop him, they must find the six missing Eliatrope Dofus."
s1923,TV Show,The Parkers,,"[""Mo'Nique"", 'Countess Vaughn', 'Dorien Wilson', 'Jenna von Oÿ', 'Ken Lawson', 'Yvette Wilson']",United States,"October 1, 2020",2003,TV-PG,5 Seasons,['comedy'],"In this ""Moesha"" spinoff, undergraduate Kim is joined at Santa Monica College by her mother Nikki, who decides to go back to school with her daughter."
s3906,Movie,A Little Chaos,Alan Rickman,"['Kate Winslet', 'Matthias Schoenaerts', 'Alan Rickman', 'Stanley Tucci', 'Helen McCrory', 'Steven Waddington', 'Jennifer Ehle', 'Rupert Penry-Jones', 'Paula Paul', 'Danny Webb', 'Phyllida Law']",United Kingdom,"April 17, 2019",2014,R,113 min,"['drama', 'independent', 'international']","A willful young woman is hired to design a garden at Versailles for Louis XIV. Soon, she's ensnared in political and romantic complications."
s1606,TV Show,Check The Store Next Door: The Next Chapter,,"['Ernest Prakasa', 'Chew Kin Wah', 'Dion Wiyoko', 'Morgan Oey', 'Anggika Bolsterli', 'Arie Kriting', 'Yusril Fahriza', 'Awwe', 'Adjis Doaibu', 'Aci Resti', 'Bintang Emon', 'Jenny Zhang', 'Soleh Solihun', 'Denny Gitong']",Indonesia,"December 2, 2020",2020,TV-14,2 Seasons,"['international', 'comedy', 'drama']","When a former shop owner grows bored of retirement, he buys a fish pond and manages the new hijinks in his life with a staff of quirky employees."
s3858,Movie,Last Breath,"Alex Parkinson, Richard da Costa",,"United Kingdom, Belgium, Sweden","May 6, 2019",2019,TV-MA,86 min,"['documentary', 'international']","A commercial diver becomes trapped on the ocean floor with dwindling oxygen and little hope of a timely rescue, so he tries to save himself."
s800,Movie,Million Dollar Baby,Clint Eastwood,"['Clint Eastwood', 'Hilary Swank', 'Morgan Freeman', 'Anthony Mackie', 'Jay Baruchel', 'Mike Colter', 'Lucia Rijker', ""Brían F. O'Byrne"", 'Margo Martindale', 'Riki Lindhome']",United States,"June 2, 2021",2004,PG-13,133 min,"['drama', 'sport']","When a cantankerous trainer mentors a persistent amateur boxer determined to go pro, deep-seated emotions become their strongest opponents."
s3903,TV Show,Samantha!,,"['Emmanuelle Araújo', 'Douglas Silva', 'Sabrina Nonata', 'Cauã Gonçalves', 'Daniel Furlan', 'Alice Braga', 'Alessandra Negrini', 'Lorena Comparato', 'Rodrigo Pandolfo', 'Luciana Vendramini', 'Maria Eduarda', 'Sidney Alexandre', 'Enzo Ovideo', 'Mauricio Xavier', 'Paulo Tiefenthaler', 'Ary França']",Brazil,"April 19, 2019",2019,TV-MA,2 Seasons,"['international', 'comedy']","A child star in the '80s, Samantha clings to the fringes of celebrity with hilarious harebrained schemes to launch herself back into the spotlight."
s3454,TV Show,Raising Dion,,"['Alisha Wainwright', ""Ja'Siah Young"", 'Jason Ritter', 'Michael B. Jordan', 'Jazmyn Simon', 'Ali Ahn', 'Sammi Haney']",United States,"October 4, 2019",2019,TV-PG,1 Season,"['family', 'action', 'adventure', 'drama']",A widowed mom sets out to solve the mystery surrounding her young son's emerging superpowers while keeping his extraordinary gifts under wraps.
s7931,Movie,San Pietro,John Huston,,United States,"March 31, 2017",1945,TV-14,32 min,"['classic', 'documentary']","After the Allies invade Italy, the Liri Valley town of San Pietro becomes an example of the brutal effects of combat, both for soldiers and civilians."
s4178,Movie,IO,Jonathan Helpert,"['Margaret Qualley', 'Anthony Mackie', 'Danny Huston']",United States,"January 18, 2019",2019,TV-14,96 min,"['drama', 'sci-fi', 'fantasy']","As a young scientist searches for a way to save a dying Earth, she finds a connection with a man who's racing to catch the last shuttle off the planet."
s911,Movie,Monster,Anthony Mandler,"['Kelvin Harrison Jr.', 'Jennifer Hudson', 'Jeffrey Wright', 'Jennifer Ehle', 'Tim Blake Nelson', ""Nasir 'Nas' Jones"", 'Rakim Mayers', 'Paul Ben-Victor', 'John David Washington', 'Jharrel Jerome', 'Dorian Missick']",United States,"May 7, 2021",2021,TV-MA,99 min,['drama'],A talented teen implicated in a robbery-turned-murder fights for his innocence and integrity against a criminal justice system that’s already judged him.
s6038,TV Show,A Good Wife,,"['Tien Hsin', 'Christopher Lee', 'Darren Chiu', 'Shara Lin', 'Blaire Chang', 'Xi Man-Ning', 'Chu De-Kang']",Taiwan,"January 1, 2017",2013,TV-14,1 Season,"['international', 'romance', 'drama']","As her seemingly idyllic life begins to crumble, a lonely woman in a restrictive marriage starts an affair with a gentle bookstore owner."
s7966,Movie,Searching for Sugar Man,Malik Bendjelloul,['Rodriguez'],"Sweden, United Kingdom, Finland","December 1, 2019",2012,PG-13,86 min,"['documentary', 'international', 'music']","Decades after Detroit singer-songwriter Rodriguez disappeared following the commercial failure of his albums, two fans try to track down their idol."
s1241,Movie,Safe Haven,Lasse Hallström,"['Josh Duhamel', 'Julianne Hough', 'Cobie Smulders', 'David Lyons', 'Noah Lomax', 'Mimi Kirkland']",United States,"March 4, 2021",2013,PG-13,116 min,"['drama', 'romance']","When a mysterious woman arrives in a small North Carolina town, she begins a new life but remains haunted by a terrifying secret."
s4545,Movie,"Monty Python Live (Mostly): One Down, Five to Go",Eric Idle,"['John Cleese', 'Terry Gilliam', 'Eric Idle', 'Terry Jones', 'Michael Palin']",United Kingdom,"October 2, 2018",2014,TV-MA,137 min,['comedy'],"Live from London in a sold-out final show, surviving members of the British comedy troupe reprise old roles and break out in irreverent song and dance."
s409,Movie,Chhota Bheem & Krishna: Mayanagari,Rajiv Chilaka,"['Vatsal Dubey', 'Julie Tejwani', 'Rupa Bhimani', 'Jigna Bhardwaj', 'Rajesh Kava', 'Mousam', 'Swapnil']",,"July 22, 2021",2011,TV-Y7,67 min,['family'],Young lord Krishna has fallen for demoness Maayandri’s revenge plot against him! Can Bheem rescue him and thwart Maayandri’s other destructive plans?
s5496,Movie,Simplemente Manu NNa,"Jan Suter, Raúl Campos",['Manu NNa'],Mexico,"May 5, 2017",2017,TV-MA,72 min,['comedy'],Eclectic stand-up comic Manu NNa relays everyday tales about the struggles of being gay in Mexico and shares his love of telenovelas and mezcal.
s8017,Movie,Siddhant,Vivek Wagh,"['Vikram Gokhale', 'Swati Chitnis', 'Kishore Kadam', 'Ganesh Yadav', 'Sarang Sathaye', 'Archit Deodhar', 'Madhavi Soman', 'Neha Mahajan']",India,"October 30, 2018",2014,TV-G,105 min,"['drama', 'independent', 'international']",A principled mathematics teacher is shocked to discover that his grandson used unethical means to achieve academic success.
s3974,Movie,Verses of Love,Hanung Bramantyo,"['Fedi Nuril', 'Rianti Cartwright', 'Carissa Putri', 'Melanie Putria', 'Zaskia Adya Mecca', 'Surya Saputra', 'Dennis Adhiswara', 'Oka Antara']",Indonesia,"March 27, 2019",2008,TV-PG,126 min,"['drama', 'international', 'romance']","Polygamy, piety and personal principles collide for a charming and congenial young university student struggling in a four-way love triangle."
s1257,Movie,Tenacious D in The Pick of Destiny,Liam Lynch,"['Jack Black', 'Kyle Gass', 'JR Reed', 'Troy Gentile', 'Ronnie James Dio', 'Paul F. Tompkins', 'Ned Bellamy', 'Fred Armisen', 'Kirk Ward', 'Amy Poehler', 'Tim Robbins', 'Dave Grohl', 'Ben Stiller']","United States, Germany","March 1, 2021",2006,R,94 min,"['comedy', 'cult', 'music']","Dreaming of being a rock god, Midwesterner JB heads to California, where he crosses paths with idler KG – giving rise to the musical duo Tenacious D."
s3488,Movie,The Grandmaster,Wong Kar Wai,"['Tony Leung Chiu-wai', 'Zhang Ziyi', 'Chang Chen', 'Xiao Shen-Yang', 'Zhao Benshan', 'Song Hye-kyo', 'Wang Qingxiang', 'Zhang Jin', 'Lo Hoi-pang', 'Cung Le', 'Julian Cheung']","Hong Kong, China","September 26, 2019",2013,PG-13,108 min,"['action', 'adventure', 'drama', 'international']","As the Japanese invasion looms, Chinese kung fu master Ip Man's world changes when rival master Gong Er and her father arrive in his village."
s3028,Movie,Leslie Jones: Time Machine,"David Benioff, D.B. Weiss",['Leslie Jones'],United States,"January 14, 2020",2020,TV-MA,66 min,['comedy'],"From trying to seduce Prince to battling sleep apnea, Leslie Jones traces her evolution as an adult in a joyfully raw and outrageous stand-up special."
s7707,Movie,Pardes,Subhash Ghai,"['Shah Rukh Khan', 'Amrish Puri', 'Mahima Chaudhry', 'Apoorva Agnihotri', 'Alok Nath', 'Himani Shivpuri', 'Padmavati Rao', 'Madhuri Bhatia', 'Dina Pathak', 'Benu Kalsi', 'Anand Balraj', 'Ajay Nagrath', 'Deepak Qazir', 'Shashi Sharma', 'Smita Jaykar', 'Pavan Malhotra', 'Aditya Narayan', 'Subhash Ghai']",India,"March 1, 2018",1997,TV-14,187 min,"['drama', 'international', 'romance']","Prompted by loyalty, Arjun plays matchmaker between his philandering foster brother and a conservative girl but winds up falling in love himself."
s8253,Movie,The Competition,Harvey Lowry,"['Thora Birch', 'Chris Klein', 'Claire Coffee', 'David Blue', 'Kelsey Tucker', 'Michael Draper', 'Jason Tobias', 'Gabrielle Stone', 'Catherine Johnson', 'Tiffany Fallon']",United States,"July 23, 2019",2018,TV-14,103 min,"['comedy', 'romance']","After developing an ""infidelity formula"" said to repel cheating, a popular blogger crosses paths with a charming lawyer willing to put it to the test."
s6645,Movie,Dragonheart: Battle for the Heartfire,Patrik Syversen,"['Tom Rhys Harries', 'Jessamine-Bliss Bell', 'Patrick Stewart', 'André Eriksen', 'Richard Cordery', 'Martin Hutson', 'Turlough Convery', 'Delroy Brown', 'Tamzin Merchant']",United States,"June 13, 2017",2017,PG-13,98 min,"['action', 'adventure', 'sci-fi', 'fantasy']","When the king of Brittania dies, the dragon who shares his heart must find a new ruler, but the monarch's grandchildren go to war over the throne."
s6241,Movie,Barbie: Princess Charm School,Ezekiel Norton,"['Diana Kaarina', 'Morwenna Banks', 'Nicole Oliver', 'Brittney Wilson', 'Ali Liebert', 'Shannon Chan-Kent', 'Madeleine Peters', 'Cathy Weseluck', 'Ellen Kennedy', 'Vincent Tong', 'Derek Waters', 'Brian Drummond', 'Tabitha St. Germain', 'Bethany Brown', 'Miranda Nolte', 'Kelly Metzger', 'Kazumi Evans', 'Anna Cummer']","United States, Canada","October 1, 2017",2011,TV-Y,80 min,['family'],"Blair Willows is excited when she gets to go to Princess Charm School, where she meets princesses Delancy and Hadley, and searches for a magic crown."
s6378,Movie,Bring It On: Worldwide Showdown,Robert Adetuyi,"['Cristine Prosperi', 'Jordan Rodrigues', 'Gia Re', 'Sophie Vavasseur', 'Sven Ruygrok', 'Stephan Lee Benson', 'Natalie Walsh', 'Vivica A. Fox']",United States,"August 29, 2017",2017,PG-13,95 min,['comedy'],"When cheerleading champs the Rebels are challenged by an edgy new squad, they take on teams from all over the world in a virtual cheer battle."
s2396,TV Show,F is for Family,,"['Bill Burr', 'Laura Dern', 'Justin Long', 'Debi Derryberry', 'Sam Rockwell']","United States, France, Canada","June 12, 2020",2020,TV-MA,4 Seasons,['comedy'],"Follow the Murphy family back to the 1970s, when kids roamed wild, beer flowed freely and nothing came between a man and his TV."
s8266,Movie,The Dancer,Ifa Isfansyah,"['Prisia Nasution', 'Oka Antara', 'Slamet Rahardjo', 'Dewi Irawan', 'Lukman Sardi', 'Tio Pakusadewo']",Indonesia,"December 8, 2018",2011,TV-MA,105 min,"['drama', 'international', 'romance']","Orphaned by a tragedy that took the lives of her parents, Srintil grows up in a poor Indonesian village aspiring to be a sacred dancer."
s4805,TV Show,Somewhere Between,,"['Paula Patton', 'Devon Sawa', 'JR Bourne', 'Aria Birch', 'Catherine Barroll', 'Samantha Ferris', 'Imogen Tear', 'Daniel Bacon', 'Carmel Amit', 'Noel Johansen', 'Rebecca Staab']",United States,"June 30, 2018",2017,TV-14,1 Season,"['crime', 'drama', 'mystery']","A local news producer is given one chance to relive a deadly week and stop a serial killer. If she fails, she'll lose her daughter forever."
s1324,Movie,Layla Majnun,Monty Tiwa,"['Reza Rahadian', 'Acha Septriasa', 'Baim Wong', 'Beby Tsabina', 'Dian Nitami', 'Uli Herdinansyah', 'Natasha Rizki', 'Eriska Rein', 'Landung Simatupang', 'August Melasz', 'Chantiq Schagerl', 'Cut Ashifa', 'Aida Cabiyeva', 'Murad Ismayil', 'Nadya Arina', 'Augie Fantinus', 'Angelia Livie', 'Ernanto Kusumo']",Indonesia,"February 11, 2021",2020,TV-14,119 min,"['drama', 'international', 'romance']","While in Azerbaijan, Layla, an Indonesian scholar, falls for Samir, an admirer of her work — but her arranged marriage stands in the way."
s5794,Movie,Cedric the Entertainer: Live from the Ville,Troy Miller,['Cedric the Entertainer'],United States,"September 16, 2016",2016,TV-MA,60 min,['comedy'],"Donning his signature suit and fedora, the dapper comic offers a unique spin on getting old, the presidential election and ""Honky Tonk Badonkadonk."""
s8803,Movie,Zodiac,David Fincher,"['Mark Ruffalo', 'Jake Gyllenhaal', 'Robert Downey Jr.', 'Anthony Edwards', 'Brian Cox', 'Elias Koteas', 'Donal Logue', 'John Carroll Lynch', 'Dermot Mulroney', 'Chloë Sevigny']",United States,"November 20, 2019",2007,R,158 min,"['cult', 'drama', 'thriller']","A political cartoonist, a crime reporter and a pair of cops investigate San Francisco's infamous Zodiac Killer in this thriller based on a true story."
s5406,TV Show,The Ultimatum,,"['Zoe Tay', 'Fann Wong', 'Li Nanxing', 'Tay Ping Hui', 'Elvin Ng', 'Felicia Chin', 'Jerry Yeo']",Singapore,"July 1, 2017",2009,TV-14,1 Season,"['international', 'drama']","Love and intrigue swirl around two women – one a champion of human rights, the other an ambitious businesswoman – who were switched at birth."
s6819,Movie,G-Force,Hoyt Yeatman,"['Bill Nighy', 'Will Arnett', 'Zach Galifianakis', 'Kelli Garner', 'Tyler Patrick Jones', 'Piper Mackenzie Harris', 'Gabriel Casseus', 'Jack Conley', 'Niecy Nash', 'Justin Mentell', 'Nicolas Cage', 'Sam Rockwell', 'Jon Favreau', 'Penélope Cruz', 'Steve Buscemi', 'Tracy Morgan']",United States,"March 15, 2019",2009,PG,88 min,"['family', 'comedy']","When a billionaire sets out to take over the world, only one special forces unit can handle the job – a squad of highly trained guinea pigs."
s269,Movie,Unroyal,Moses Inwang,"['Matilda Lambert', 'Ik Ogbonna', 'Prince Sontoye', 'Blossom Chukwujekwu', 'Linda Osifo', 'Emem Inwang', 'Pete Edochie', 'Shaffy Bello', 'Okon Imeh  Bishop', 'Chinenye Nnebe', 'Femi Adebayo']",,"August 15, 2021",2020,TV-MA,97 min,"['drama', 'international']","When a rude and arrogant princess finds herself relying on a gatekeeper after a terrible accident, it may be enough to make her change her ways."
s401,TV Show,Revelations: The Masters of the Universe: Revelation Aftershow,,"['Kevin Smith', 'Tiffany Smith', 'Robert David', 'Sarah Michelle Gellar', 'Chris Wood', 'Liam Cunningham', 'Alan Oppenheimer', 'Lena Headey', 'Kevin Conroy', 'Henry Rollins', 'Jason Mewes', 'Stephen Root', 'Mark Hamill']",,"July 23, 2021",2021,TV-PG,1 Season,"['anime', 'comedy', 'talkshow']",Take a behind-the-scenes look at “Masters of the Universe: Revelation” as showrunner Kevin Smith and others interview the cast about their iconic roles.
s1490,TV Show,Regiment Diaries,,,India,"December 26, 2020",2020,TV-PG,2 Seasons,"['documentary', 'international']","Historical footage and interviews with soldiers showcase war stories, unique traditions and unifying principles of the Indian Army’s various regiments."
s4173,TV Show,Conversations with a Killer: The Ted Bundy Tapes,,,United States,"January 24, 2019",2019,TV-MA,1 Season,"['crime', 'documentary']","Present-day interviews, archival footage and audio recordings made on death row form a searing portrait of notorious serial killer Ted Bundy."
s2390,Movie,Asura Guru,A. Raajdheep,"['Vikram Prabhu', 'Subbaraju', 'Mahima Nambiar', 'Yogi Babu', 'Jagan']",India,"June 13, 2020",2020,TV-14,117 min,"['drama', 'international']","For a tech-savvy thief, elaborate robberies and evading the police are second nature until a private detective is hired to investigate his latest heist."
s6977,TV Show,History's Greatest Hoaxes,,,Australia,"July 12, 2019",2016,TV-PG,1 Season,"['british', 'documentary']","Using previously unseen footage, this documentary series offers new insights into some of the biggest scams and forgeries in human history."
s707,TV Show,Elite Short Stories: Omar Ander Alexis,,"['Arón Piper', 'Omar Ayuso', 'Claudia Salas', 'Jorge Clemente', 'Laura Calero', 'Jon Rod']",,"June 16, 2021",2021,TV-MA,1 Season,"['international', 'spanish', 'language', 'drama']","Now in remission, Ander is set on spending his summer helping Alexis, his chemo partner, go through treatment."
s4158,Movie,Habibie & Ainun,Faozan Rizal,"['Reza Rahadian', 'Bunga Citra Lestari', 'Tio Pakusadewo', 'Ratna Riantiarno', 'Mike Lucock', 'Vitta Mariana Barrazza', 'Christoffer Nelwan']","Indonesia, Singapore","January 28, 2019",2012,TV-14,125 min,"['drama', 'international', 'romance']","This companion to 2016's ""Rudy Habibie"" traces the relationship between Indonesia’s third president and his wife behind the scenes of their public lives."
s540,TV Show,The New Legends of Monkey,,"['Chai Hansen', 'Luciane Buchanan', 'Josh Thomson', 'Emilie Cocquerel', 'Josh McKenzie', 'Jordan Mooney', 'Jarred Blakiston']","Australia, New Zealand","July 6, 2021",2020,TV-PG,2 Seasons,"['family', 'action', 'adventure', 'sci-fi', 'fantasy']",A valiant girl liberates the Monkey King – a god long trapped in stone – in a quest to find seven sacred scrolls and save the world from evil.
s311,TV Show,Cocaine Cowboys: The Kings of Miami,Billy Corben,,United States,"August 4, 2021",2021,TV-MA,1 Season,"['crime', 'documentary']",Two childhood friends go from high school dropouts to the most powerful drug kingpins in Miami in this true story of a crime saga that spanned decades.
s4398,Movie,BuyBust,Erik Matti,"['Anne Curtis', 'Brandon Vera', 'Victor Neri', 'Arjo Atayde', 'Levi Ignacio', 'Alex Calleja', 'Lao Rodriguez', 'Joross Gamboa', 'Ricky Pascua', 'Nonie Buencamino']",Philippines,"November 13, 2018",2018,TV-MA,128 min,"['action', 'adventure', 'international']","In a mazelike Manila slum, at war with incensed civilians and a brutal cartel, special agent Nina Manigan must fight her way through one fierce night."
s8763,Movie,Wrong Side Raju,Mikhil Musale,"['Pratik Gandhi', 'Kimberley Louisa McBeath', 'Asif Basra', 'Kavi Shastri', 'Hetal Puniwala', 'Ragi Jani', 'Makarand Shukla', 'Alok Gagdekar', 'Jayesh More', 'Siddharth Randeria', 'Kenneth Desai']",India,"October 1, 2017",2016,TV-MA,140 min,"['drama', 'international']",The life of a chauffeur and part-time bootlegger takes a turn toward the dramatic when a girl approaches him to buy illicit alcohol.
s5645,Movie,Rampage: President Down,Uwe Boll,"['Brendan Fletcher', 'Steve Baran', 'Ryan McDonell', 'Scott Patey', 'Loretta Walsh', 'Zain Meghji', 'Crystal Lowe']",Canada,"January 5, 2017",2016,TV-MA,100 min,"['action', 'adventure', 'international']","Lone-wolf vigilante Bill Williamson is back, taking aim at the U.S. government and eluding the pursuit of two FBI agents who are on his trail."
s7092,Movie,Invictus,Clint Eastwood,"['Morgan Freeman', 'Matt Damon', 'Tony Kgoroge', 'Patrick Mofokeng', 'Matt Stern', 'Julian Lewis Jones', 'Adjoa Andoh', 'Marguerite Wheatley', 'Leleti Khumalo', 'Patrick Lyster', 'Penny Downie']",United States,"November 1, 2019",2009,PG-13,134 min,"['drama', 'sport']","After the end of apartheid, newly elected President Nelson Mandela uses the 1995 World Cup rugby matches to unite his people in South Africa."
s1053,Movie,The Master,Paul Thomas Anderson,"['Joaquin Phoenix', 'Philip Seymour Hoffman', 'Amy Adams', 'Laura Dern', ""Kevin J. O'Connor"", 'Jesse Plemons', 'Rami Malek', 'Christopher Evan Welch', 'Madisen Beaty', 'Ambyr Childers', 'Price Carson']",United States,"April 15, 2021",2012,R,137 min,"['drama', 'independent']","A heavy-drinking loner finds some semblance of a family when he stumbles onto the ship of Lancaster Dodd, the charismatic leader of a new ""religion."""
s1645,Movie,Fantastica,Barry Gonzalez,"['Vice Ganda', 'Richard Gutierrez', 'Dingdong Dantes', 'Bela Padilla']",Philippines,"November 26, 2020",2018,TV-PG,114 min,"['comedy', 'international', 'lgbtq']",The owner of a struggling carnival starts putting on small-time shows to save his wonderland as an old friend asks for help with a magical mission.
s7276,Movie,LeapFrog: Letter Factory,Roy Allen Smith,"['Joey Camen', 'Marie Danielle', 'Mark Cacciatore', 'Dave Fennoy', 'Debi Derryberry']",United States,"April 15, 2020",2003,TV-Y,37 min,['family'],"In this entertaining installment of the wildly popular early-learning series, Professor Quigley, Leap, Lily and Tad arrive at the magical Letter Factory, where jumbles of sounds are miraculously shaped into letters."
s5579,TV Show,Buddy Thunderstruck,,"['Brian Atkinson', 'Ted Raimi', 'Harry Chaskin', 'Justin Michael', 'Debi Derryberry', 'Philip Maurice Hayes', 'Leigh Kelly', 'J.D. Ryznar', 'Nick Shakoour', 'Ryan Wiesbrock', 'Clark Wiesbrock']",United States,"March 10, 2017",2017,TV-Y7,1 Season,"['family', 'comedy']","Follow the outrageous, high-octane adventures of Buddy Thunderstruck, a truck-racing dog who brings guts and good times to the town of Greasepit."
s6969,Movie,Highly Strung,Scott Hicks,,Australia,"February 1, 2017",2015,TV-14,80 min,"['documentary', 'international', 'music']","Fiery passions take center stage in this intimate look at the Australian String Quartet and, perhaps more vital, the priceless instruments they guard."
s5872,TV Show,Chelsea Does,,['Chelsea Handler'],United States,"January 23, 2016",2016,TV-MA,1 Season,"['documentary', 'science', 'nature']","In a provocative documentary series, comedian Chelsea Handler confronts personal and cultural hang-ups around four topics that fascinate her."
s3450,TV Show,Creeped Out,,"['Victoria Diamond', 'William Romain', 'Sydney Wade', 'Jennifer James', 'Daniel Ryan', 'Robert Styles', 'Rhys Gannon', 'Maeve Larkin', 'Margaret Jackman', 'Katie Proctor', 'Jonathan Blake', 'Maximus Evans', 'Anya Lawrence', 'Tiffany Elefano', 'Diya Kittur', 'Berkley Silverman', 'Malen Clarkson', 'Jason Done', 'Rosina Carbone', 'Boris Burnell Anderson', 'Macey Howarth', 'Rebecca Hanssen', 'William Haresceugh', 'Chris Jack', 'Zita Sattar', 'Acushla-Tara Kupe', 'Tillie Amartey', 'Isabella Pinto', 'Bella Band', 'Lola Ogunyemi', 'Elizabeth Bower', 'Gianluca Gallucci', 'Jacob Henshaw', 'Amelia Curtis', 'Romy Weltman', 'Justin Paul Kelly', 'Jordan Poole', 'Thamela Mpumlwana', 'Jake Sim', 'Leah Choudhry', 'Daniel Ogbeide-John', 'Emma Gregory', 'Rachel Leskovac', 'Andonis Anthony', 'Kyle Breitkopf', 'Julian Richings', 'Kathryn Emily Douglas']","United Kingdom, Canada","October 4, 2019",2019,TV-PG,2 Seasons,"['british', 'family', 'thriller']","A masked figure known as ""The Curious"" collects tales of dark magic, otherworldly encounters and twisted technology in this kids anthology series."
s5359,Movie,Opening Night,Isaac Rentz,"['Topher Grace', 'Alona Tal', 'Anne Heche', 'Taye Diggs', 'Rob Riggle', 'Paul Scheer', 'J.C. Chasez', 'Lauren Lapkus', 'Lesli Margherita', 'Brian Huskey']",United States,"August 1, 2017",2016,TV-MA,84 min,"['comedy', 'independent', 'music']","Once a rising star on Broadway, Nick is now the perennially pestered production manager for a new musical dedicated to rock music's one-hit wonders."
s5339,Movie,Baahubali: The Beginning (Malayalam Version),S.S. Rajamouli,"['Prabhas', 'Rana Daggubati', 'Anushka Shetty', 'Tamannaah Bhatia', 'Sathyaraj', 'Nassar', 'Ramya Krishnan', 'Sudeep']",,"August 7, 2017",2015,TV-14,160 min,"['action', 'adventure', 'drama', 'international']",Villagers in the kingdom of Mahismati rescue a baby who is destined to embark on a heroic quest in this Malayalam version of S.S. Rajamouli's epic.
s7320,Movie,Little Singham in London,Prakash Satam,,,"April 22, 2019",2019,TV-Y7,66 min,"['family', 'comedy']","Little Singham is in London to meet the queen, but when the famed Kohinoor Diamond gets stolen, the kid cop goes on a wild, citywide hunt for the thief."
s6392,Movie,Burlesque: Heart of the Glitter Tribe,Jon Manning,,United States,"June 1, 2017",2017,TV-MA,76 min,['documentary'],"This revealing documentary probes the onstage personas of Portland, Oregon, burlesque performers who practice wildly different art forms."
s6384,Movie,Bruno and Boots: The Wizzle War,Vivieno Caldinelli,"['Jonny Gray', 'Callan Potter', 'Matt Baram', 'Caroline Rhea', 'Kiana Madeira']",Canada,"July 1, 2017",2017,TV-PG,90 min,"['family', 'comedy']","Fed up with weird dress codes and wacky punishments, the students of neighboring schools face off against two recently hired oddball authoritarians."
s2949,TV Show,The Pharmacist,"Julia Willoughby Nason, Jenner Furst",,United States,"February 5, 2020",2020,TV-MA,1 Season,"['crime', 'documentary']","After his son's tragic death, a Louisiana pharmacist goes to extremes to expose the rampant corruption behind the opioid addiction crisis."
s7407,TV Show,Maron,,"['Marc Maron', 'Judd Hirsch', 'Josh Brener', 'Nora Zehetner', 'Andy Kindler']",United States,,2016,TV-MA,4 Seasons,['comedy'],"Marc Maron stars as Marc Maron, who interviews fellow comedians for his popular podcast, only to reveal more about his own neuroses and relationships."
s8012,Movie,SHOT! The Psycho-Spiritual Mantra of Rock,Barney Clay,['Mick Rock'],"United Kingdom, United States","August 10, 2017",2016,TV-MA,98 min,"['documentary', 'music']",Aptly named iconic rock photographer Mick Rock reconstructs his journey through the thrilling and murky universe of rock 'n' roll history.
s1163,Movie,Keeping the Bees,Eylem Kaftan,"['Meryem Uzerli', 'Feyyaz Duman', 'Hakan Karsak', 'Şennur Nogaylar', 'Burcu Salihoğlu']",Turkey,"March 26, 2021",2020,TV-14,93 min,"['drama', 'international']",Ayşe returns from Germany to her Black Sea hometown and sets out to fulfill her mom's dying wish — to care for her beloved bee farms.
s3109,TV Show,Private Practice,,"['Kate Walsh', 'Tim Daly', 'Audra McDonald', 'Paul Adelstein', 'Taye Diggs', 'Amy Brenneman', 'KaDee Strickland', 'Chris Lowell', 'Brian Benben']",United States,"December 22, 2019",2012,TV-14,6 Seasons,"['comedy', 'drama']","At Oceanside Wellness Center, Dr. Addison Montgomery deals with competing personalities in the new world of holistic medicine."
s1964,Movie,DTC Yukemuri Junjo Hen From High & Low,Norihisa Hiranuma,"['Kenjiro Yamashita', 'Kanta Sato', 'Taiki Sato', 'Masayasu Yagi', 'Kousei Amano', 'Miu Arai', 'Taro Suruga', 'Yuko Fueki', 'Tomoki Hirose', 'Ryo Matsuda', 'Masaru Mizuno', 'Shunsuke Tanaka', 'Fumihiko Tachiki', 'Eri Murakawa', 'Katsuya Kobayashi']",Japan,"September 20, 2020",2018,TV-PG,102 min,"['drama', 'international']","Dan, Tettsu and Chiharu leave the battles of the SWORD district behind for a carefree road trip adventure and end up working in a hot spring resort."
s2696,Movie,The Main Event,Jay Karas,"['Seth Carr', 'Tichina Arnold', 'Adam Pally', 'Ken Marino', ""Mike 'The Miz' Mizanin"", 'Momona Tamada', 'Keith Lee', 'Babatunde Aiyegbusi', 'Kofi Kingston']",United States,"April 10, 2020",2020,TV-G,103 min,"['family', 'comedy', 'sport']","Using special powers from a magical mask, a young WWE fan causes chaos when he enters a wrestling competition and fights an intimidating rival."
s3490,TV Show,Abstract: The Art of Design,,"['Christoph Niemann', 'Tinker Hatfield', 'Es Devlin', 'Bjarke Ingels', 'Paula Scher', 'Platon', 'Ilse Crawford', 'Ralph Gilles']",United States,"September 25, 2019",2019,TV-14,2 Seasons,['documentary'],Step inside the minds of the most innovative designers in a variety of disciplines and learn how design impacts every aspect of life.
s4601,Movie,Race,"Mastan Alibhai Burmawalla, Abbas Alibhai Burmawalla","['Saif Ali Khan', 'Akshaye Khanna', 'Katrina Kaif', 'Bipasha Basu', 'Anil Kapoor', 'Sameera Reddy']",India,"October 1, 2018",2008,TV-14,155 min,"['action', 'adventure', 'international', 'music']",The plot thickens around two horse-racing competitors when three beautiful women come into their lives and a murder is committed.
s3298,Movie,Paradise Beach,Xavier Durringer,"['Sami Bouajila', 'Tewfik Jallab', 'Mélanie Doutey', 'Hugo Becker', 'Kool Shen', 'Hubert Koundé', 'Seth Gueko', 'Sonia Couling', 'Chalad Na Songkhla', 'Flore Bonaventura', 'Nessbeal', ""Dorian N'Goumou dit Dosseh"", 'Hache-P']",France,"November 8, 2019",2019,TV-MA,94 min,"['action', 'adventure', 'drama', 'international']","Mehdi gets out of prison, planning to settle old scores. But first, he must reconnect with his gang, now living in an idyllic beach resort in Thailand."
s1221,Movie,Coven of Sisters,Pablo Agüero,"['Alex Brendemühl', 'Amaia Aberasturi', 'Daniel Fanego', 'Garazi Urkola', 'Yune Nogueiras', 'Jone Laspiur', 'Irati Saez de Urabain', 'Lorea Ibarra']","Spain, Argentina","March 11, 2021",2021,TV-MA,92 min,"['drama', 'independent', 'international']","Basque Country, 1609. To postpone their execution, a group of women accused of witchcraft lure their inquisitor into witnessing the witches' Sabbath."
s6072,Movie,Aadu 2,Midhun Manuel Thomas,"['Jayasurya', 'Vinayakan', 'Sunny Wayne', 'Vijay Babu', 'Saiju Kurup', 'Vineeth Mohan', 'Unni Rajan P. Dev', 'Dharmajan Bolgatty', 'Indrans']",India,"May 15, 2018",2017,TV-MA,150 min,"['comedy', 'international']","When Shaji Pappan and his gang of goofy outlaws find themselves low on funds, they plan to once again win a hefty prize in a tug-of-war competition."
s3254,Movie,"Lorena, Light-Footed Woman",Juan Carlos Rulfo,['Lorena Ramírez'],Mexico,"November 20, 2019",2019,TV-G,28 min,"['documentary', 'international', 'sport']",Lorena Ramírez of Mexico's Rarámuri community lives a pastoral life – except when she straps on her sandals to compete as an ultramarathon runner.
s6314,Movie,Bilu Rakkhosh,Indrasis Acharya,"['Joy Sengupta', 'Koneenica Banerjee', 'Kanchana Moitra', 'Pradip Mukherjee']",India,"March 15, 2018",2017,TV-MA,127 min,"['drama', 'international']","Torn between his demanding corporate career, his passion for music and his turbulent family life, a man struggles to keep his inner demons in check."
s2781,Movie,Curtiz,Tamas Yvan Topolanszky,"['Ferenc Lengyel', 'Evelin Dobos', 'Declan Hannigan', 'Scott Alexander Young', 'József Gyabronka', 'Nikolett Barabas', 'Yan Feldman', 'Rafael Feldman', 'Christopher Krieg', 'Andrew Hefler', 'Lili Bordán']",Hungary,"March 25, 2020",2018,TV-MA,99 min,"['drama', 'international']","Driven and arrogant, film director Michael Curtiz deals with studio politics and family drama during the troubled production of ""Casablanca"" in 1942."
s1200,Movie,Savages,Oliver Stone,"['Taylor Kitsch', 'Aaron Taylor-Johnson', 'Blake Lively', 'John Travolta', 'Benicio Del Toro', 'Salma Hayek', 'Demián Bichir', 'Sandra Echeverría', 'Emile Hirsch', 'Joaquín Cosío', 'Ali Wong']",United States,"March 16, 2021",2012,R,131 min,"['drama', 'thriller']","With the help of a shady DEA agent, two weed entrepreneurs take on a merciless cartel leader who wants in on their business and kidnaps their lover."
s2892,TV Show,Gentefied,,"['J.J. Soria', 'Carlos Santos', 'Karrie Martin', 'Joaquín Cosío', 'Julissa Calderon', 'Annie Gonzalez', 'Laura Patalano', 'Felipe Esparza']",United States,"February 21, 2020",2020,TV-MA,1 Season,"['comedy', 'drama']",The Morales cousins scramble to save their grandfather's taco shop — and pursue their own dreams — as gentrification shakes up their LA neighborhood.
s1265,Movie,Our Idiot Brother,Jesse Peretz,"['Paul Rudd', 'Elizabeth Banks', 'Zooey Deschanel', 'Emily Mortimer', 'Kathryn Hahn', 'Steve Coogan', 'Rashida Jones', 'Hugh Dancy', 'Shirley Knight', 'Adam Scott', 'T.J. Miller']",United States,"February 26, 2021",2011,R,90 min,"['comedy', 'drama', 'independent']",A seemingly clueless idealist relies on his exasperated sisters for shelter and support after his girlfriend dumps him and his dog is taken away.
s530,Movie,Return of the Prodigal Son,Youssef Chahine,"['Majida El Roumi', 'Souheir El Morshidy', 'Shoukry Sarhan', 'Huda Sultan', 'Mahmoud El Meleigy', 'Ahmad Mehrez', 'Hesham Selim']",Egypt,"July 6, 2021",1976,TV-MA,124 min,"['drama', 'international']","Freed after spending 12 years in jail, a man's homecoming turns into a dark affair as his disillusion clashes with his family's expectations."
s2721,Movie,Dostana,Tarun Mansukhani,"['Abhishek Bachchan', 'John Abraham', 'Priyanka Chopra', 'Bobby Deol', 'Kiron Kher', 'Sushmita Mukherjee', 'Shrey Bawa', 'Boman Irani']","India, United States","April 1, 2020",2008,TV-14,142 min,"['comedy', 'drama', 'international']","To win over a landlady who only accepts women as tenants, two men pose as a couple – but the jig may be up when they both fall for their flatmate."
s3471,TV Show,Miniforce X,,,South Korea,"October 1, 2019",2018,TV-Y7,1 Season,"['family', 'korean']",Zenos wants to use the Earth’s negative energy for his own good – and it's up to Miniforce X to stop this space alien’s evil plans.
s7544,Movie,My Only Mother,Wenn V. Deramas,"['Ai-Ai de las Alas', 'Marvin Agustin', 'Carlo Aquino', 'Heart Evangelista', 'Nikki Valdez', 'Shaina Magdayao', 'Serena Dalrymple', 'Jiro Manio']",,"March 4, 2019",2013,TV-14,104 min,"['comedy', 'drama', 'international']","After the untimely demise of her first three husbands, a stoic single mom is left to raise twelve children on her own and provide for her big family."
s2421,Movie,Choked: Paisa Bolta Hai,Anurag Kashyap,"['Saiyami Kher', 'Roshan Mathew', 'Amruta Subhash', 'Upendra Limaye', 'Tushar Dalvi', 'Rajshri Deshpande', 'Vaisnavi RP', 'Uday Nene', 'Parthveer Shukla', 'Sanjay Bhatia', 'Aditya Kumar', 'Milind Pathak']",India,"June 5, 2020",2020,TV-14,114 min,"['drama', 'international']",A bank employee weighed down by her jobless husband's debts — and her own broken dreams — finds a secret source of seemingly unlimited cash in her home.
s8551,Movie,The Walls of the Moon,"Ossama Abu El Atta, Tarek Al Eryan","['Mona Zaki', 'Asser Yassin', 'Amr Saad', 'Salwa Mohammed']",Egypt,"April 18, 2019",2015,TV-14,98 min,"['action', 'adventure', 'drama', 'international']","After losing her eyesight in an accident, a woman lands in a love triangle as she looks for meaning in her life."
s4675,TV Show,The Comedy Lineup,,"['Michelle Buteau', 'Ian Karmel', 'Taylor Tomlinson', 'Sam Jay', 'Phil Wang', 'Sabrina Jalees', 'Jak Knight', 'Tim Dillon']",United States,"August 31, 2018",2018,TV-MA,2 Seasons,"['comedy', 'talkshow', 'comedy']",A diverse group of up-and-coming comedians perform 15-minute sets in this stand-up comedy showcase series.
s2486,Movie,Mujeres arriba,Andrés Feddersen,"['Loretto Bernal', 'Natalia Valdebenito', 'Alison Mandel', 'Matías Assler', 'Cristián Riquelme', 'Diego Casanueva', 'Samuel González', 'Consuelo Holzapfel', 'Esteban Rojas', 'Amanda Müller']",Chile,"May 21, 2020",2019,TV-14,98 min,"['comedy', 'international', 'romance']","A trio of best friends — a carefree bachelorette, a passionate mom and a perfectionist girlfriend — try to spice up their sex lives with their partners."
s3420,Movie,Park Na-rae: Glamour Warning,Kim Joo-hyung,['Park Na-rae'],South Korea,"October 16, 2019",2019,TV-MA,63 min,['comedy'],"Korea’s beloved comedian and favorite big sister figure talks sex, relationships and celebrity life. And she’s sassier and dirtier than ever before."
s986,Movie,Kocan Kadar Konus,Kıvanç Baruönü,"['Ezgi Mola', 'Murat Yıldırım', 'Gülenay Kalkan', 'Ebru Cündübeyoğlu', 'Eda Ece', 'Begüm Öner', 'Gül Arıcı', 'Muhammet Uzuner']",Turkey,"April 23, 2021",2015,TV-MA,104 min,"['comedy', 'international', 'romance']",A 30-year-old who's never taken the traditional path to love is tutored by her friends and family before reconnecting with her high school crush.
s6958,Movie,Hellboy,Guillermo del Toro,"['Ron Perlman', 'John Hurt', 'Selma Blair', 'Rupert Evans', 'Karel Roden', 'Jeffrey Tambor', 'Doug Jones', 'Brian Steele', 'Ladislav Beran', 'Biddy Hodson', 'Corey Johnson', 'Kevin Trainor']",United States,"December 1, 2018",2004,PG-13,122 min,"['action', 'adventure', 'cult', 'sci-fi', 'fantasy']","This fast-paced action flick tells the dark story of Hellboy, a charismatic demon who's put on Earth by the Nazis to terrorize the rest of the world."
s4241,Movie,Sam Kinison: The Scream Continues,,['Sam Kinison'],United States,"December 31, 2018",2016,TV-MA,29 min,['documentary'],Sam's brother and former manager Bill Kinison speaks about the late comedian's journey from preacher to standup legend.
s3852,TV Show,Unchained Fate,,"['Lenna Lim', 'Jack Tan', 'Rickman Chia', 'Rabbit Chen', 'Kopi Lim Guo Wei', 'Agnes Wang', 'Allan Toh', 'Mandy Chen', 'Tan Hau Yen']",,"May 8, 2019",2016,TV-14,1 Season,"['international', 'drama', 'sci-fi', 'fantasy']","A young trio aims to protect the world from evil, armed with magic crystals that allow them to control time, commune with spirits, and more."
s5277,Movie,Jeff Dunham: Relative Disaster,Michael Simon,['Jeff Dunham'],United States,"September 12, 2017",2017,TV-MA,71 min,['comedy'],Ventriloquist Jeff Dunham brings his rude and slightly demented posse of puppets to Ireland for a gleeful skewering of family and politics.
s6526,Movie,Concrete Football,"Jesse Adang, Syrine Boulanouar",,"Czech Republic, France","September 1, 2017",2016,TV-MA,52 min,"['documentary', 'international', 'sport']","The development of professional soccer worldwide owes a great debt to the soccer – or ""football"" – that is played on the streets of France."
s6845,Movie,Ghayal,Rajkumar Santoshi,"['Sunny Deol', 'Meenakshi Sheshadri', 'Amrish Puri', 'Moushumi Chatterjee', 'Kulbhushan Kharbanda', 'Om Puri', 'Raj Babbar', 'Shabbir Khan']",India,"December 31, 2019",1990,TV-14,163 min,"['action', 'adventure', 'drama', 'international']","Framed for his older brother's murder, a boxer seeks violent revenge against the true killer who's torn his family apart."
s6351,Movie,Bobby,Raj Kapoor,"['Rishi Kapoor', 'Dimple Kapadia', 'Pran', 'Prem Nath', 'Sonia Sahni', 'Durga Khote', 'Aruna Irani', 'Prem Chopra', 'Farida Jalal']",India,"December 31, 2019",1973,TV-14,168 min,"['classic', 'drama', 'international']","Raj, the son of strict, wealthy parents, falls in love with Bobby, the daughter of a poor Christian fisherman – a romance his parents oppose."
s2492,Movie,The School of Mischief,Houssam El-Din Mustafa,"['Suhair El-Babili', 'Adel Emam', 'Saeed Saleh', 'Younes Shalabi', 'Hadi El-Gayyar', 'Ahmad Zaki', 'Hassan Moustafa']",Egypt,"May 21, 2020",1973,TV-14,253 min,"['comedy', 'drama', 'international']",A high school teacher volunteers to transform five notorious misfits into model students — and has unintended results.
s4229,Movie,Whitney Cummings: Money Shot,John Fortenberry,['Whitney Cummings'],United States,"January 1, 2019",2010,TV-MA,48 min,['comedy'],"Comedy Central roast veteran Whitney Cummings gets the stage to herself in this debut special, which finds her riffing on a wide range of topics."
s5865,Movie,"Crouching Tiger, Hidden Dragon: Sword of Destiny",Yuen Wo-Ping,"['Michelle Yeoh', 'Donnie Yen', 'Harry Shum Jr.', 'Natasha Liu Bordizzo', 'Jason Scott Lee', 'Eugenia Yuan', 'Roger Yuan', 'Juju Chan', 'Chris Pang', 'Woon Young Park', 'Darryl Quon']","China, United States","February 26, 2016",2016,PG-13,101 min,"['action', 'adventure', 'romance']",Renowned warrior Yu Shu-Lien comes out of retirement to keep the legendary Green Destiny sword away from villainous warlord Hades Dai.
s4546,Movie,Monty Python: Before the Flying Circus,Will Yapp,"['Graham Chapman', 'Eric Idle', 'Terry Jones', 'Michael Palin', 'Terry Gilliam', 'John Cleese']",United Kingdom,"October 2, 2018",2000,TV-MA,56 min,"['comedy', 'documentary']","Discover how six seemingly ordinary but supremely talented men became Monty Python, sketch comedy's revolutionary comedy troupe."
s6235,Movie,Barbie & Her Sisters in a Pony Tale,Kyran Kelly,"['Kelly Sheridan', 'Kazumi Evans', 'Claire Corlett', 'Ashlyn Drummond', 'Alex Kelly', 'Tabitha St. Germain', 'Shannon Chan-Kent']",United States,"October 1, 2017",2013,TV-Y,74 min,['family'],"Barbie and her sisters set off on a Swiss adventure to the majestic Alps, where they're excited to spend the summer at a fun-filled riding academy!"
s1501,Movie,Your Name Engraved Herein,Liu Kuang-hui,"['Edward Chen', 'Tseng Ching-hua', 'Leon Dai', 'Jason Wang', 'Fabio Grangeon', 'Mimi Shao', 'Barry Qu', 'Erek Lin', 'Honduras', 'Lotus Wang']",Taiwan,"December 23, 2020",2020,TV-MA,115 min,"['drama', 'international', 'lgbtq']","In 1987, as martial law ends in Taiwan, Jia-han and Birdy fall in love amid family pressure, homophobia and social stigma."
s2565,Movie,One Day: Justice Delivered,Ashok Nanda,"['Anupam Kher', 'Esha Gupta', 'Kumud Mishra', 'Kashyap Bharbhaya', 'Anusmiritu Sarkar', 'Zakir Hussain', 'Rajesh Sharma', 'Murli Sharma', 'Ananth Narayan Mahadevan', 'Deepshikha']",India,"May 3, 2020",2019,TV-14,120 min,"['drama', 'international']","A former judge in retirement finds and punishes the culprits he could not convict in court, spurring a crime branch officer to investigate."
s7353,Movie,Love You... Love You Not,Sridhar Jetty,"['Chelsea Islan', 'Hamish Daud', 'Miller Khan', 'Kemal Pahlevi', 'R.R. Melati Pinaring', 'Fico Fachriza', 'Reynold Hamzah', 'Rizka Dwi Septiana', 'Arkanda Saezario Wicaksono']",Indonesia,"January 5, 2019",2015,TV-14,115 min,"['comedy', 'international', 'romance']",A love triangle gets complicated when a female English tutor unknowingly gets between a hot-tempered guy and his off-to-the-United States girlfriend.
s6841,Movie,Get Santa,Christopher Smith,"['Jodie Whittaker', 'Warwick Davis', 'Jim Broadbent', 'Stephen Graham', 'Nonso Anozie', 'Rafe Spall', 'Ewen Bremner', 'Matt King']","United Kingdom, United States","December 12, 2014",2014,PG,103 min,"['family', 'comedy']","When Santa gets arrested for trespassing after crashing his sleigh, it's up to a father-son team to spring him from jail and save Christmas."
s4071,Movie,Bride For Rent,Mae Czarina Cruz,"['Kim Chiu', 'Xian Lim', 'Empoy Marquez', 'Martin del Rosario', 'Pilita Corrales', 'Tirso Cruz III', 'Dennis Padilla', 'Matt Evans', 'Lloyd Zaragoza', 'Zeppi Borromeo']",Philippines,"February 27, 2019",2014,TV-PG,110 min,"['comedy', 'international', 'romance']","Rocco needs to hire a bride so he can access his trust fund. Rocky desperately needs a job. Their marriage starts out fake, but ends up as much more."
s1069,TV Show,Unnatural Selection,,,United States,"April 14, 2021",2019,TV-MA,1 Season,"['documentary', 'science', 'nature']","From eradicating disease to selecting a child’s traits, gene editing gives humans the chance to hack biology. Meet the real people behind the science."
s4695,Movie,Toilet: Ek Prem Katha,Shree Narayan Singh,"['Akshay Kumar', 'Bhumi Pednekar', 'Divyendu Sharma', 'Atul Srivastava', 'Anupam Kher', 'Ayesha Raza Mishra', 'Mukesh S Bhatt', 'Shubha Khote', 'Sudhir Pandey']",India,"August 21, 2018",2017,TV-14,145 min,"['comedy', 'drama', 'international']","On her first day of marriage, a woman leaves her husband upon learning his home lacks a toilet, sparking a quixotic quest to acquire modern sanitation."
s1307,TV Show,Good Girls,,"['Christina Hendricks', 'Retta', 'Mae Whitman', 'Matthew Lillard', 'Reno Wilson', 'Manny Montana', 'Lidya Jewett', 'Izzy Stannard', 'David Hornsby', 'Zach Gilford']",United States,"February 16, 2021",2020,TV-MA,3 Seasons,"['crime', 'comedy', 'drama']",Three suburban moms orchestrate a local grocery store heist to escape financial ruin and establish independence – together.
s3349,Movie,The Man Without Gravity,Marco Bonfanti,"['Elio Germano', 'Michela Cescon', 'Elena Cotta', ""Silvia D'Amico"", 'Vincent Scarito']","Italy, Belgium","November 1, 2019",2019,TV-MA,107 min,"['drama', 'international']",A gravity-defying boy raised in seclusion matures into an extraordinary man – and an international celebrity – who longs for human connection.
s2530,TV Show,The Wiggles,,"['Anthony Field', 'Lachlan Gillespie', 'Simon Pryce', 'Emma Watkins', 'Paul Paddick']",Australia,"May 15, 2020",2015,TV-Y,2 Seasons,['family'],"The top band for preschool kids, The Wiggles, entertains tots with spirited music, simple choreography and whimsical adventures."
s3370,TV Show,BoJack Horseman,,"['Will Arnett', 'Aaron Paul', 'Amy Sedaris', 'Alison Brie', 'Paul F. Tompkins']",United States,"October 25, 2019",2020,TV-MA,6 Seasons,['comedy'],"Meet the most beloved sitcom horse of the '90s, 20 years later. He’s a curmudgeon with a heart of...not quite gold...but something like gold. Copper?"
s6487,Movie,Cirque du Freak: The Vampire's Assistant,Paul Weitz,"['John C. Reilly', 'Ken Watanabe', 'Josh Hutcherson', 'Chris Massoglia', 'Ray Stevenson', 'Patrick Fugit', 'Orlando Jones', 'Willem Dafoe', 'Salma Hayek', 'Michael Cerveris', 'Jane Krakowski', 'Frankie Faison', 'Patrick Breen', 'Colleen Camp', 'Don McManus', 'Jessica Carlson', 'Kristen Schaal']",United States,"April 16, 2018",2009,PG-13,109 min,"['action', 'adventure', 'horror', 'sci-fi', 'fantasy']","When Darren Shan is taken to a circus that's chock-full of sideshow oddities, he meets a vampire and receives a life-changing bite on the neck."
s7794,Movie,Primal Fear,Gregory Hoblit,"['Richard Gere', 'Edward Norton', 'Laura Linney', 'John Mahoney', 'Alfre Woodard', 'Frances McDormand', ""Terry O'Quinn"", 'Andre Braugher', 'Steven Bauer', 'Joe Spano', 'Kenneth Tigar', 'Tony Plana', 'Maura Tierney', 'Stanley Anderson']",United States,"December 1, 2019",1996,R,131 min,"['drama', 'thriller']","When a blood-spattered altar boy is found running from a murder scene, his conviction seems certain – but his attorney is determined to win the case."
s5132,Movie,Shikari,"Latif Faiziyev, Umesh Mehra","['Mithun Chakraborty', 'Naseeruddin Shah', 'Irina Kushnareva', 'Varsha Usgaonkar', 'Gulshan Grover', 'Anjana Mumtaz', 'Amrish Puri', 'Amrit Pal', 'Achyut Potdar', 'Lilliput']","India, Soviet Union","December 8, 2017",1991,TV-14,163 min,"['drama', 'international', 'music']","When Shankar, who performs on the road with partner Chanchal and elephant Appu, falls for a Russian circus performer, jealousies and conflicts arise."
s3219,Movie,Holiday Rush,Leslie Small,"['Romany Malco', 'Sonequa Martin-Green', 'Darlene Love', 'Deon Cole', 'La La Anthony', 'Deysha Nelson', 'Amarr M. Wooten', 'Selena-Marie Alphonse', 'Andrea-Marie Alphonse']",United States,"November 28, 2019",2019,TV-PG,94 min,"['family', 'drama']",A widowed radio DJ and his four spoiled kids need to tighten their belts and pull together when their life of luxury turns lean just before Christmas.
s6727,Movie,Eyyvah Eyyvah 2,Hakan Algül,"['Demet Akbağ', 'Ata Demirer', 'Özge Borak', 'Salih Kalyon', 'Tanju Tuncel', 'Meray Ülgen', 'Bican Günalan', 'Tarık Ünlüoğlu', 'Ayşenil Şamlıoğlu']",Turkey,"March 10, 2017",2011,TV-PG,106 min,"['comedy', 'international', 'romance']","Hüseyin has found his father, and now has one more mission – to get together with the girl of his dreams, with a little help from his new friend."
s3267,Movie,GO! The Unforgettable Party,Mauro Scandolari,"['Pilar Pascual', 'José Gimenez Zapiola', 'Renata Toscano', 'Santiago Saez', 'Carmela Barsamian', 'Paulo Sánchez Lima', 'Daniel Rosado', 'Laura Azcurra', 'Gastón Ricaud', 'Florencia Benítez', 'Majo Cardozo']",Argentina,"November 15, 2019",2019,TV-PG,60 min,"['family', 'music']","Mía's vacation with her dad is disrupted by the surprise arrival of Lupe, Mercedes, Juanma and Álvaro as their school drama moves lakeside."
s1803,Movie,Shattered Memories,Chris Sivertson,"['Elizabeth Bogush', 'Brad Schmidt', 'Sarah Lind', 'Eddie Kaye Thomas', 'Phillip Boyd', 'Victoria Barabas', 'Mark Famiglietti', 'Walker Borba', 'Meg DeLacy']",United States,"October 23, 2020",2018,TV-14,86 min,"['drama', 'thriller']","When her former lover's mysteriously murdered, a woman must clear her name – and avoid the killer."
s6530,Movie,Consequences ,Ozan Açıktan,"['Nehir Erdoğan', 'Tardu Flordun', 'İlker Kaleli', 'Serkan Keskin', 'Esra Bezen Bilgin', 'Aytaç Uşun', 'Cem Özeren', 'Caner Arçkan']",Turkey,"October 25, 2019",2014,TV-MA,106 min,"['drama', 'international', 'thriller']",Secrets bubble to the surface after a sensual encounter and an unforeseen crime entangle two friends and a woman caught between them.
s4043,TV Show,American Crime Story: The People v. O.J. Simpson,,"['Cuba Gooding Jr.', 'Sarah Paulson', 'John Travolta', 'Courtney B. Vance', 'Sterling K. Brown', 'Kenneth Choi', 'Christian Clemenson', 'Bruce Greenwood', 'Nathan Lane', 'David Schwimmer', 'Chris Bauer', 'Jordana Brewster', 'Selma Blair', 'Connie Britton']",United States,"March 6, 2019",2016,TV-MA,1 Season,"['crime', 'drama']","This anthology series dramatizes historic criminal cases in the U.S., including the O.J. Simpson trial and Andrew Cunanan's 1997 murder spree."
s3042,Movie,Bulletproof 2,Don Michael Paul,"['Faizon Love', 'Kirk Fox', 'Tony Todd', 'Pearl Thusi', 'Cassie Clare', 'Fiona Ramsey', 'Neels Clasen', 'Roxy Nel']",United States,"January 9, 2020",2020,TV-MA,97 min,"['action', 'adventure', 'comedy']",A special agent abruptly reunites with a criminal – once a former friend – when he attempts to use his identity to infiltrate and take down a cartel.
s7901,Movie,Rumble in the Bronx,Stanley Tong,"['Jackie Chan', 'Anita Mui', 'Françoise Yip', 'Bill Tung', 'Marc Akerstream', 'Garvin Cross', 'Morgan Lam', 'Ailen Sit']",Hong Kong,"November 1, 2019",1995,R,89 min,"['action', 'adventure', 'comedy', 'international']","During a visit to the Bronx to help out at his uncle's store, a cheerful martial arts expert springs into action when a gang terrorizes the shop."
s1378,TV Show,Outlander,,"['Caitriona Balfe', 'Sam Heughan', 'Tobias Menzies', 'Gary Lewis', 'Graham McTavish', 'Lotte Verbeek', 'Duncan Lacroix', 'Laura Donnelly', 'Bill Paterson', 'Stephen Walters', ""Grant O'Rourke"", 'Simon Callow', 'Richard Rankin', 'Sophie Skelton', 'David Berry', 'Romann Berrux', 'Ed Speleers', 'Maria Doyle Kennedy', 'Tim Downie']",United States,"January 27, 2021",2018,TV-MA,4 Seasons,"['romance', 'action', 'adventure', 'drama']",This epic tale adapted from Diana Gabaldon's popular series of fantasy-romance novels focuses on the drama of two time-crossed lovers.
s1190,Movie,Nate Bargatze: The Greatest Average American,Troy Miller,['Nate Bargatze'],United States,"March 18, 2021",2021,TV-G,60 min,['comedy'],"Nate Bargatze touches on Zoom comedy shows, losing his phone, hotel breakfast fails, animal caddies, new math and much more in this special."
s2508,TV Show,Patton Oswalt: I Love Everything,Marcus Raboy,"['Patton Oswalt', 'Bob Rubin']",United States,"May 19, 2020",2020,TV-MA,1 Season,"['comedy', 'talkshow', 'comedy']",Turning 50. Finding love again. Buying a house. Experiencing existential dread at Denny's. Life comes at Patton Oswalt fast in this stand-up special.
s3276,TV Show,Llama Llama,,"['Jennifer Garner', 'Shayle Simons', 'Vania Gill', 'Islie Hirvonen', 'Brendon Sunderland', 'Austin Abell', 'Evans Johnson', 'Kathleen Barr', 'David Hoole']",United States,"November 15, 2019",2019,TV-Y,2 Seasons,['family'],"Beloved children's book character Llama Llama springs to life in this heartwarming series about family, friendship and learning new things."
s1106,Movie,Concrete Cowboy,Ricky Staub,"['Idris Elba', 'Caleb McLaughlin', 'Jharrel Jerome', 'Byron Bowers', 'Lorraine Toussaint', 'Method Man', 'Ivannah Mercedes', 'Jamil Prattis', 'Liz Priestley']","United Kingdom, United States","April 2, 2021",2021,R,112 min,"['drama', 'independent']","Sent to live with his estranged father for the summer, a rebellious teen finds kinship in a tight-knit Philadelphia community of Black cowboys."
s8491,TV Show,The Road to Calvary,,"['Anna Chipovskaya', 'Yulia Snigir', 'Leonid Bichevin', 'Pavel Trubiner']",Russia,"September 1, 2018",2017,TV-14,1 Season,"['international', 'drama']","Swept up in political unrest during World War I, two sisters in St. Petersburg cope with turbulent romances as Russian history is made around them."
s2711,TV Show,Legacies,,"['Danielle Rose Russell', 'Aria Shahghasemi', 'Kaylee Bryant', 'Jenny Boyd', 'Quincy Fouse', 'Peyton Alex Smith', 'Matthew Davis', 'Archie L. Winston']",United States,"April 3, 2020",2019,TV-14,2 Seasons,"['drama', 'sci-fi', 'fantasy', 'teen']","Born into a rare supernatural bloodline, Hope Mikaelson attends a gifted private school to master her powers and control her innate urges for evil."
s4749,Movie,The Mansion,Tony Datis,"['Nathalie Odzierejko', 'Marc Jarousseau', 'Ludovik Day', 'Yvick Letexier', 'Jérôme Niel', 'Vincent Tirel', 'Vanessa Guide', 'Delphine Baril', 'Baptiste Lorber', 'Lila Lacombe']","France, Belgium","July 28, 2018",2017,TV-MA,100 min,"['comedy', 'horror', 'international']","A group of students celebrates New Year's at a remote Belgian estate, where their substance-fueled revelry soon descends into a bloodstained nightmare."
s55,Movie,InuYasha the Movie: Affections Touching Across Time,Toshiya Shinohara,"['Kappei Yamaguchi', 'Satsuki Yukino', 'Koji Tsujitani', 'Houko Kuwashima', 'Kumiko Watanabe', 'Kenichi Ogata', 'Noriko Hidaka', 'Hisako Kyoda', 'Ken Narita', 'Tomokazu Seki']",Japan,"September 15, 2021",2001,TV-PG,100 min,"['action', 'adventure', 'anime', 'international']","A powerful demon has been sealed away for 200 years. But when the demon's son is awakened, the fate of the world is in jeopardy."
s4636,TV Show,Al Hayba,,"['Taim Hasan', 'Nadine Nassib Njeim', 'Abdo Chahine', 'Oweiss Mkhallalati', 'Mona Wassef']",Lebanon,"September 15, 2018",2017,TV-14,1 Season,"['crime', 'international', 'drama']","In a village by the Lebanon-Syria border, the head of an arms-smuggling clan contends with family conflicts, power struggles and complicated love."
s6706,Movie,Esperando La Carroza,Alejandro Doria,"['Luis Brandoni', 'China Zorrilla', 'Antonio Gasalla', 'Julio De Grazia', 'Betiana Blum', 'Monica Villa', 'Juan Manuel Tenuta', 'Andrea Tenuta', 'Cecilia Rossetto', 'Enrique Pinti']",Argentina,"July 15, 2018",1985,NR,95 min,"['comedy', 'cult', 'international']",Cora has three sons and a daughter and she´s almost 80. One day during a family reunion the big question comes up: who will be her heir?
s4011,Movie,Jeff Dunham's Very Special Christmas Special,Michael Simon,"['Jeff Dunham', 'Brian Haner']",United States,"March 15, 2019",2008,TV-MA,85 min,['comedy'],"Politically incorrect, sometimes raunchy ventriloquist Jeff Dunham is joined by his irreverent cast of characters in this hilarious Christmas special."
s7661,Movie,One Day,Banjong Pisanthanakun,"['Chantavit Dhanasevi', 'Nittha Jirayungyurn', 'Theerapat Sajakul', 'Prim Bulakul', 'Kris Srepoomseth', 'Somyos Matures', 'Sutthatip Wutichaipradit', 'Rermthon Kemapech', 'Kaz Sawamura']",Thailand,"September 5, 2018",2016,TV-PG,135 min,"['drama', 'international', 'romance']","When his colleague (and crush) temporarily loses her memory, an overlooked geek seizes the chance to make an impression before she remembers again."
s2277,Movie,Inkaar,Sudhir Mishra,"['Arjun Rampal', 'Chitrangada Singh', 'Deepti Naval', 'Kanwaljeet Singh', 'Rehana Sultan', 'Vipin Sharma', 'Kaizaad Kotwal', 'Sujata Sehgal', 'Shivani Tanksale', 'Asheesh Kapur']",India,"July 5, 2020",2013,TV-MA,125 min,"['drama', 'international', 'romance']","An ad agency CEO is put under investigation when his ambitious protégée – and lover – accuses him of sexual harassment, vying for his top position."
s2133,Movie,Project Power,"Henry Joost, Ariel Schulman","['Jamie Foxx', 'Joseph Gordon-Levitt', 'Dominique Fishback', 'Rodrigo Santoro', 'Courtney B. Vance', 'Amy Landecker', 'Machine Gun Kelly', 'Tait Fletcher', 'Allen Maldonado', 'Andrene Ward-Hammond']",United States,"August 14, 2020",2020,R,113 min,"['action', 'adventure']","An ex-soldier, a teen and a cop collide in New Orleans as they hunt for the source behind a dangerous new pill that grants users temporary superpowers."
s6667,Movie,Eeda,Ajithkumar,"['Shane Nigaam', 'Nimisha Sajayan', 'Manikandan R. Achari', 'Alencier Ley Lopez', 'Sujith Sankar', 'P. Balachandran', 'Sudhi Koppa']",India,"September 15, 2018",2018,TV-14,153 min,"['drama', 'international', 'romance']",Two young adults with families on opposite ends of the political spectrum fall in love in a Kerala city torn by violence.
s191,Movie,Thimmarusu,Sharan Koppisetty,"['Satya Dev', 'Priyanka Jawalkar', 'Brahmaji']",India,"August 28, 2021",2021,TV-14,125 min,"['drama', 'international']","Eight years after a young man is framed for murder, an up-and-coming lawyer re-opens the case, beginning a tricky mission to find the real culprit."
s8186,Movie,The Aerial,Esteban Sapir,"['Rafael Ferro', 'Sol Moreno', 'Jonathan Sandor', 'Alejandro Urdapilleta', 'Julieta Cardinali', 'Florencia Raggi', 'Valeria Bertuccelli', 'Raúl Hochman', 'Ricardo Merkin', 'Carlos Piñeyro']",Argentina,"April 1, 2018",2007,TV-MA,99 min,"['drama', 'international', 'sci-fi', 'fantasy']","In the City Without a Voice, only faceless singer the Voice can still vocalize. Everyone else has lost the power of speech as they let Mr. TV's broadcasts speak for them. But when Mr. TV kidnaps the Voice, things change."
s605,Movie,The Life of David Gale,Alan Parker,"['Kevin Spacey', 'Kate Winslet', 'Laura Linney', 'Gabriel Mann', 'Leon Rippy', 'Matt Craven', 'Rhona Mitra', 'Melissa McCarthy', 'Jim Beaver', 'Chris Warner']","United Kingdom, Germany, Spain, United States","July 1, 2021",2003,R,130 min,['drama'],"When a Texas professor and advocate for the elimination of the death penalty is falsely accused of a crime, he ends up on death row himself."
s775,Movie,2 Hearts,Lance Hool,"['Jacob Elordi', 'Adan Canto', 'Radha Mitchell', 'Tiera Skovbye', 'Kari Matchett', 'Tahmoh Penikett']",United States,"June 2, 2021",2020,PG-13,101 min,"['drama', 'faith', 'romance']","In parallel love stories, the lives of college student Chris and wealthy businessman Jorge intersect in a profound twist of fate. Based on a true story."
s7472,Movie,Mission Control: The Unsung Heroes of Apollo,David Fairhead,,"United States, United Kingdom","August 13, 2017",2017,TV-14,100 min,['documentary'],"Combining archive footage with present-day interviews, this documentary explores how Apollo's mission control helped change the course of history."
s4922,Movie,Kodachrome,Mark Raso,"['Ed Harris', 'Jason Sudeikis', 'Elizabeth Olsen']","Canada, United States","April 20, 2018",2018,TV-MA,105 min,"['comedy', 'drama']","A record company exec joins his estranged dad, a famous photographer who's dying, on a road trip to the last lab still developing Kodachrome film."
s7496,Movie,"Monster High: Frights, Camera, Action!",William Lau,"['Sue Swan', 'Kate Higgins', 'Celeste Henderson', 'Marcus Griffin', 'America Young', 'Karen Strassman', 'James Horan', 'Erin Fitzgerald', 'Laura Bailey', 'Yeni Alvarez']",United States,"January 1, 2018",2014,TV-Y7,74 min,['family'],"Draculaura is whisked to Transylvania to be crowned vampire queen, but when she learns she's been duped, the search is on for the true royal heir."
s355,Movie,The Last Boy Scout,Tony Scott,"['Bruce Willis', 'Damon Wayans', 'Chelsea Field', 'Noble Willingham', 'Taylor Negron', 'Danielle Harris', 'Halle Berry', 'Bruce McGill']",United States,"August 1, 2021",1991,R,105 min,"['action', 'adventure', 'comedy']",Private eye Joe Hallenbeck is forced to team up with a disgraced quarterback to uncover a conspiracy by a politician and a football team owner.
s5677,Movie,Sand Storm,Elite Zexer,"['Lamis Ammar', 'Ruba Blal', 'Haitham Omari', 'Khadija Alakel', 'Jalal Masarwa']","Israel, Germany, France","December 15, 2016",2016,TV-PG,88 min,"['drama', 'independent', 'international']","When a Bedouin patriarch takes a second bride, his first wife chafes against her changing status while his daughter chases her own dreams of autonomy."
s5851,Movie,Patton Oswalt: Talking for Clapping,,['Patton Oswalt'],United States,"April 22, 2016",2016,TV-MA,66 min,['comedy'],"On stage in San Francisco, the comedian covers topics like old people getting drugs, his worst stand-up set, gay proms and a horrible birthday clown."
s3229,Movie,Mike Birbiglia: The New One,Seth Barrish,['Mike Birbiglia'],United States,"November 26, 2019",2019,TV-MA,86 min,['comedy'],Comedian Mike Birbiglia hits Broadway with a hilarious yet profound one-man show that recounts his emotional and physical journey to parenthood.
s925,Movie,Aliens Stole My Body,Sean McNamara,"['Jayden Greig', 'Lauren McNamara', 'Dan Payne', 'Alex Zahara', 'Sean Quan', 'Kirsten Robek', 'Ty Consiglio', 'Christian Convery', 'Sandy Robson', 'Christina Meredith Lewall', 'George Takei']",United States,"May 1, 2021",2020,PG,88 min,"['family', 'comedy']",The Galactic Patrol is on the hunt for Deputy Rod Allbright's body. Now they must team up with old and new friends to stop the body-snatching fiend.
s4146,Movie,True: Happy Hearts Day,,"['Michela Luci', 'Jamie Watson', 'Eric Peterson', 'Cory Doran', 'Nicolas Aqui']","United States, Canada","February 1, 2019",2019,TV-Y,24 min,['family'],"True and Bartleby try to cheer up the Rainbow Kingdom’s loneliest citizen, but his gloomy mood is contagious! Can a trio of wishes turn things around?"
s2425,Movie,The Last Days of American Crime,Olivier Megaton,"['Edgar Ramírez', 'Michael Pitt', 'Anna Brewster', 'Patrick Bergin', 'Sharlto Copley', 'Brandon Auret', 'Tamer Burjaq', 'Terence Maynard', 'James Richard Marshall']",United States,"June 5, 2020",2020,TV-MA,149 min,"['action', 'adventure', 'drama', 'independent']","A bank robber joins a plot to commit one final, historic heist before the government turns on a mind-altering signal that will end all criminal behavior."
s2940,Movie,Horse Girl,Jeff Baena,"['Alison Brie', 'Debby Ryan', 'Paul Reiser', 'John Reynolds', 'Molly Shannon', 'John Ortiz', 'Meredith Hagner', 'Jake Picking', 'David Paymer', 'Jay Duplass']",United States,"February 7, 2020",2020,R,104 min,"['drama', 'independent']","A sweet misfit with a fondness for crafts, horses and supernatural crime shows finds her increasingly lucid dreams trickling into her waking life."
s2173,Movie,Killing Hasselhoff,Darren Grant,"['Ken Jeong', 'David Hasselhoff', 'Jim Jefferies', 'Jon Lovitz', 'Rhys Darby', 'Dan Bakkedahl', 'Jennifer Ikeda', 'Will Sasso', 'Colton Dunn']",United States,"August 1, 2020",2017,R,80 min,['comedy'],"In major debt to a loan shark, a nightclub owner who's entered in a celebrity death pool tries to murder a famous figure for half a million dollars."
s7064,Movie,Incoming,Eric Zaragosa,"['Scott Adkins', 'Aaron McCusker', 'Vahldin Prelic', 'Lukas Loughran', 'Michelle Lehane', 'Alaa Seif', 'Milan Kovacevic', 'Arkie Reece', 'Vladimir Alenikov', 'Dominic Power']","Serbia, United States","October 26, 2018",2019,TV-MA,89 min,"['action', 'adventure', 'sci-fi', 'fantasy']","When an imprisoned terrorist cell hijacks a high-security prison in outer space, a CIA agent becomes the one chance of stopping them."
s4155,Movie,High Society,Byun Hyuk,"['Park Hae-il', 'Su Ae', 'Yoon Je-moon', 'Ra Mi-ran', 'Lee Jin-wook', 'Kim Gyu-sun', 'Han Ju-yeong', 'Kim Hae-gon', 'Nam Moon-cheol', 'Jang So-yeon']",South Korea,"January 29, 2019",2018,TV-MA,137 min,"['drama', 'international']","A deputy curator of a chaebol-funded art gallery and her husband, a politically ambitious economics professor, will do anything to join the über-elite."
s5245,TV Show,Star Trek: Enterprise,,"['Scott Bakula', 'John Billingsley', 'Jolene Blalock', 'Dominic Keating', 'Anthony Montgomery', 'Linda Park', 'Connor Trinneer']",United States,"October 1, 2017",2004,TV-14,4 Seasons,"['classic', 'cult', 'action', 'adventure', 'sci-fi', 'fantasy']","Capt. Archer and his crew explore space and discover human innovation-expanding technologies as they meet new alien races in this ""Star Trek"" prequel."
s1464,TV Show,The Cat in the Hat Knows a Lot About That!,Tony Collingwood,"['Martin Short', 'Alexa Torrington', 'Jacob Ewaniuk', 'Robert Tinkler', 'Tracey Hoyt']","Canada, United Kingdom, United States","January 1, 2021",2014,TV-Y,1 Season,['family'],"The Cat in the Hat is back – and this time, he's teaching Sally and her brother, Nick, some awfully nifty things to think about!"
s4181,Movie,Old Lord Savanna,André D'Elia,['Leonardo Ribeiro'],Brazil,"January 18, 2019",2018,TV-14,96 min,"['documentary', 'international']",This documentary captures the environmental and societal impact of Brazil's Cerrado savanna suffering from severe deforestation.
s7200,Movie,Kill Command,Steven Gomez,"['Vanessa Kirby', 'David Ajala', 'Mike Noble', 'Bentley Kalu', 'Tom McKay', 'Kelly Gough', 'Osi Okerafor', 'Damian Kell', 'Tim Ahern', 'Deborah Rosan', 'Thure Lindhardt']",United Kingdom,"February 23, 2017",2016,TV-MA,100 min,"['action', 'adventure', 'independent', 'sci-fi', 'fantasy']","On a remote island, elite soldiers discover their training exercise is actually an experimental death trap teeming with efficiently lethal robots."
s3327,Movie,A Remarkable Tale,Marina Seresesky,"['Carmen Machi', 'Pepón Nieto', 'Kiti Mánver', 'Jon Kortajarena', 'Jimmy Castro', 'Ricardo Nkosi', 'Montse Pla', 'Malcolm Treviño-Sitté', 'Pepa Charro', 'Esperanza Elipe', 'Mariana Cordero', 'Txema Blasco']",Spain,"November 1, 2019",2019,TV-MA,94 min,"['comedy', 'international']","The residents of an isolated town look to revive their home's identity when a group of foreigners unexpectedly arrive, bringing culture shock with them."
s5034,Movie,FullMetal Alchemist,Fumihiko Sori,"['Ryosuke Yamada', 'Tsubasa Honda', 'Dean Fujioka', 'Misako Renbutsu', 'Kanata Hongo', 'Shinji Uchiyama', 'Jun Kunimura', 'Yo Oizumi', 'Ryuta Sato', 'Fumiyo Kohinata', 'Yasuko Matsuyuki']",Japan,"February 19, 2018",2017,TV-PG,134 min,"['action', 'adventure', 'drama', 'international']","While alchemist Edward Elric searches for a way to restore his brother Al's body, the military government and mysterious monsters are watching closely."
s3518,Movie,The Crystal Calls Making the Dark Crystal: Age of Resistance,Randall Lobb,"['Taron Egerton', 'Natalie Dormer', 'Simon Pegg', 'Jason Isaacs']",United States,"September 14, 2019",2019,TV-PG,83 min,"['documentary', 'international']","Go behind the scenes with stars, puppeteers and creators as they bring Jim Henson's magical world of Thra back to life in a sweeping fantasy series."
s4111,Movie,The Breaker Upperers,"Jackie van Beek, Madeleine Sami","['Madeleine Sami', 'Jackie van Beek', 'James Rolleston', 'Celia Pacquola', 'Ana Scotney', 'Rima Te Wiata', 'Carl Bland', ""Brett O'Gorman"", 'Cohen Holloway', 'Jemaine Clement']",New Zealand,"February 15, 2019",2018,TV-MA,82 min,"['comedy', 'independent', 'international']","For the right price, BFFs Jen and Mel will ruthlessly end any romance. But when one of them grows a conscience, their friendship begins to unravel."
s7083,TV Show,Inside the Mossad,,,Israel,"January 29, 2019",2017,TV-14,1 Season,"['documentary', 'international']","In this documentary, dozens of former agents from the Mossad, Israel's foreign intelligence agency, reveal their top-secret operations."
s8789,Movie,You Carry Me,Ivona Juka,"['Lana Baric', 'Vojislav Brajovic', 'Natasa Janjic', 'Goran Hajdukovic', 'Helena Beljan', 'Juraj Dabic', 'Natasa Dorcic', 'Sebastian Cavazza', 'Ana Begic', 'Krunoslav Saric']","Croatia, Slovenia, Serbia, Montenegro","July 1, 2016",2015,TV-MA,157 min,"['drama', 'international']","A soap opera producer, director and makeup artist each face wrenching family turmoil, from teen rebellion and marital infidelity to Alzheimer's."
s1182,TV Show,Country Comfort,,"['Katharine McPhee', 'Eddie Cibrian', 'Ricardo Hurtado', 'Jamie Martin Mann', 'Griffin McIntyre', 'Shiloh Verrico', 'Pyper Braun', 'Janet Varney', 'Eric Balfour']",United States,"March 19, 2021",2021,TV-PG,1 Season,['comedy'],"After hitting the skids in her career, an aspiring country singer finds new life as a nanny for a handsome widower and his five charming children."
s661,TV Show,Black Lightning,,"['Cress Williams', 'James Remar', ""Marvin 'Krondon' Jones III"", 'Jill Scott', 'China Anne McClain', 'Damon Gupton', 'Nafessa Williams', 'Christine Adams']",United States,"June 19, 2021",2021,TV-14,4 Seasons,"['action', 'adventure', 'drama', 'sci-fi', 'fantasy']",School principal and retired superhero Jefferson Pierce leaps back into action as the legendary Black Lightning after a gang threatens his family.
s4554,TV Show,Monty Python's Personal Best,,"['John Cleese', 'Terry Gilliam', 'Terry Jones', 'Graham Chapman', 'Michael Palin', 'Eric Idle']","United States, United Kingdom","October 2, 2018",2005,TV-MA,1 Season,"['british', 'comedy']",Original members of the iconic Monty Python comedy troupe pick their all-time favorite sketches from their groundbreaking television series.
s8496,Movie,The Runner,Austin Stark,"['Nicolas Cage', 'Sarah Paulson', 'Connie Nielsen', 'Wendell Pierce', 'Bryan Batt', 'Peter Fonda', 'Dana Gourrier']",United States,"September 8, 2017",2015,R,90 min,"['drama', 'independent']",A New Orleans politician finds his idealistic plans for rebuilding after a toxic oil spill unraveling thanks to a sex scandal.
s816,Movie,The Girl King,Mika Kaurismäki,"['Malin Buska', 'Sarah Gadon', 'Michael Nyqvist', 'Lucas Bryant', 'Laura Birn', 'Hippolyte Girardot', 'Peter Lohmeyer', 'François Arnaud', 'Patrick Bachau', 'Ville Virtanen', 'Martina Gedeck']",,"June 2, 2021",2015,TV-MA,106 min,"['drama', 'international', 'lgbtq']","Sweden's forward-thinking Queen Kristina resists her country's conservative ideals, which only grow more restrictive when she falls for a woman."
s5742,TV Show,Trailer Park Boys: Out of the Park: Europe,,"['Mike Smith', 'John Paul Tremblay', 'Robb Wells']",Canada,"October 28, 2016",2016,TV-MA,1 Season,"['international', 'comedy']","The Trailer Park Boys are thrilled to get a free trip to Europe, until they arrive and learn about their corporate sponsor's unusual requirements."
s4416,TV Show,Brainchild,,"['Sahana Srinivasan', 'Alie Ward', 'Ben Seidman']",,"November 2, 2018",2018,TV-G,1 Season,['family'],"From germs and emotions to social media and more, it's the science of your world explained in a way that's refreshingly relatable."
s7800,Movie,Prosecuting Evil: The Extraordinary World of Ben Ferencz,Barry Avrich,['Ben Ferencz'],Canada,"June 1, 2019",2019,TV-MA,83 min,['documentary'],"A gripping profile of Ben Ferencz, the last surviving lead prosecutor at the Nuremberg trials whose lifelong desire for justice altered the rule of law."
s1952,TV Show,A Perfect Crime,,,Germany,"September 25, 2020",2020,TV-14,1 Season,"['crime', 'documentary', 'international']","This docuseries investigates the 1991 killing of politician Detlev Rohwedder, an unsolved mystery at the heart of Germany's tumultuous reunification."
s5763,TV Show,Be with Me,,"['Jason Tsou', 'Queen Wei', 'River Huang', 'Fabien Yang', 'Tang Chen-Kang', 'Figaro Tseng']",Taiwan,"October 1, 2016",2015,TV-PG,1 Season,"['international', 'romance', 'drama']","They were the boy band to beat until fame tore them apart. Ten years later, five friends and an ex-love reunite and find themselves closer than ever."
s4899,TV Show,Simon,,"['Loti Bailey', 'Hayden Connett', 'Keith Faulkner', 'Rudy Greatorex', 'Luke Haliwell', 'Jacob Preston', 'Joanna Ruiz', 'Alex Starke']",France,"May 1, 2018",2016,TV-Y,1 Season,['family'],"With his vivid imagination, Simon the rabbit searches for fun while learning about the importance of responsibility and communication."
s8513,Movie,The Space Between Us,Peter Chelsom,"['Gary Oldman', 'Asa Butterfield', 'Carla Gugino', 'Britt Robertson', 'BD Wong', 'Janet Montgomery', 'Trey Tucker']",United States,"June 1, 2019",2016,PG-13,120 min,"['action', 'adventure', 'romance', 'sci-fi', 'fantasy']","After years of limited contact with Earth, an inquisitive teen who lives on Mars makes an interplanetary trek to discover his own origins."
s8727,TV Show,When Calls the Heart,,"['Erin Krakow', 'Daniel Lissing', 'Lori Loughlin', 'Martin Cummins', 'Chelah Horsdal', 'Gracyn Shinyei', 'Jack Wagner', 'Mitchell Kummen', 'Loretta Walsh', 'Erica Carroll', 'Darius Zaviceanu', 'Charlotte Hegele', 'Steve Bacic', 'Adrian Hough']",United States,"December 29, 2018",2017,TV-PG,5 Seasons,['drama'],"Leaving behind her upper-crust city roots, a woman journeys west in the early 1900s to become a teacher in a small Canadian mining community."
s5251,TV Show,What She Put on the Table,,"['Amber An', 'Sun Ke-fang', 'Chang Yao-jen', 'Wang Man-chiao', 'Hans Chung', 'Chris Lee', 'Yan Yu-lin', 'Kiki Chen', 'Steven Chiang']",Taiwan,"October 1, 2017",2017,TV-14,1 Season,"['international', 'drama']","Based on the life of TV chef Fu Pei-mei, this drama follows two women – one rich, the other poor – who fortuitously cross paths in 1950s Taiwan."
s2644,TV Show,Love 101,,"['Pınar Deniz', 'Kubilay Aka', 'Mert Yazıcıoğlu', 'Alina Boz', 'Selahattin Paşalı', 'İpek Filiz Yazıcı', 'Kaan Urgancıoğlu', 'Müfit Kayacan', 'Bade İşçil', 'Tuba Ünsal']",Turkey,"April 24, 2020",2020,TV-MA,1 Season,"['international', 'drama', 'teen']","While trying to make their teacher fall for a basketball coach, four misfits and a model student find friendship, love and the courage to be themselves."
s7449,Movie,Merry Men: The Real Yoruba Demons,Toka McBaror,"['Ramsey Nouah', 'Jim Iyke', 'Ayo Makun', 'Falz', 'Richard Mofe-Damijo', 'Iretiola Doyle', 'Damilola Adegbite', 'Rosaline Meurer', 'Jide Kosoko', 'Ali Nuhu', 'Segun Arinze', 'Francis Duru']",Nigeria,"September 21, 2019",2018,TV-MA,106 min,"['comedy', 'international']","Four of the richest bachelors in Abuja, Nigeria enjoy a life of fast cars, palatial homes and female attention while concealing their true activities."
s1977,Movie,The Royal Bengal Tiger,Rajesh Ganguly,"['Jeet', 'Abir Chatterjee', 'Priyanka Sarkar', 'Shradha Das', 'Kharaj Mukherjee', 'Shantilal Mukherjee', 'Barun Chanda', 'Deb Ranajan Nag', 'Rajesh Sharma']",India,"September 19, 2020",2014,TV-MA,103 min,"['drama', 'international', 'thriller']","Knocked down by life one too many times, a meek family man drastically transforms from shy to savage after an encounter with a mysterious friend."
s1340,TV Show,Invisible City,,"['Marco Pigossi', 'Alessandra Negrini', 'Fábio Lago', 'Jéssica Córes', 'Jimmy London', 'Wesley Guimarães', 'Áurea Maranhão', 'Julia Konrad', 'Thaia Perez', 'Manu Dieguez', 'José Dumont', 'Tainá Medina', 'Rafael Sieg', 'Samuel de Assis', 'Victor Sparapane']",Brazil,"February 5, 2021",2021,TV-MA,1 Season,"['crime', 'international', 'drama']","After a family tragedy, a man discovers mythical creatures living among humans — and soon realizes they hold the key to his mysterious past."
s4526,Movie,Mo Amer: The Vagabond,Stan Lathan,['Mo Amer'],United States,"October 9, 2018",2018,TV-MA,57 min,['comedy'],"Arab-American comedian Mo Amer recounts his life as a refugee comic, from traveling with the name Mohammed to his long path to citizenship."
s1294,TV Show,Pitta Kathalu,"Tharun Bhascker Dhaassyam, B. V. Nandini Reddy, Nag Ashwin, Sankalp Reddy","['Manchu Lakshmi', 'Saanve Megghana', 'Naveen Kumar', 'Jagapathi Babu', 'Amala Paul', 'Aswin Kakamanu', 'Shruthi Haasan', 'Sanjith Hegde', 'Sangeeth Shoban', 'Anish Kuruvilla', 'Uko', 'Dayanand Reddy', 'Thanmayi', 'Satya Dev', 'Eesha Rebba', 'Srinivas Avasarala', 'Ashima Narwal']",India,"February 19, 2021",2021,TV-MA,1 Season,"['international', 'drama']","From secrets and lies to jealousy and control, four stories in this anthology film explore the darker, deceptive sides of love."
s4104,Movie,Fatso,Rajat Kapoor,"['Ranvir Shorey', 'Gul Panag', 'Purab Kohli', 'Neil Bhoopalam', 'Gunjan Bakshi', 'Saurabh Shukla', 'Atul Kumar', 'Brijendra Kala', 'Bharati Achrekar', 'Rahul Vohra']",India,"February 15, 2019",2012,TV-14,97 min,"['comedy', 'drama', 'international']","Killed too soon due to a clerical error in heaven, a man is sent back to earth with a new lease on life, this time in the body of his portly friend."
s4360,TV Show,Spy Kids: Mission Critical,,"['Ashley Bornancin', 'Carter Hastings', 'Caitlyn Bairstow', 'Nicholas Coombe', 'Nesta Cooper', 'Richard Ian Cox', 'Tom Kenny', 'Travis Turner', 'Candi Milo', 'Mira Sorvino']","United States, Canada","November 30, 2018",2018,TV-Y7,2 Seasons,['family'],"In this animated spinoff series, Juni and Carmen Cortez must battle the evil organization S.W.A.M.P. – without the help of their super-spy parents."
s3516,TV Show,Surviving R. Kelly,,['R. Kelly'],United States,"September 15, 2019",2019,TV-MA,1 Season,"['crime', 'documentary']","In this documentary series on the tangled history of allegations against musician R. Kelly, women give detailed accounts of sexual and mental abuse."
s5193,TV Show,The Golden Path,,"['Li Nanxing', 'Chen Liping', 'Chew Chor Meng', 'Tay Ping Hui', 'Joanne Peh', 'Felicia Chin', 'Huang Wenyong', 'Alan Tern']",,"November 1, 2017",2007,TV-MA,1 Season,"['international', 'drama']","A single mother of five struggles for decades to forge a successful business empire, only to see her family descend into animosity and betrayal."
s6451,Movie,Chasing Amy,Kevin Smith,"['Ben Affleck', 'Joey Lauren Adams', 'Jason Lee', 'Dwight Ewell', 'Jason Mewes', 'Kevin Smith']",United States,"January 1, 2020",1997,R,113 min,"['comedy', 'cult', 'drama']","Comic book artist Holden meets the perfect woman, only to learn that she's a lesbian. But that doesn't stop him from falling in love with her."
s1915,TV Show,Journey of an African Colony,,['Olasupo Shasore'],,"October 1, 2020",2018,TV-MA,1 Season,"['documentary', 'international']",This docuseries delves into the untold stories and unsung heroes that paved Nigeria's road to independence. Based on the books by host Olasupo Shasore.
s2032,Movie,Cuties,Maïmouna Doucouré,"['Fathia Youssouf', 'Médina El Aidi-Azouni', 'Esther Gohourou', 'Ilanah Cami-Goursolas', 'Myriam Hamma', 'Maïmouna Gueye', 'Mbissine Thérèse Diop', 'Demba Diaw', 'Mamadou Samaké']",France,"September 9, 2020",2020,TV-MA,96 min,"['drama', 'international']",Eleven-year-old Amy starts to rebel against her conservative family’s traditions when she becomes fascinated with a free-spirited dance crew.
s3926,TV Show,Huge in France,,"['Gad Elmaleh', 'Scott Keiji Takeda', 'Jordan Ver Hoeve', 'Erinn Hayes', 'Matthew Del Negro']",United States,"April 12, 2019",2019,TV-MA,1 Season,['comedy'],"Eager to reconnect with his son, French comedy star Gad Elmaleh moves to LA, only to discover that he's left all his fame and celebrity perks behind."
s1290,Movie,Wave of Cinema: Surat dari Timur,Saron Sakina,"['Glenn Fredly', 'Marcello Tahitoe', 'Andien', 'Rahmania Astrini', 'Gamaliel', 'Cantika Abigail', 'Ivan Nestorman', 'Molukka Hiphop Community', 'Julie Estelle', 'Yovie Widianto', 'Irfan Ramli']",,"February 20, 2021",2020,TV-G,58 min,"['documentary', 'international', 'music']","Featuring a mix of film footage and special performances, this virtual concert honors the memory and music of revered Indonesian singer Glenn Fredly."
s2860,Movie,Frank & Lola,Matthew Ross,"['Michael Shannon', 'Imogen Poots', 'Michael Nyqvist', 'Justin Long', 'Stella Schnabel', 'Rosanna Arquette', 'Emmanuelle Devos']",United States,"March 1, 2020",2016,TV-MA,87 min,"['drama', 'thriller']",A talented Las Vegas chef falls in love with an aspiring fashion designer but turns violently jealous when he realizes that she's hiding dark secrets.
s5600,Movie,Rocky Handsome,Nishikant Kamat,"['John Abraham', 'Diya Chalwad', 'Shruti Haasan', 'Nishikant Kamat', 'Sharad Kelkar', 'Nathalia Kaur']",India,"February 17, 2017",2016,TV-MA,119 min,"['action', 'adventure', 'international']",A reclusive pawn shop owner sets his sights on revenge when vicious gangsters kidnap his drug-addicted neighbor's young daughter.
s3761,TV Show,Upin & Ipin,,['Nurfathiah Diaz'],Malaysia,"June 10, 2019",2011,TV-Y,1 Season,['family'],Two mischievous yet lovable five-year-old twins and their friends enjoy daily life and new discoveries with the residents of their Malaysian village.
s745,TV Show,Locombianos,,"['Freddy Beltrán', 'Pamela Ospina', 'Diego Camargo', 'Catalina Guzmán']",Colombia,"June 10, 2021",2021,TV-MA,1 Season,"['international', 'spanish', 'language', 'comedy', 'talkshow']",Four of Colombia's funniest and bawdiest comedians perform before a post-quarantine audience hungry for their stories.
s796,TV Show,Happy Endings,,"['Eliza Coupe', 'Elisha Cuthbert', 'Zachary Knighton', 'Adam Pally', 'Damon Wayans Jr.', 'Casey Wilson']",United States,"June 2, 2021",2012,TV-14,3 Seasons,['comedy'],"After his fiancée, Alex, dumps him at the altar, Dave finds himself nursing a broken heart and battling her for custody of their quirky friends."
s4972,Movie,Layla M.,Mijke de Jong,"['Nora El Koussour', 'Ilias Addab', 'Mohammed Azaay', 'Esma Abouzahra', 'Bilal Wahib', 'Nezha Karim', 'Ayisha Siddiqi', 'Aziz Akazim', 'Hassan Akkouch', 'Husam Chadat']","Netherlands, Belgium, Germany, Jordan","March 23, 2018",2016,TV-MA,99 min,"['drama', 'international']","In response to the repeated bigotry she faces, a Muslim teen in Amsterdam tries to find a sense of belonging in the world of fundamentalist Islam."
s5974,Movie,#Roxy,Michael Kennedy,"['Jake Short', 'Sarah Fisher', 'Booboo Stewart', 'Danny Trejo', 'Pippa Mackie', 'Jake Smith', 'Patricia Zentilli', 'Carter Thicke']",Canada,"April 10, 2019",2018,TV-14,105 min,"['comedy', 'romance']",A teenage hacker with a huge nose helps a cool kid woo a girl that he’s secretly in love with.
s3976,Movie,Sei,Raj Babu,"['Nakhul', 'Aanchal Munjal', 'Nassar', 'Prakash Raj', 'Thalaivasal Vijay', 'Manobala', 'Jeyan Cherthala', 'Annadurai Kannadasan']",India,"March 25, 2019",2018,TV-14,126 min,"['action', 'adventure', 'comedy', 'drama']","An aspiring yet aimless actor takes over his ailing father's job as an ambulance driver, unwittingly getting involved in an organ-trafficking network."
s7317,Movie,Little Nicky,Steve Brill,"['Adam Sandler', 'Patricia Arquette', 'Harvey Keitel', 'Rhys Ifans', 'Allen Covert', ""Tommy 'Tiny' Lister"", 'Kevin Nealon', 'Jon Lovitz', 'Michael McKean', 'Quentin Tarantino']",United States,"December 1, 2020",2000,PG-13,90 min,['comedy'],"The devil sends his sweet son Nicky to Earth to bring back his scheming siblings, who have plans to oust dear old dad from power."
s8421,Movie,The Men Who Stare at Goats,Grant Heslov,"['George Clooney', 'Ewan McGregor', 'Jeff Bridges', 'Kevin Spacey', 'Stephen Lang', 'Robert Patrick', 'Waleed Zuaiter', 'Stephen Root', 'Glenn Morshower', 'Nick Offerman', 'Tim Griffin', 'Rebecca Mader']","United States, United Kingdom","June 4, 2019",2009,R,94 min,['comedy'],"A journalist latches onto an unbelievable story in Iraq when he meets Lyn, a man of mysterious origins who reveals he was a ""warrior monk."""
s4543,TV Show,Monty Python Best Bits (mostly),,"['Hugh Bonneville', 'Graham Chapman', 'John Cleese', 'Terry Gilliam', 'Eric Idle', 'Terry Jones', 'Michael Palin']",United Kingdom,"October 2, 2018",2014,TV-MA,1 Season,"['british', 'documentary', 'comedy']","Prominent comedians pay tribute to Monty Python's best work in this five-part series, along with selected clips of sketches."
s3305,TV Show,Sam & Cat,,"['Jennette McCurdy', 'Ariana Grande', 'Cameron Ocasio', 'Brandon Weaver', 'Zoran Korach', 'Dre Swain', 'Maree Cheatham', 'Eduardo Drummond', 'Alondra Hidalgo']",United States,"November 5, 2019",2014,TV-PG,2 Seasons,"['family', 'comedy']","To earn cash, roommates Sam and Cat start a baby-sitting service – and quickly discover just what an adventure baby-sitting can be."
s3533,Movie,Ee Nagaraniki Emaindi,Tharun Bhascker,"['Vishwaksen Naidu', 'Sushanth Reddy', 'Abhinav Gomatam', 'Venkatesh Kakumanu', 'Anisha Ambrose', 'Simran Choudhary']",India,"September 6, 2019",2018,TV-14,133 min,"['comedy', 'independent', 'international']","In Goa and in desperate need of cash, four childhood friends get another shot at making their long-abandoned dreams of becoming filmmakers come true."
s580,Movie,Midnight Run,Martin Brest,"['Robert De Niro', 'Charles Grodin', 'Yaphet Kotto', 'John Ashton', 'Dennis Farina', 'Joe Pantoliano', 'Richard Foronjy', 'Robert Miranda', 'Jack Kehoe', 'Wendy Phillips', 'Philip Baker Hall']",United States,"July 1, 2021",1988,R,126 min,"['action', 'adventure', 'classic', 'comedy']",A cop-turned-bounty hunter runs into trouble as he races from New York to Los Angeles with a fugitive accountant who embezzled millions from the mob.
s2239,TV Show,Sunny Bunnies,,"['Svetlana Tsimokhina', 'Dmitri Davidovich']",Belarus,"July 15, 2020",2016,TV-Y,2 Seasons,"['british', 'family', 'comedy']","Furry little bunnies hop through wild adventures as they find solutions, fun and sometimes mischief wherever there is light."
s6221,Movie,Balto,Simon Wells,"['Kevin Bacon', 'Bob Hoskins', 'Bridget Fonda', 'Jim Cummings', 'Phil Collins', 'Jack Angel', 'Danny Mann', 'Robbie Rist']",United States,"April 1, 2018",1995,G,78 min,"['family', 'drama']","Balto, who is half wolf and half dog, endures the taunts of disapproving humans as he guides a precious cargo of medicine through the Alaskan winter."
s1713,Movie,Ludo,Anurag Basu,"['Abhishek Bachchan', 'Aditya Roy Kapur', 'Rajkummar Rao', 'Sanya Malhotra', 'Fatima Sana Shaikh', 'Pankaj Tripathi', 'Rohit Saraf', 'Shalini Vatsa', 'Pearle Maaney']",India,"November 12, 2020",2020,TV-MA,150 min,"['comedy', 'drama', 'international']","From a resurfaced sex tape to a rogue suitcase of money, four wildly different stories overlap at the whims of fate, chance and one eccentric criminal."
s4938,Movie,"Ram Dass, Going Home",Derek Peck,['Ram Dass'],United States,"April 6, 2018",2018,TV-14,32 min,"['documentary', 'faith']","From his home on Maui, pioneering researcher, author and spiritual teacher Ram Dass reflects on love, life and death as his own days draw to a close."
s8663,Movie,Union Leader,Sanjay Patel,"['Rahul Bhat', 'Tillotama Shome', 'Haresh Dagiya', 'Jayesh More', 'Tirth Sharma', 'Vivek Ghamande', 'Jay Vithlani', 'Mehul Buch']","Canada, India","December 31, 2019",2017,TV-14,105 min,"['drama', 'independent', 'international']",Toxic conditions and a corrupt union leader prompt a chemical plant worker and earnest family man to fight for justice for his fellow laborers.
s7530,TV Show,Mutant Busters,,"['Dermot Arrigan', 'James Giblin', 'Noah Levin', 'Molly Malcolm', 'Colin Morgan', 'Benjamin Nathan-Serio', 'Alex Wagner', 'Joshua Zamrycki']",Spain," June 1, 2017",2017,TV-PG,2 Seasons,"['family', 'comedy']","After a natural disaster known as the Big Fart leaves Earth divided, only Sheriff and his rebel misfits can protect the planet from a mutant invasion."
s4083,Movie,The Photographer Of Mauthausen,Mar Targarona,"['Mario Casas', 'Richard van Weyden', 'Alain Hernández', 'Adrià Salazar', 'Eduard Buch', 'Stefan Weinert', 'Rubén Yuste', 'Nikola Stojanovic', 'Frank Feys', 'Marc Rodríguez', 'Albert Mora', 'Luka Peros', 'Rainer Reiners', 'Toni Gomila', 'Emilio Gavira', 'Macarena Gómez']",Spain,"February 23, 2019",2018,TV-MA,110 min,"['drama', 'international']",A Catalán prisoner at a Nazi concentration camp uses his office job to steal photo negatives of the atrocities committed there. Based on true events.
s1186,Movie,Who's the Boss,Chinaza Onuzo,"['Funke Akindele', 'Blossom Chukwujekwu', 'Sharon Ooja', 'Ini Dima-Okojie', 'Segun Arinze', 'Bolly Lomo', 'Beverly Osu', 'Tayo Faniran']",Nigeria,"March 19, 2021",2020,TV-MA,106 min,"['comedy', 'international', 'romance']","A young, overworked ad executive with an overbearing boss starts her own side hustle and invents an employer once her business begins to flourish."
s4976,Movie,Secret Superstar,Advait Chandan,"['Zaira Wasim', 'Meher Vij', 'Raj Arjun', 'Aamir Khan', 'Tirth Sharma']",India,"March 23, 2018",2017,TV-14,150 min,"['drama', 'international', 'music']",A talented teenage singer-songwriter living amid domestic abuse becomes a YouTube sensation after a video in which she hides her identity goes viral.
s6508,TV Show,Club Friday To Be Continued - Friend & Enemy,,"['Wanida Termthanaporn', 'Apinya Sakuljaroensuk', 'Golf Pichaya Nitipaisankul', 'Thassapak Hsu']",,"April 20, 2018",2016,TV-MA,1 Season,"['international', 'romance', 'drama']","A love triangle spirals out of control, wreaking havoc on a couple's relationship and a friendship between two women."
s2005,Movie,Wish Upon a Unicorn,Steve Bencich,"['Ryan Kiera Armstrong', 'Summer Fontana', ""Kevin J. O'Connor"", 'Tait Blum', 'Jon Gries', 'Branscombe Richmond', 'Rick Overton', 'Jonathan Lajoie', 'Chloe Webb']",,"September 15, 2020",2020,PG,93 min,['family'],Sisters Mia and Emma move to their grandmother’s farm far from the city and save a magical unicorn from local cowboys seeking its powers for themselves.
s5291,Movie,Aakhri Adaalat,Rajiv Mehra,"['Vinod Khanna', 'Dimple Kapadia', 'Jackie Shroff', 'Sonam', 'Vinod Mehra', 'Shafi Inamdar', 'Gulshan Grover', 'Roopesh Kumar']",India,"September 1, 2017",1988,TV-14,148 min,"['action', 'adventure', 'international']",An intrepid police inspector forced into a desk job must take matters into his own hands when ruthless criminals are released on a technicality.
s1432,Movie,Stuck Apart,,"['Engin Günaydın', 'Haluk Bilginer', 'Binnur Kaya', 'Öner Erkan', 'İrem Sak', 'Fatih Artman', 'Gülçin Santırcıoğlu', 'İlker Aksum', 'Hülya Duyar', 'Göktuğ Yıldırım', 'Helin Kandemir']",Turkey,"January 8, 2021",2021,TV-MA,97 min,"['comedy', 'drama', 'international']","Entrenched in a midlife crisis, Aziz seeks solace from his mundane job, lonesome friends and rowdy family while pretending to have his act together."
s6195,TV Show,Atomic Puppet,,"['Eric Bauza', 'Lisa Norton', 'Carlos Díaz', 'Peter Oldring', 'Heather Bambrick', 'Rick Miller', 'Rob Tinkler', 'Kristina Nicoll']","Canada, France","December 1, 2017",2016,TV-Y7,1 Season,"['crime', 'family', 'comedy']","Captain Atomic – once a superhero, now a sock puppet – can only activate his powers with the help of Joey, his new partner and biggest fan."
s3801,Movie,The Perfection,Richard Shepard,"['Allison Williams', 'Logan Browning', 'Steven Weber', 'Alaina Huffman', 'Mark Kandborg', 'Graeme Duffy']",United States,"May 24, 2019",2019,TV-MA,91 min,"['horror', 'lgbtq', 'music']","In this twisty horror-thriller, a once-promising music prodigy reconnects with her former mentors, only to find them taken with a talented new pupil."
s4113,Movie,Ugly Aur Pagli,Sachin Kamlakar Khot,"['Mallika Sherawat', 'Ranvir Shorey', 'Tinnu Anand', 'Sushmita Mukherjee', 'Manish Anand', 'Vihang Nayak', 'Bharati Achrekar', 'Zeenat Aman']",India,"February 15, 2019",2008,TV-14,115 min,"['comedy', 'international', 'romance']","Everyday guy Kabir is thrown for a loop when he meets Kuhu, a freewheeling party girl. Now, he's a changed man, dancing, running half-naked through the streets and donning ladies' shoes at her whim."
s5133,Movie,The Secret,Drew Heriot,,"Australia, United States","December 7, 2017",2006,TV-14,91 min,"['documentary', 'faith']","An assembly of writers, philosophers and scientists share The Secret, which reputedly brought success to Plato, da Vinci, Einstein and other greats."
s2178,Movie,Super Monsters: The New Class,Steve Ball,"['Elyse Maloway', 'Vincent Tong', 'Erin Mathews', 'Andrea Libman', 'Alessandro Juliani', 'Nicole Anthony', 'Diana Kaarina', 'Gigi Saul Guerrero', 'Asia Mattu', 'Rukiya Bernard', 'Elicia MacKenzie', 'Ian James Corlett', 'Britt McKillip']",Canada,"August 1, 2020",2020,TV-Y,25 min,['family'],"A new class of pint-sized preschoolers arrives at Pitchfork Pines, and the Super Monsters take their superpowers to the next level — the Purple Room!"
s2726,Movie,Gumrah,Mahesh Bhatt,"['Sanjay Dutt', 'Sridevi', 'Anupam Kher', 'Rahul Roy', 'Soni Razdan', 'Reema Lagoo', 'Kunika', 'Tom Alter', 'Bob Christo', 'Anang Desai']",India,"April 1, 2020",1993,TV-14,149 min,"['action', 'adventure', 'drama', 'international']","Jailed for drug trafficking while searching for the dad she's never met, a singer gets unlikely support from a crook whose love she has long rejected."
s6438,Movie,Center Stage,Nicholas Hytner,"['Amanda Schull', 'Zoe Saldana', 'Susan May Pratt', 'Peter Gallagher', 'Donna Murphy', 'Debra Monk', 'Ethan Stiefel', 'Sascha Radetsky', 'Julie Kent', 'Ilia Kulik']",United States,"January 1, 2020",2000,PG-13,116 min,['drama'],"Vying for a spot in the American Ballet Company, 12 dance students are ready to push their bodies and minds to the limit to realize their dreams."
s1595,Movie,Leyla Everlasting,,"['Demet Akbağ', 'Haluk Bilginer', 'Elçin Sangu', 'Fırat Tanış', 'Alican Yücesoy', 'Emre Kıvılcım', 'Hakan Eke', 'İhsan Ceylan', 'Bimen Zartar']",Turkey,"December 4, 2020",2020,TV-MA,113 min,"['comedy', 'international']","A resilient housewife, her husband and their marriage therapist become mired in a toxic love triangle and a plot to obtain an antique manuscript."
s3255,Movie,Mallesham,Raj R,"['Jhansi', 'Priyadarshi Pullikonda', 'Ananya Nagalla']",India,"November 20, 2019",2019,TV-14,131 min,"['drama', 'independent', 'international']","A self-trained engineer risks debt, love and reputation in his quest to improve the grueling work conditions of his mother and her weaving community."
s709,Movie,Lowriders,Ricardo de Montreuil,"['Demián Bichir', 'Gabriel Chavarria', 'Theo Rossi', 'Melissa Benoist', 'Tony Revolori', 'Eva Longoria', 'Yvette Monreal', 'Cress Williams']",United States,"June 16, 2021",2016,PG-13,98 min,"['drama', 'independent']","Caught up in the lowrider world of his father and embittered brother, an East LA graffiti artist grapples with a family feud while chasing his dreams."
s4481,Movie,Ronnie Coleman: The King,Vlad Yudin,['Ronnie Coleman'],United States,"October 25, 2018",2018,TV-MA,93 min,['documentary'],"Today, legendary bodybuilder Ronnie Coleman's body bears the scars of becoming the best in the world. Here, he shares what it took to reach his goals."
s4700,Movie,Yoo Byung Jae: Discomfort Zone,Y. Joon Chung,['Yoo Byung Jae'],South Korea,"August 17, 2018",2018,TV-MA,54 min,['comedy'],Daring comedian Yoo Byung-jae connects criticism he's received from the general public to some of the most touchy issues in current Korean society.
s5041,Movie,Love Per Square Foot,Anand Tiwari,"['Vicky Kaushal', 'Angira Dhar', 'Alankrita Sahai', 'Raghuvir Yadav', 'Ratna Pathak Shah', 'Supriya Pathak']",India,"February 14, 2018",2018,TV-14,133 min,"['comedy', 'international', 'romance']","Individually, bank employees Sanjay and Karina don't earn enough to be able to buy a home, so they decide to enter into a marriage of convenience."
s5614,Movie,"Michael Bolton's Big, Sexy Valentine's Day Special","Scott Aukerman, Akiva Schaffer","['Michael Bolton', 'Andy Samberg', 'Will Forte', 'Kenny G', 'Maya Rudolph', 'Adam Scott', 'Janeane Garofalo', 'Brooke Shields', 'Sinbad', 'Michael Sheen', 'Tim Robinson', 'Bob Saget', 'Mary Holland', 'Andy Richter', 'Colton Dunn', 'David Theune', 'Randall Park', 'Sarah Silverman', 'Mary Sohn', 'Fred Armisen', 'Matthew Kimbrough', 'Maya Erskine', 'Louie Anderson', ""Claudia O'Doherty"", 'Kate Berlant', 'Baron Vaughn', 'Zachary Oyama', 'Casey Wilson', 'Sarah Shahi', 'Jimmy Graham', 'Luka Jones', 'Akiva Schaffer', 'Eric André', 'Scott Aukerman', 'Nicole Byer', 'Dave Ferguson', 'Tim Kalpakis', 'Mike Hanford', 'Mircea Monroe', 'Chris Parnell', 'Sal Stowers']",United States,"February 7, 2017",2017,TV-MA,54 min,"['comedy', 'music', 'romance']","After Santa tells him he needs 75,000 new babies by Christmas to meet toy supply, Michael Bolton hosts a telethon to inspire the world to make love."
s5762,Movie,LEGO Jurassic World: The Indominus Escape,Michael D. Black,"['A.J. LoCascio', 'Sendhil Ramamurthy', 'Fred Tatasciore', 'Jake Johnson', 'Lauren Lapkus', 'Zachary Levi', 'BD Wong', 'David Gunning']",United States,"October 4, 2016",2016,TV-Y7,25 min,"['family', 'comedy']",The scientists of Jurassic World create a captivating and terrifying new creature that loves hot dogs. But what happens when the hot dogs run out?
s6274,Movie,"Behind ""The Cove"": The Quiet Japanese Speak Out",Keiko Yagi,,"Japan, United States","August 25, 2017",2015,TV-14,105 min,"['documentary', 'international']","After a documentary about the Japanese whaling industry garnered international attention, an amateur filmmaker decides to tell the rest of the story."
s6877,Movie,Good Kisser,Wendy Jo Carlton,"['Kari Alison Hodge', 'Rachel Paulson', 'Julia Eringer']",United States,"August 20, 2020",2019,TV-MA,75 min,"['comedy', 'drama', 'independent']","Hoping to give their relationship a boost, Jenna and Kate arrange to spend an evening with a third woman, but things take a turn once the sparks fly."
s388,Movie,Mimi,Laxman Utekar,"['Kriti Sanon', 'Pankaj Tripathi', 'Sai Tamhankar', 'Manoj Pahwa', 'Supriya Pathak', 'Evelyn Edwards']",,"July 27, 2021",2021,TV-14,132 min,"['comedy', 'drama', 'international']","An aspiring actress in a small town agrees to bear a child for a visiting couple seeking a surrogate mother, but her experience takes unexpected turns."
s5165,Movie,"Jim & Andy: The Great Beyond - Featuring a Very Special, Contractually Obligated Mention of Tony Clifton",Chris Smith,['Jim Carrey'],"Canada, United States","November 17, 2017",2017,TV-MA,94 min,['documentary'],"Through the lens of his stunningly immersive performance as Andy Kaufman, Jim Carrey ponders the meaning of life, reality, identity and career."
s6226,Movie,Band Aid,Zoe Lister-Jones,"['Zoe Lister-Jones', 'Adam Pally', 'Fred Armisen', 'Susie Essman', 'Retta', 'Hannah Simone', 'Brooklyn Decker', 'Angelique Cabral', 'Colin Hanks', 'Ravi V. Patel', 'Jamie Chung', 'Erinn Hayes', 'Gillian Zinser', 'Jesse Williams']",United States,"April 12, 2019",2017,R,94 min,"['comedy', 'drama', 'independent']","A young married couple tries to save their disintegrating relationship by turning their fights into songs, with the help of an oddball neighbor."
s3544,TV Show,Serial Killer with Piers Morgan,,['Piers Morgan'],United Kingdom,"September 1, 2019",2018,TV-14,1 Season,"['british', 'crime', 'documentary']","Through intense prison interviews, Piers Morgan revisits the crimes of three convicted serial killers and learns more about their motives."
s2789,TV Show,Dino Girl Gauko,,"['Naoko Matsui', 'Hiroshi Kamiya', 'Kazue Ikura', 'Chafurin', 'Chie Kojiro', 'Mari Mashiba', 'Ryoko Shiraishi', 'Hidekatsu Shibata', 'Tadashi Miyazawa', 'Sonosuke Hattori', 'Karen', 'Yui Toita', 'Izu Konishi', 'Eri Ozaki', 'Risa Nakamura', 'Tomoyo Chujo', 'Takuro Hijioka', 'Sawako Yoshida', 'Chika Okubo', 'Yuri Fujiwara', 'Tomomi Yamakawa', 'Hikaru Yuki', 'Miyako Kobayashi', 'Mutsuki Arisawa', 'Koharu Nogata', 'Tomoka Kuzutani', 'Madoka Yokoyama', 'Madoka Hiraide', 'Ayako Takamura', 'Yuki Arimoto', 'Yuto Kazama', 'Arisa Takami', 'Chika Sakamoto']","United States, Japan","March 20, 2020",2020,TV-Y7,2 Seasons,"['anime', 'family']","When she gets angry, middle schooler Naoko turns into fierce dinosaur Gauko! Thanks to friends, aliens and more, her life is full of wacky incidents."
s44,Movie,Jaws 3,Joe Alves,"['Dennis Quaid', 'Bess Armstrong', 'Simon MacCorkindale', 'Louis Gossett Jr.', 'John Putch', 'Lea Thompson', 'P.H. Moriarty', 'Dan Blasko', 'Liz Morris', 'Lisa Maurer']",United States,"September 16, 2021",1983,PG,98 min,"['action', 'adventure', 'horror', 'thriller']","After the staff of a marine theme park try to capture a young great white shark, they discover its mother has invaded the enclosure and is out for blood."
s4019,Movie,Barcelona: A Love Untold,Olivia M. Lamasan,"['Kathryn Bernardo', 'Daniel Padilla', 'Joshua Garcia', 'Aiko Melendez', 'Joey Marquez', 'Ricky Davao', 'Maria Isabel Lopez', 'Ana Capri', 'Cris Villanueva']",Philippines,"March 14, 2019",2016,TV-14,132 min,"['drama', 'international', 'romance']","While pursuing a degree in Spain, an architecture student struggling with grief meets a fellow expatriate trying to flee a difficult family life."
s1885,Movie,Walk Away from Love,Christopher Nolen,"['Noree Victoria', 'Brad James', 'Robert Christopher Riley', 'Brely Evans', 'Sabrina Revelle']",United States,"October 6, 2020",2017,TV-14,81 min,"['drama', 'romance']","Heartbroken from her last relationship, an attorney is wary of falling in love again. But crossing paths with an ex upends her plans to finally move on."
s3416,TV Show,THE UNLISTED,,"['Vrund Rao', 'Ved Rao', 'Abigail Adriano', 'Miah Madden', 'Jean Hinchliffe', 'Nya Cofie', 'Saba Zaidi Abdi', 'Nicholas Brown', 'Virginie Laverdure', 'Avishma Lohith', 'Zenia Starr', 'Suzi Dougherty', 'Aria Ferris', 'Danny Kim', 'Annabel Wolfe']",Australia,"October 17, 2019",2019,TV-PG,1 Season,"['family', 'thriller']","When they learn of a secret plot to track and control kids, identical twins Dru and Kal team up with a band of runaway rebels to take back their world."
s2719,TV Show,Community,,"['Ken Jeong', 'Jim Rash', 'Donald Glover', 'Joel McHale', 'Gillian Jacobs', 'Danny Pudi', 'Alison Brie', 'Chevy Chase', 'Yvette Nicole Brown']",United States,"April 1, 2020",2015,TV-14,6 Seasons,['comedy'],"When his degree is found bogus, lawyer Jeff Winger is sent back to college, where he meets students and teachers with credentials as dubious as his."
s7373,Movie,Madaari,Nishikant Kamat,"['Irrfan Khan', 'Jimmy Shergill', 'Vishesh Bansal', 'Tushar Dalvi', 'Nitish Pandey']",India,"February 17, 2017",2016,TV-14,134 min,"['drama', 'independent', 'international']","A bridge under construction collapses in Mumbai, killing a man's family and launching him on a crusade to bring those responsible to justice."
s7847,Movie,Red Trees,Marina Willer,['Tim Piggott-Smith'],United Kingdom,"March 24, 2018",2017,TV-PG,80 min,"['documentary', 'international']","A documentarian details her Jewish family's escape from Nazi-occupied Prague to refuge in Brazil, where her father built a life as an architect."
s4006,Movie,Girl,Lukas Dhont,"['Victor Polster', 'Arieh Worthalter', 'Oliver Bodart', 'Tijmen Govaerts', 'Katelijne Damen', 'Valentijn Dhaenens', 'Magali Elali', 'Alice de Broqueville', 'Chris Thys', 'Angelo Tijssens']","Netherlands, Belgium","March 15, 2019",2018,R,106 min,"['drama', 'international', 'lgbtq']",Fifteen-year-old ballet dancer Lara faces physical and emotional hurdles as she prepares for gender confirmation surgery. Inspired by a true story.
s5426,TV Show,Aquarius,,"['David Duchovny', 'Gethin Anthony', 'Grey Damon', 'Emma Dumont', 'Claire Holt', 'Michaela McManus', ""Brían F. O'Byrne"", 'David Meunier', 'Ambyr Childers', 'Tara Lynne Barr', 'Whitney Rose Pynn', 'Jason Ralph']",United States,"June 16, 2017",2016,TV-MA,2 Seasons,"['crime', 'drama']","Amid the turmoil of 1960s LA, two cops and a prominent political family are drawn into the sex- and drug-fueled web of a young Charles Manson."
s2493,Movie,The Witness Who Didn't See Anything,"Muhammad Fadl, Hany Motawie","['Adel Imam', 'Nahed Gabr', 'Omar El-Hariri', 'Nazim Sharawy', 'Badr Nofal', 'Saeed Tarabeek', 'Hala Fakher', 'Samir Waley Eldein', 'Sami Gawhar', 'Shawqi Shamekh', 'Nasr Seif']",Egypt,"May 21, 2020",1976,TV-PG,157 min,"['comedy', 'international']","Pressured by cops into testifying as an eyewitness to a neighbor's murder, a children's TV host takes on a new persona after the trial."
s7653,Movie,On Yoga The Architecture of Peace,Heitor Dhalia,['Michael O’Neill'],"Brazil, India, China, United States","January 10, 2018",2017,TV-14,92 min,"['documentary', 'faith']","Based on photographer Michael O’Neill’s book of the same name, this documentary traces the author’s 10-year journey through the landscape of yoga."
s6668,Movie,Eh Janam Tumhare Lekhe,Harjit Singh,"['Pavan Malhotra', 'Sudhanshu Aggarwal', 'Arjuna Bhalla', 'Avrinder Kaur', 'Arvinder Bhatti', 'Master Yuvraj', 'Jai Bharti', 'Gagandeep Singh']",India,"December 1, 2017",2015,TV-14,124 min,"['drama', 'international']","Driven by the lessons he learned from his mother, and the values of the Sikh religion, a man sets out on a mission to serve humanity."
s6285,Movie,Benji's Very Own Christmas Story,Joe Camp,"['Ron Moody', 'Patsy Garrett', 'Cynthia Smith']",United States,"October 3, 2018",1978,TV-G,25 min,['family'],"While on a press tour, Benji goes behind the scenes of Santa's workshop. But Santa has a devastating secret, so it's up to Benji to save Christmas."
s8530,Movie,The Tiger Hunter,Lena Khan,"['Danny Pudi', 'Jon Heder', 'Rizwan Manji', 'Karen David', 'Iqbal Theba', 'Sam Page', 'Kevin Pollak', 'Parvesh Cheena', 'Michael McMillian']",United States,"April 9, 2018",2016,TV-14,94 min,"['comedy', 'drama', 'independent']","It's 1979, and engineer Sami is excited to leave his Indian village for a job in Chicago. But he soon runs into problems achieving his American dream."
s6512,Movie,Code Name: The Cleaner,Les Mayfield,"['Cedric the Entertainer', 'Lucy Liu', 'Nicollette Sheridan', 'Mark Dacascos', 'Callum Keith Rennie', 'DeRay Davis', 'Niecy Nash', 'Will Patton']",United States,"November 1, 2019",2007,PG-13,91 min,"['action', 'adventure', 'comedy']",A mild-mannered janitor duped into believing he's an undercover agent stumbles into an international arms ring plot involving the CIA and the FBI.
s1519,Movie,Ma Rainey's Black Bottom: A Legacy Brought to Screen,,"['Glynn Turman', 'Denzel Washington', 'George C. Wolfe', 'Branford Marsalis', 'Viola Davis', 'Imani Perry', 'Michael Potts', 'Coleman Domingo', 'Constanza Romero', 'August Wilson', 'Todd Black', 'Dusan Brown', 'Taylour Paige', 'Ann Roth', 'Chadwick Boseman']",,"December 18, 2020",2020,TV-PG,32 min,"['documentary', 'music']","Viola Davis, Denzel Washington, George C. Wolfe and more share the heart, soul and history that brought August Wilson’s timeless play to the screen."
s8315,Movie,The Frozen Ground,Scott Walker,"['Nicolas Cage', 'John Cusack', 'Vanessa Hudgens', 'Dean Norris', 'Radha Mitchell', '50 Cent', 'Kevin Dunn', 'Olga Valentina', 'Michael McGrady', ""Jodi Lyn O'Keefe""]",United States,"August 27, 2020",2013,R,106 min,"['drama', 'thriller']","In this fact-based thriller, an Alaska state trooper pursuing a serial killer teams with a 17-year-old-prostitute who escaped the predator's clutches."
s3148,Movie,Talaash,Reema Kagti,"['Aamir Khan', 'Rani Mukerji', 'Kareena Kapoor', 'Nawazuddin Siddiqui', 'Shernaz Patel', 'Sheeba Chaddha']",India,"December 15, 2019",2012,TV-14,140 min,"['drama', 'international', 'thriller']","Set in the jumbled landscape of Mumbai, this mystery drama centers on a police inspector who's trying to cope with the collapse of his marriage."
s6208,Movie,Back and Forth,José Eduardo Belmonte,"['Ingrid Guimarães', 'Fábio Assunção', 'Alice Braga', 'Rosanne Mulholland', 'Caroline Abras', 'João Assunção']",Brazil,"January 5, 2017",2016,NR,95 min,"['comedy', 'drama', 'international']","When their car breaks down en route to São Paulo, a father and son accept a ride from four beautiful telemarketers who are headed there on holiday."
s2470,Movie,Ne Zha,Yu Yang,"['Lü Yanting', 'Joseph', 'Han Mo', 'Chen Hao', 'Lü Qi', 'Zhang Jiaming', 'Yang Wei']",China,"May 25, 2020",2019,TV-14,110 min,"['action', 'adventure', 'comedy', 'international']","Bound by a divine mandate, rebellious outcast Ne Zha grapples with his formidable powers and a destiny that would imperil his loved ones."
s613,Movie,Underworld: Rise of the Lycans,Patrick Tatopoulos,"['Michael Sheen', 'Bill Nighy', 'Rhona Mitra', 'Steven Mackintosh', 'Kevin Grevioux', 'David Aston', 'Geraldine Brophy', 'Leighton Cardno', 'Alex Carroll', 'Elizabeth Hawthorne', 'Jason Hood']","United States, New Zealand","July 1, 2021",2009,R,92 min,"['action', 'adventure', 'horror', 'sci-fi', 'fantasy']","Set in the year 1402, this prequel follows Lucian, the first werewolf to take human form, and chronicles the feud between the vampires and the Lycans."
s4240,Movie,Sam Kinison: Live in Vegas,Walter C. Miller,['Sam Kinison'],United States,"December 31, 2018",1991,TV-MA,71 min,['comedy'],Standup legend Sam Kinison is at his screaming best as he storms the stage in Sin City to get a few things off his chest.
s7474,Movie,Mission: Destroy Love,Osman Ali,"['Bront Palarae', 'Maya Karin', 'Remy Ishak', 'Izara Aishah', 'Azad Jazmin', 'Dira Abu Zahar', 'Zarina Zainuddin']",Malaysia,"August 7, 2017",2014,TV-PG,93 min,"['comedy', 'international', 'romance']",Two strangers meet by chance on a trip to Thailand and form a connection when they realize their former romantic partners ended up getting together.
s4157,Movie,Alt-Right: Age of Rage,Adam Bhala Lough,"['Daryle Lamont Jenkins', 'Richard Spencer']",,"January 28, 2019",2018,TV-MA,106 min,['documentary'],This documentary follows a white power leader and an Antifa activist leading up to the Charlottesville riots in the first year of Trump's presidency.
s3260,Movie,Iron Sky: The Coming Race,Timo Vuorensola,,"Finland, Germany, Belgium","November 16, 2019",2019,TV-MA,93 min,"['action', 'adventure', 'comedy', 'international']","Decades after a nuclear war, survivors on the moon revisit Earth to locate a potential power source – and find shape-shifting reptiles instead."
s5882,Movie,A Very Murray Christmas,Sofia Coppola,"['Bill Murray', 'Miley Cyrus', 'George Clooney', 'Chris Rock', 'Amy Poehler', 'Michael Cera', 'Maya Rudolph', 'Rashida Jones', 'Jason Schwartzman', 'Paul Shaffer', 'Jenny Lewis', 'Phoenix']",United States,"December 4, 2015",2015,TV-14,57 min,"['comedy', 'music']","Bill Murray rounds up an all-star cast for an evening of music, mischief and barroom camaraderie in this irreverent twist on holiday variety shows."
s4926,TV Show,The Chalet,,"['Chloé Lambert', 'Philippe Dusseau', 'Emilie de Preissac', 'Marc Ruchmann', 'Blanche Veisberg', 'Eric Savin', 'Nicolas Gob', 'Catherine Vinatier', 'Thierry Godard']",France,"April 17, 2018",2018,TV-MA,1 Season,"['crime', 'international', 'drama']",Friends gathered at a remote chalet in the French Alps for a summer getaway are caught in a deadly trap as a dark secret from the past comes to light.
s7329,Movie,Lockout,"James Mather, Steve Saint Leger","['Guy Pearce', 'Maggie Grace', 'Joseph Gilgun', 'Vincent Regan', 'Lennie James', 'Peter Stormare', 'Jacky Ido', 'Tim Plester', 'Mark Tankersley', 'Anne-Solenne Hatte']","France, United States","May 7, 2020",2012,PG-13,95 min,"['action', 'adventure', 'international', 'sci-fi', 'fantasy']",A government agent wrongly accused of a crime gets a shot at freedom if he can engineer a high-risk rescue mission to outer space.
s8585,Movie,Three,Johnnie To,"['Louis Koo', 'Zhao Wei', 'Wallace Chung', 'Lam Suet', 'Lo Hoi-pang', 'Eddie Cheung', 'Timmy Hung', 'Michael Tse', 'Raymond Wong Ho-Yin']","Hong Kong, China","June 3, 2017",2016,TV-MA,88 min,"['action', 'adventure', 'international']","A master criminal engineers his own shooting during a police raid, then refuses treatment while awaiting rescue in a tense standoff at a hospital."
s991,Movie,Niyazi Gül Dörtnala,Hakan Algül,"['Ata Demirer', 'Demet Akbağ', 'Şebnem Bozoklu', 'Levent Ülgen']",Turkey,"April 23, 2021",2015,TV-MA,102 min,"['comedy', 'international']","Seeking the formula behind a magical elixir bequeathed to him by his father, a veterinary professor gets embroiled in a mobster's horse-racing scheme."
s5307,Movie,Offline - Das leben ist kein bonuslevel,Florian Schnell,"['Moritz Jahn', 'Mala Emde', 'Ugur Ekeroglu', 'David Schütter', 'Hannes Wegener', 'Yung Ngo', 'Kida Khodr Ramadan']",Germany,"September 1, 2017",2016,TV-MA,89 min,"['action', 'adventure', 'comedy', 'international']",Competitive gamer Jan finds his life thrown for a loop when his bitter rival hacks his identity just before a high-stakes tournament.
s2621,Movie,Neseli Hayat,Yılmaz Erdoğan,"['Yılmaz Erdoğan', 'Ersin Korkut', 'Büşra Pekin', 'Erdal Tosun', 'Rıza Akın', 'Sinan Bengier', 'Cezmi Baskın', 'Ayberk Atilla', 'Fatma Murat', 'Metin Yıldız']",Turkey,"April 28, 2020",2009,TV-14,108 min,"['comedy', 'international']","Burdened by troubles and caught between cultures, Riza takes a job as a mall Santa and finds that real life may not be so different from make-believe."
s1996,Movie,The Devil All The Time,Antonio Campos,"['Tom Holland', 'Bill Skarsgård', 'Riley Keough', 'Robert Pattinson', 'Mia Wasikowska', 'Jason Clarke', 'Sebastian Stan', 'Haley Bennett', 'Harry Melling', 'Eliza Scanlen']",United States,"September 16, 2020",2020,R,139 min,"['drama', 'thriller']",Sinister characters converge around a young man devoted to protecting those he loves in a postwar backwoods town teeming with corruption and brutality.
s7036,Movie,I Am,Onir,"['Juhi Chawla', 'Rahul Bose', 'Nandita Das', 'Sanjay Suri', 'Manisha Koirala', 'Purab Kohli', 'Shernaz Patel', 'Abhimanyu Singh', 'Arjun Mathur', 'Radhika Apte']","India, Japan","March 4, 2019",2010,TV-MA,106 min,"['drama', 'independent', 'international']","Four individuals in modern India grapple with their identities amid social taboos, trauma and brutal sexual discrimination in this quartet of stories."
s5784,Movie,Audrie & Daisy,"Bonni Cohen, Jon Shenk",,United States,"September 23, 2016",2016,TV-MA,99 min,['documentary'],"In this wrenching documentary, two teens are sexually assaulted by boys they considered friends, humiliated online and harassed by their communities."
s967,Movie,Get the Grift,Pedro Antonio,"['Marcus Majella', 'Samantha Schmütz', 'Caito Mainier', 'Pedroca Monteiro', 'Thelmo Fernandes', 'Zeca Carvalho', 'Pablo Sanabio', 'Luan Caruzo']",Brazil,"April 28, 2021",2021,TV-MA,95 min,"['comedy', 'international']","After a botched scam, Clóvis bumps into Lohane, his estranged foster sister. In a bind, they soon realize the only way out is to band together."
s5343,Movie,Alan Saldaña: Mi vida de pobre,"Raúl Campos, Jan Suter",['Alan Saldaña'],Mexico,"August 4, 2017",2017,TV-MA,54 min,['comedy'],Mexican comic Alan Saldaña has fun with everything from the pressure of sitting in an exit row to maxing out his credit card in this stand-up special.
s3832,TV Show,The Defected,,"['Kara Hui', 'Philip Keung', 'Benjamin Yuen', 'Sisley Choi', 'Hui Shiu Hung', 'Ben Wong', 'Joman Chiang']","China, Hong Kong","May 12, 2019",2019,TV-14,1 Season,"['crime', 'international', 'drama']","After surviving a near-fatal injury on the job, a cop sets out to investigate a conspiracy involving the top brass of the police department."
s4330,Movie,A Beautiful Life,Andrew Lau Wai-Keung,"['Qi Shu', 'Liu Ye', 'Anthony Wong Chau-Sang', 'Liang Tian', 'Danying Feng', 'Rina Sa', 'Zhang Songwen', 'Tian Gao', 'Andrew Lin']","China, Hong Kong","December 1, 2018",2011,TV-14,122 min,"['drama', 'international', 'romance']","After meeting under awkward circumstances, a glamorous businesswoman and a tradition-bound policeman begin a relationship that changes their lives."
s2536,Movie,Match,Obaid Alhmoudi,"['Mahmood Bin Shamsan', 'Waleed Alyasi', 'Sawsan Saad']",,"May 14, 2020",2017,TV-14,91 min,"['drama', 'international']","After living with a criminal father, two brothers on different paths head for a direct collision when an intriguing woman enters both of their lives."
s2830,Movie,Marc Maron: End Times Fun,Lynn Shelton,['Marc Maron'],United States,"March 10, 2020",2020,TV-MA,71 min,['comedy'],"Marc Maron wades through a swamp of vitamin hustlers, evangelicals and grown male nerd children, culminating in a gleefully filthy end-times fantasy."
s5500,Movie,Chaahat,Mahesh Bhatt,"['Naseeruddin Shah', 'Shah Rukh Khan', 'Pooja Bhatt', 'Anupam Kher', 'Ramya Krishnan', 'Avtar Gill', 'Mushtaq Khan']",India,"May 1, 2017",1996,TV-14,148 min,"['drama', 'international', 'romance']",A vulnerable singer is forced to choose between the girl he loves and another who has developed an unhealthy obsession with him.
s2216,Movie,The Larva Island Movie,Ahn Byoung-wook,"['Hong Bum-ki', 'Eddy Lee', 'Kang Shi-hyun', 'Ahn Hyo-min', 'Kim Yeon-woo', 'Choi Nak-yoon', 'Tom Wayland', 'Erica Schroeder']",South Korea,"July 23, 2020",2020,TV-Y7,91 min,"['family', 'comedy']","In this movie sequel to the hit series, Chuck returns home and talks to a reporter about life on the island with zany larva pals Red and Yellow."
s7178,TV Show,Ken Burns: The West,,['Peter Coyote'],United States,"March 14, 2017",1996,TV-PG,1 Season,['documentary'],Historian Ken Burns and his team bring to life the challenges Americans faced in the 19th century as they embarked on westward expansion.
s80,Movie,Tughlaq Durbar (Telugu),Delhiprasad Deenadayalan,"['Vijay Sethupathi', 'Parthiban', 'Raashi Khanna']",,"September 11, 2021",2021,TV-14,145 min,"['comedy', 'drama', 'international']",A budding politician has devious plans to rise in the ranks — until an unexpected new presence begins to interfere with his every crooked move.
s7144,TV Show,Juana Inés,,"['Arcelia Ramírez', 'Arantza Ruiz', 'Hernán Del Riego', 'Margarita Sanz', 'Lisa Owen', 'Yolanda Corrales', 'Carlos Valencia', 'Mauricio Isaac', 'Pedro de Tavira Egurrola', 'Emilio Savinni', 'Néstor Galván', 'Paulina Matos', 'Alberto Collado', 'Rocío García', 'Luis Maya', 'Clementina Guadarrama']",Mexico,"January 27, 2017",2016,TV-14,1 Season,"['international', 'spanish', 'language', 'drama']","Juana Inés de la Cruz, a powerful feminist nun involved in a forbidden love affair with a woman, faces oppression in 17th-century Mexico."
s319,Movie,Shiny_Flakes: The Teenage Drug Lord,"Eva Müller, Michael Schmitt",['Maximilian Schmidt'],,"August 3, 2021",2021,TV-MA,97 min,"['documentary', 'international']","Max S. reveals how he built a drug empire from his childhood bedroom in this story that inspired the series ""How to Sell Drugs Online (Fast)."""
s4955,Movie,Om Shanti Om,Farah Khan,"['Shah Rukh Khan', 'Deepika Padukone', 'Shreyas Talpade', 'Arjun Rampal', 'Kirron Kher', 'Javed Sheikh']",India,"April 1, 2018",2007,TV-14,169 min,"['comedy', 'drama', 'international']","Reincarnated 30 years after being killed in a suspicious on-set fire, a small-time actor is determined to punish the person who ignited the blaze."
s7255,TV Show,La Familia P. Luche,,"['Eugenio Derbez', 'Consuelo Duval', 'Luis Manuel Ávila', 'Regina Blandón', 'Miguel Perez', 'Barbara Torres', 'Dalilah Polanco', 'Pierre Angelo']",United States,,2012,TV-14,3 Seasons,"['international', 'spanish', 'language', 'comedy']","This irreverent sitcom featues Ludovico, Federica and their three children Bibi, Junior and Ludoviquito, living in Ciudad P. Luche."
s3083,TV Show,Occupied,,"['Henrik Mestad', 'Ane Dahl Torp', 'Ingeborga Dapkunaite', 'Eldar Skar', 'Ragnhild Gudbrandsen', 'Kristin Braut-Solheim']","Norway, Sweden","December 31, 2019",2019,TV-MA,3 Seasons,"['international', 'drama', 'thriller']","In the near future, Russia initiates a ""silk glove"" invasion of Norway to restart oil production, but soon uncertainty, chaos and danger erupt."
s1856,Movie,A Choo,"Kevin Ko, Peter Tsi","['Kai Ko', 'Ariel Lin', 'Darren Wang', 'Zhang Xiaolong', 'Louis Koo', 'Vanness Wu', 'Kate Tsui']",Taiwan,"October 14, 2020",2020,TV-14,101 min,"['action', 'adventure', 'international', 'romance']","Determined to win the heart of his childhood crush from orphanage, EJ becomes a boxer with superpowers and soon confronts a formidable villain."
s2122,Movie,Seventh Son,Sergei Bodrov,"['Jeff Bridges', 'Ben Barnes', 'Julianne Moore', 'Alicia Vikander', 'Antje Traue', 'Olivia Williams', 'John DeSantis', 'Kit Harington', 'Djimon Hounsou', 'Gerard Plunkett', 'Jason Scott Lee']","United States, United Kingdom, Canada, China","August 16, 2020",2014,PG-13,102 min,"['action', 'adventure', 'sci-fi', 'fantasy']","In the 18th century, apprentice exorcist Tom Ward is the lynchpin in a battle between good and evil when imprisoned witch Mother Malkin escapes."
s1623,TV Show,Stargate SG-1,,"['Richard Dean Anderson', 'Michael Shanks', 'Amanda Tapping', 'Christopher Judge', 'Don S. Davis', 'Corin Nemec', 'Ben Browder', 'Beau Bridges', 'Gary Jones']","United States, Canada","December 1, 2020",2006,TV-MA,10 Seasons,"['classic', 'cult', 'action', 'adventure', 'sci-fi', 'fantasy']",Stargate Command roars into action when Jack O'Neill and his crew find a Stargates map that lets them combat alien maneuvers all across the galaxy.
s611,Movie,Underworld,Len Wiseman,"['Kate Beckinsale', 'Scott Speedman', 'Michael Sheen', 'Shane Brolly', 'Bill Nighy', 'Erwin Leder', 'Sophia Myles', 'Robbie Gee', 'Wentworth Miller', 'Kevin Grevioux']","United States, United Kingdom, Germany, Hungary","July 1, 2021",2003,R,121 min,"['action', 'adventure', 'horror', 'sci-fi', 'fantasy']",A vampire warrior begins to question her mission in the ancient war between the undead and werewolves when she falls for a human under her protection.
s1622,Movie,Quigley Down Under,Simon Wincer,"['Tom Selleck', 'Laura San Giacomo', 'Alan Rickman', 'Chris Haywood', 'Ron Haddrick', 'Tony Bonner', 'Jerome Ehlers', 'Ben Mendelsohn', 'Conor McDermottroe', 'Roger Ward']","Australia, United States","December 1, 2020",1990,PG-13,120 min,"['action', 'adventure']","After traveling to Australia for a job, a sharpshooting cowboy becomes a target himself when he refuses an immoral assignment from a corrupt landowner."
s7229,Movie,Krish Trish and Baltiboy: Best Friends Forever,"Munjal Shroff, Tilak Shetty","['Damandeep Singh Baggan', 'Smita Malhotra', 'Deepak Chachra']",,"September 8, 2017",2016,TV-Y,65 min,['family'],"A cat, monkey and donkey team up to narrate folktales about friendship from Northeast India, and the Indian regions of Bihar and Rajasthan."
s2814,TV Show,Ken Burns Presents: College Behind Bars: A Film by Lynn Novick and Produced by Sarah Botstein,Lynn Novick,,United States,"March 15, 2020",2019,TV-MA,1 Season,['documentary'],"This docuseries follows several incarcerated people as they pursue a college degree through the Bard Prison Initiative, a rigorous education program."
s2116,Movie,Drunk Parents,Fred Wolf,"['Alec Baldwin', 'Salma Hayek', 'Jim Gaffigan', 'Joe Manganiello', 'Treat Williams', 'Ben Platt', 'Aasif Mandvi', 'Natalia Cigliuti']",United States,"August 18, 2020",2019,R,97 min,['comedy'],Two desperate parents go to extreme lengths to hide their dire financial straits from their daughter and friends.
s5612,Movie,Grillo vs Grillo,,['Beppe Grillo'],Italy,"February 10, 2017",2017,TV-MA,96 min,['comedy'],"Outspoken comedian Beppe Grillo reminisces about his long career, including the triumphs and controversies that fueled his rise in Italian politics."
s8781,TV Show,Yo-Kai Watch,,"['Johnny Yong Bosch', 'J.W. Terry', 'Alicyn Packard', 'Melissa Hutchison', 'Pierre Holloway', 'Brent Pendergrass']",United States,"April 1, 2016",2015,TV-Y7,1 Season,"['anime', 'family']","Nate frees a mythical being trapped in a magic capsule, and the two new friends have adventures with all sorts of troublesome supernatural creatures."
s461,Movie,Surf's Up,"Ash Brannon, Chris Buck","['Shia LaBeouf', 'Jeff Bridges', 'Zooey Deschanel', 'Jon Heder', 'James Woods', 'Diedrich Bader', 'Mario Cantone', 'Kelly Slater', 'Rob Machado', 'Sal Masekela']","United States, Canada","July 15, 2021",2007,PG,86 min,"['family', 'comedy', 'sport']",This Oscar-nominated animated comedy goes behind the scenes at the Penguin World Surfing Championship to get a close-up look at the inventors of surfing.
s6078,Movie,Abdo Mota,,['Mohamed Ramadan'],Egypt,"April 19, 2019",2012,TV-MA,100 min,"['action', 'adventure', 'drama', 'international']","Following the mysterious death of his parents, a young man finds himself enmeshed in the dark world of drugs and crime."
s2325,Movie,#FriendButMarried 2,Rako Prijanto,"['Adipati Dolken', 'Mawar de Jongh', 'Sari Nila', 'Vonny Cornellya', 'Clay Gribble', 'Ivan Leonardy', 'Sarah Sechan', 'Jourdy Pranata']",Indonesia,"June 28, 2020",2020,TV-G,104 min,"['drama', 'international', 'romance']","As Ayu and Ditto finally transition from best friends to newlyweds, a quick pregnancy creates uncertainty for the future of their young marriage."
s781,TV Show,Ben & Holly's Little Kingdom,,"['Preston Nyman', 'Sian Taylor', 'Ian Puleston-Davies', 'Sara Crowe', 'Sarah Ann Kennedy', 'Judy Flynn', 'John Sparkes', 'David Graham']",United Kingdom,"June 2, 2021",2019,TV-Y,2 Seasons,['family'],"In the magical Little Kingdom, friends Ben Elf and fairy princess Holly have fun adventures as they learn about teamwork, sharing and problem-solving."
s5831,Movie,Rebirth,Karl Mueller,"['Fran Kranz', 'Adam Goldberg', 'Nicky Whelan', 'Luis Gerardo Méndez', 'Harry Hamlin', 'Pat Healy', 'Kat Foster', 'Andrew J. West', 'Eric Ladin', 'Steve Agee']",United States,"July 15, 2016",2016,TV-MA,101 min,"['drama', 'thriller']","Long-lost buddy Zack gets suburban dad Kyle on a bus to a Rebirth seminar, sending him down a rabbit hole of psychodrama, seduction and violence."
s403,Movie,The Last Letter From Your Lover,Augustine Frizzell,"['Shailene Woodley', 'Felicity Jones', 'Callum Turner', 'Joe Alwyn', 'Nabhaan Rizwan', 'Ncuti Gatwa', 'Emma Appleton', 'Christian Brassington', 'Alice Orr-Ewing', 'Lee Knight', 'Zoe Boyle', 'Ben Cross', 'Diana Kent']",United Kingdom,"July 23, 2021",2021,TV-MA,111 min,"['drama', 'romance']","After finding a trove of love letters from 1965, a reporter sets out to solve the mystery of a secret affair — while embarking on a romance of her own."
s3400,Movie,In My Country,Frank Rajah Arase,"['Sam Dede', 'Bimbo Manuel', 'Okawa Shaznay', 'Shan George', 'Austin Enabulele', 'Precious Udoh']",,"October 18, 2019",2018,TV-MA,99 min,"['drama', 'international']","A teacher turns to a dubious man to raise money for her daughter's life-saving surgery, a crisis that is unexpectedly catapulted to a national stage."
s3143,Movie,Lakshya,Farhan Akhtar,"['Amitabh Bachchan', 'Hrithik Roshan', 'Preity Zinta', 'Om Puri', 'Sharad Kapoor', 'Rajendranath Zutshi', 'Sushant Singh', 'Prashant Chainani', 'Shakeel Khan', 'Ranvir Shorey']",India,"December 15, 2019",2004,TV-PG,185 min,"['action', 'adventure', 'drama', 'international']","After dropping out of the army, a spoiled teenager reenlists and proves his mettle by becoming an officer just as war breaks out."
s6457,TV Show,Cheers,,"['Ted Danson', 'Rhea Perlman', 'George Wendt', 'John Ratzenberger', 'Shelley Long', 'Kirstie Alley', 'Woody Harrelson', 'Kelsey Grammer', 'Nicholas Colasanto']",United States," July 1, 2017",1992,TV-PG,11 Seasons,"['classic', 'cult', 'comedy']","Sam Malone, an ex-baseball player turned bar owner, operates a saloon that's always filled with quirky customers and even more eccentric staff."
s134,Movie,Chappie,Neill Blomkamp,"['Sharlto Copley', 'Hugh Jackman', 'Sigourney Weaver', 'Dev Patel', 'Ninja', 'Yo-Landi Visser', 'Jose Pablo Cantillo', 'Brandon Auret', 'Johnny Selema', 'Maurice Carpede']","South Africa, United States","September 1, 2021",2015,R,121 min,"['action', 'adventure', 'sci-fi', 'fantasy']","In a futuristic society where an indestructible robot police force keeps crime at bay, a lone droid evolves to the next level of artificial intelligence."
s1924,TV Show,The Unicorn,,"['Walton Goggins', 'Rob Corddry', 'Michaela Watkins', 'Omar Benson Miller', 'Maya Lynne Robinson', 'Ruby Jay', 'Makenzie Moss']",United States,"October 1, 2020",2019,TV-14,1 Season,"['comedy', 'drama']","A widowed father of two girls navigates the world of dating, surprised to learn that many women consider him a hot commodity."
s956,Movie,Under Siege,Andrew Davis,"['Steven Seagal', 'Tommy Lee Jones', 'Gary Busey', 'Erika Eleniak', 'Colm Meaney', 'Damian Chapa', 'Andy Romano', ""Patrick O'Neal"", 'Nick Mancuso', 'Troy Evans']","France, United States","May 1, 2021",1992,R,102 min,"['action', 'adventure']",A disgruntled former CIA operative and his group of terrorists commandeer a nuclear battleship. Standing in their way is one tough cook.
s7333,Movie,Lolita,Stanley Kubrick,"['James Mason', 'Shelley Winters', 'Peter Sellers', 'Sue Lyon', 'Gary Cockrell', 'Jerry Stovin', 'Diana Decker', 'Lois Maxwell', 'Cec Linder']","United Kingdom, United States","November 1, 2019",1962,R,153 min,"['classic', 'drama', 'romance']","In this black comedy, an English professor marries his landlady to get closer to his forbidden obsession: her teenage daughter."
s6430,Movie,Casino Tycoon 2,Wong Jing,['Dennis Chan'],Hong Kong,"August 16, 2018",1992,TV-MA,108 min,"['action', 'adventure', 'drama', 'international']",Casino mogul Benny Ho wields enormous power. But a feud with his former partner and a massive fraud scheme soon threaten his family and his empire.
s4289,TV Show,Ashes of Love,,"['Yang Zi', 'Deng Lun', 'Luo Yunxi']",China,"December 16, 2018",2018,TV-14,1 Season,"['international', 'romance', 'comedy']","Hidden away by her mother, the Floral Goddess, the naïve Jinmi is drawn to Xufeng, the Heavenly Emperor's son. Yet forces conspire against them."
s8160,Movie,Teenage Mutant Ninja Turtles II: The Secret of the Ooze,Michael Pressman,"['Paige Turco', 'David Warner', 'Mark Caso', 'Michelan Sisti', 'Leif Tilden', 'Kenn Scott', 'Kevin Clash', 'Ernie Reyes Jr.', 'François Chau', 'Kevin Nash']","United States, Hong Kong","January 1, 2020",1991,PG,88 min,"['family', 'comedy']","The evil Shredder decides that ooze is what gives the ninja turtles their power, so he obtains some of the toxic junk and creates dangerous mutants."
s2944,Movie,The Ballad of Lefty Brown,Jared Moshé,"['Bill Pullman', 'Kathy Baker', 'Jim Caviezel', 'Joseph Anderson', 'Diego Josef', 'Tommy Flanagan', 'Peter Fonda']",United States,"February 7, 2020",2017,R,112 min,['drama'],"After his longtime partner is assassinated, a slow-footed cowboy sets out to find his killer and uncovers a conspiracy engineered by some powerful men."
s3322,Movie,LEGENDS OF THE HIDDEN TEMPLE,Joe Menendez,"['Isabela Moner', 'Jet Jurgensmeyer', 'Colin Critchley', 'Kirk Fogg', 'Dee Bradley Baker']",United States,"November 2, 2019",2016,TV-PG,68 min,['family'],"A trio of siblings gets trapped in a secret temple, where they must navigate a risky obstacle course to make it out. Inspired by the ‘90s game show."
s6303,Movie,Big Bear,Joey Kern,"['Joey Kern', 'Adam Brody', 'Zachary Knighton', 'Tyler Labine', 'Pablo Schreiber', 'Toby Huss', 'Heidi Heaslet', ""Ahna O'Reilly""]",United States,"February 28, 2018",2017,TV-MA,87 min,['comedy'],The alcohol-fueled high jinks of a bachelor party go haywire when the buddies of an ill-fated groom abduct his fiancée's new lover.
s7580,Movie,New York Minute,Dennie Gordon,"['Mary-Kate Olsen', 'Ashley Olsen', 'Eugene Levy', 'Andy Richter', 'Riley Smith', 'Jared Padalecki', 'Drew Pinsky', 'Darrell Hammond', 'Andrea Martin', 'Alannah Ong', 'Mary Bond Davis', 'Bob Saget', 'Jack Osbourne']",United States,"January 1, 2020",2004,PG,91 min,"['family', 'comedy']","When bickering teenage twins accidentally land in the middle of a criminal operation, they'll have to work together to get themselves out of trouble."
s1398,Movie,A Monster Calls,J.A. Bayona,"['Lewis MacDougall', 'Sigourney Weaver', 'Felicity Jones', 'Liam Neeson', 'Toby Kebbell', 'Ben Moor', 'James Melville', 'Oliver Steer', 'Dominic Boyle', 'Geraldine Chaplin', 'Jennifer Lim']","United Kingdom, Spain, United States","January 16, 2021",2016,PG-13,108 min,"['drama', 'sci-fi', 'fantasy']","Overwhelmed by his mother’s illness, a young boy begins to understand human complexity through the fantastic tales of a consoling tree monster."
s5310,Movie,Sohni Mahiwal,"Latif Faiziyev, Umesh Mehra","['Zeenat Aman', 'Pran', 'Tanuja', 'Poonam Dhillon']","India, Soviet Union","September 1, 2017",1984,TV-14,160 min,"['drama', 'international', 'romance']","After being violently separated from the woman he loves, a young man must disguise himself in order to keep meeting her."
s1703,Movie,Fukrey Boyzzz: Space Mein Fukrapanti,Avinash Walzade,"['Viraaj Modgill', 'Jasleen Singh', 'Pooja Punjabi', 'Amit Deondi', 'Ketan Kava', 'Zeel Thakkar', 'Manish Bhavan', 'Viswanathan Sridhar']",India,"November 13, 2020",2020,TV-Y7,75 min,"['family', 'comedy']","After a foreboding dream about aliens comes true, a fun-loving trio must prevent human intelligence from being stolen from planet Earth."
s188,TV Show,The Ingenuity of the Househusband,,['Kenjiro Tsuda'],,"August 29, 2021",2021,TV-G,1 Season,"['international', 'comedy']",A tough guy with a knack for housework tackles household tasks with meticulous care in these comedic live-action vignettes.
s1736,Movie,One More Try,Ruel S. Bayani,"['Angel Locsin', 'Angelica Panganiban', 'Dingdong Dantes', 'Zanjoe Marudo', 'Miguel Vergara', 'Gina Pareño', 'Carmina Villarroel', 'Agot Isidro']",Philippines,"November 5, 2020",2012,TV-14,102 min,"['drama', 'international', 'romance']","When her son's condition becomes severe, a woman reconnects with the biological father. But the reunion puts a strain on their respective relationships."
s5483,Movie,Kabhi Haan Kabhi Naa,Kundan Shah,"['Shah Rukh Khan', 'Suchitra Krishnamoorthi', 'Deepak Tijori', 'Rita Bhaduri', 'Satish Shah', 'Anjan Srivastav', 'Goga Kapoor', 'Tiku Talsania', 'Ravi Baswani', 'Naseeruddin Shah']",India,"May 15, 2017",1994,TV-14,151 min,"['comedy', 'drama', 'international']",A dreamer falls for a girl who is in love with someone else and tries to create a rift between her and the man she loves.
s1421,Movie,"Crack: Cocaine, Corruption & Conspiracy",Stanley Nelson,,United States,"January 11, 2021",2021,TV-MA,90 min,['documentary'],"A cheap, powerful drug emerges during a recession, igniting a moral panic fueled by racism. Explore the complex history of crack in the 1980s."
s569,Movie,Dennis the Menace,Nick Castle,"['Walter Matthau', 'Mason Gamble', 'Joan Plowright', 'Christopher Lloyd', 'Lea Thompson', 'Robert Stanton', 'Paul Winfield']",United States,"July 1, 2021",1993,PG,96 min,"['family', 'comedy']","The bane of George's life is a little boy named Dennis. But when a cunning thief attempts to rob George, Dennis may be the only one who can stop him."
s7611,Movie,NOVA: Killer Floods,,['Craig Sechler'],United States,"July 1, 2019",2017,TV-PG,54 min,['documentary'],Scientists search for evidence left behind by the world’s greatest floods and predict if climate change will cause even greater aquatic disasters.
s7659,Movie,Once Upon a Time in London,Simon Rumley,"['Leo Gregory', 'Terry Stone', 'Doug Allen', 'Andy Beckwith', 'Kate Braithwaite', 'Holly Earl', 'Joe Egan', 'Nadia Forde']",United Kingdom,"April 15, 2020",2019,TV-MA,111 min,"['drama', 'international']","Organized crime came to London in the 1930s, ushering in three decades ruled by two legendary gangsters whose legacy outlived their reign."
s8519,TV Show,The Story of God with Morgan Freeman,,['Morgan Freeman'],United States," February 1, 2019",2017,TV-14,2 Seasons,['documentary'],"Host Morgan Freeman explores religion's role in human history, how our beliefs connect us and possible answers to life's million-dollar questions."
s4971,Movie,"Game Over, Man!",Kyle Newacheck,"['Adam DeVine', 'Anders Holm', 'Blake Anderson', 'Utkarsh Ambudkar', 'Aya Cash', 'Neal McDonough', 'Daniel Stern', 'Jamie Demetriou', 'Rhona Mitra', 'Sam Richardson', 'Steve Howey', 'Mac Brandt', 'Geno Segers', 'Roe Hartrampf']",United States,"March 23, 2018",2018,TV-MA,102 min,"['action', 'adventure', 'comedy']",Three buddies with big dreams go from underachieving slackers to badass warriors when their posh hotel is taken over by terrorists.
s8752,Movie,Wish I Was Here,Zach Braff,"['Zach Braff', 'Kate Hudson', 'Donald Faison', 'Joey King', 'Josh Gad', 'Jim Parsons', 'Pierce Gagnon', 'Mandy Patinkin', 'Ashley Greene', 'Michael Weston']",United States,"August 16, 2018",2014,R,106 min,"['comedy', 'drama', 'independent']","With his acting career moribund, Aidan Bloom steers a new tack in life, taking over his children's education when private school becomes too costly."
s5792,Movie,"Tomasz Jachimek, Jacek Stramik Laugh at Live",,"['Tomasz Jachimek', 'Jacek Stramik']",,"September 19, 2016",2016,TV-MA,63 min,['comedy'],"Writer, actor and satirist Tomasz Jachimek teams up with comedian Jacek Stramik for a night of subversive stand-up at Klub Hybrydy in Warsaw."
s4767,Movie,El club de los buenos infieles,,"['Raúl Fernández', 'Fele Martínez', 'Juanma Cifuentes', 'Hovik Keuchkerian', 'Albert Ribalta', 'Jordi Vilches', 'Adrián Lastra', 'Raquel Salvador', 'Marta Brucart', 'Betsy Turnez']",Spain,"July 19, 2018",2018,TV-MA,85 min,"['comedy', 'international']",Four childhood buddies in passionless marriages try a counterintuitive idea: a secret club for men who want to cheat – to regain lust for their wives.
s3546,Movie,Uncle Naji in UAE,Ahmed Zain,"['Ibrahim Almeirasi', 'Ahmed Saif', 'Alia Almannai', 'Mohamed Morshed', 'Mohamed Alkendi', 'Tariq Almuhairi']",United Arab Emirates,"September 1, 2019",2019,TV-14,95 min,"['comedy', 'international']","Two young Yemeni business partners decide to go on vacation in the UAE with a few local friends, but their fun trip soon turns terrifying."
s4057,TV Show,Losers,,,,"March 1, 2019",2019,TV-MA,1 Season,['documentary'],"In a ""winning is everything"" society, how do we handle failure? This series profiles athletes who have turned the agony of defeat into human triumph."
s948,Movie,State of Play,Kevin Macdonald,"['Russell Crowe', 'Ben Affleck', 'Rachel McAdams', 'Helen Mirren', 'Robin Wright', 'Jason Bateman', 'Jeff Daniels', 'Michael Berresse', 'Harry Lennix']","United States, United Kingdom, France","May 1, 2021",2009,PG-13,127 min,"['drama', 'thriller']",A veteran journalist teams up with a young reporter to untangle a web of lies surrounding the suspicious death of a woman tied to a powerful politician.
s6856,Movie,"Girl, Boy, Bakla, Tomboy",Wenn V. Deramas,"['Vice Ganda', 'Maricel Soriano', 'Joey Marquez', 'Ruffa Gutierrez', 'Cristine Reyes', 'JC de Vera', 'Ejay Falcon', 'Angelu De Leon', 'Bobby Andrews']",Philippines,"February 27, 2019",2013,TV-14,103 min,"['comedy', 'international']","Quadruplets separated as babies reunite in Manila when one needs a liver transplant, but long-held family resentments threaten to derail everything."
s2303,Movie,Thiago Ventura: POKAS,"Fabio Ock, Joana Mazzucchelli",['Thiago Ventura'],Brazil,"July 2, 2020",2020,TV-MA,82 min,['comedy'],"In a rollicking special, Thiago Ventura jokes about life in the hood, social issues and more, explaining how actions speak louder than words."
s1144,TV Show,Worn Stories,,,United States,"April 1, 2021",2021,TV-MA,1 Season,"['documentary', 'reality']","In this funny, heartfelt and moving docuseries, real people unpack the fascinating and quirky stories around their most meaningful pieces of clothing."
s2311,Movie,David Foster: Off the Record,Barry Avrich,['David Foster'],Canada,"July 1, 2020",2019,TV-MA,107 min,"['documentary', 'music']","From child prodigy to iconic music producer, David Foster shares the stories behind his success with rare footage and interviews with his collaborators."
s1467,Movie,The Minimalists: Less Is Now,,,United States,"January 1, 2021",2021,TV-14,54 min,['documentary'],They've built a movement out of minimalism. Longtime friends Joshua Fields Millburn and Ryan Nicodemus share how our lives can be better with less.
s1962,TV Show,The Playbook,,,United States,"September 22, 2020",2020,TV-MA,1 Season,['documentary'],Coaches with championship résumés share their personal rules for success in sports and life in this reflective and inspiring documentary series.
s1947,Movie,Welcome,Anees Bazmee,"['Akshay Kumar', 'Katrina Kaif', 'Nana Patekar', 'Anil Kapoor', 'Paresh Rawal', 'Mallika Sherawat', 'Feroz Khan', 'Ruslaan Mumtaz', 'Sunil Shetty', 'Malaika Arora', 'Asrani']",India,"September 28, 2020",2007,TV-PG,149 min,"['comedy', 'international', 'music']","In this silly Bollywood farce, the brothers of a Mafia princess set out on a comical mission to marry their sister into a respectable family."
s599,Movie,The American,Anton Corbijn,"['George Clooney', 'Violante Placido', 'Thekla Reuten', 'Paolo Bonacelli', 'Johan Leysen', 'Irina Björklund', 'Filippo Timi', 'Anna Foglietta', 'Björn Granath']","United States, United Kingdom","July 1, 2021",2010,R,105 min,"['drama', 'thriller']","Dispatched to a small Italian town to await further orders, assassin Jack embarks on a double life that may be more relaxing than is good for him."
s3916,Movie,Mumbai Matinee,Anant Balani,"['Rahul Bose', 'Vijay Raaz', 'Anusha Dhandekar', 'Perizaad Zorabian', 'Saurabh Shukla', 'Asrani', 'Shehzad Khan']",India,"April 15, 2019",2003,TV-14,116 min,"['comedy', 'international', 'romance']","Still a virgin at 32 years old, a frustrated advertising agent gets the shock of his life when an unlikely chain of events turns him into a porn star."
s856,TV Show,Jurassic World Camp Cretaceous,,"['Paul-Mikél Williams', 'Jenna Ortega', 'Sean Giambrone', 'Kausar Mohammed', 'Ryan Potter', 'Raini Rodriguez', 'Jameela Jamil', 'Glen Powell']",United States,"May 21, 2021",2021,TV-Y7,3 Seasons,"['family', 'action', 'adventure', 'sci-fi', 'fantasy']",Six teens invited to attend a state-of-the-art adventure camp on Isla Nublar must band together to survive when the dinosaurs break out of captivity.
s1229,Movie,Bombay Rose,Gitanjali Rao,"['Cyli Khare', 'Gargi Shitole', 'Amardeep Jha', 'Amit Deondi', 'Makrand Deshpande', 'Virendra Saxena', 'Shishir Sharma']","India, United Kingdom, France, Qatar","March 8, 2021",2021,PG-13,97 min,"['drama', 'independent', 'international']","Amidst the bustle of a magnetic and multifaceted city, the budding love between two dreamers is tested."
s4781,TV Show,First Team: Juventus,,,United States,"July 6, 2018",2018,TV-PG,2 Seasons,"['documentary', 'international']",Follow renowned soccer club Juventus on and off the pitch as they attempt to win a seventh straight Italian title and achieve Champions League glory.
s3147,TV Show,Scooby-Doo!: Mystery Incorporated,,"['Frank Welker', 'Mindy Cohn', 'Grey DeLisle', 'Matthew Lillard', 'Patrick Warburton', 'Gary Cole', 'Frances Conroy', 'Vivica A. Fox']",United States,"December 15, 2019",2012,TV-Y7,2 Seasons,"['family', 'comedy']","In this animated update of the cartoon classic, Scooby-Doo, Shaggy and their pals solve spooky mysteries in a hamlet bedeviled by supernatural bedlam."
s7535,Movie,My Dog is My Guide,Ismail Farouk,"['Sameh Hussain', 'Hasan Abdulfattah', 'Sulayman Id', 'Ayten Amer', 'Hassan Hosny']",Egypt,"April 18, 2019",2013,TV-14,99 min,"['comedy', 'international']","Relocated to a new post and struggling to adjust, a police officer further complicates his life by falling for a woman he has little in common with."
s3930,Movie,Liss Pereira: Reteniendo líquidos,Fernando Ayllón,['Liss Pereira'],Brazil,"April 10, 2019",2019,TV-14,59 min,['comedy'],"A pregnant Liss Pereira shares hilariously uncomfortable truths about sex, love, attraction and the lies we tell in modern relationships."
s1942,Movie,Ishq Vishk,Ken Ghosh,"['Shahid Kapoor', 'Amrita Rao', 'Shenaz Treasury', 'Vishal Malhotra', 'Kapil Jhaveri', 'Shabhir', 'Deepti Gujral', 'Yash Tonk', 'Satish Shah', 'Neelima Azim']",India,"September 28, 2020",2003,TV-PG,129 min,"['comedy', 'international', 'music']","When the duplicitous Rajiv expresses his love for Payal, a cruel lie kicks off a story of self-discovery and unexpected romance."
s8558,TV Show,The West Wing,,"['Martin Sheen', 'Rob Lowe', 'Allison Janney', 'John Spencer', 'Bradley Whitford', 'Janel Moloney', 'Richard Schiff', 'Dulé Hill', 'NiCole Robinson', 'Melissa Fitzgerald', 'Joshua Malina', 'Stockard Channing', 'Kim Webster', 'Kris Murphy', 'Timothy Davis-Reed']",United States," December 25, 2015",2005,TV-14,7 Seasons,['drama'],This powerful political epic chronicles the triumphs and travails of White House senior staff under the administration of President Josiah Bartlet.
s8077,Movie,Spy Kids 3: Game Over,Robert Rodriguez,"['Daryl Sabara', 'Sylvester Stallone', 'Ricardo Montalban', 'Alexa PenaVega']",United States,"April 1, 2019",2003,PG,83 min,"['family', 'comedy']","Carmen gets caught in a virtual reality game designed by the kids' new nemesis, the Toymaker, and it's up to Juni to save her by beating the game."
s527,TV Show,Orange Is the New Black,,"['Taylor Schilling', 'Kate Mulgrew', 'Laura Prepon', 'Jason Biggs', 'Natasha Lyonne', 'Michael Harney', 'Uzo Aduba', 'Danielle Brooks', 'Samira Wiley', 'Dascha Polanco', 'Selenis Leyva', 'Nick Sandow', 'Yael Stone', 'Taryn Manning', 'Lea DeLaria', 'Matt McGorry', 'Emma Myles', 'Vicky Jeudy', 'Laverne Cox', 'Pablo Schreiber', 'Lori Petty', 'Ruby Rose', 'Adrienne C. Moore', 'Jackie Cruz', 'Elizabeth Rodriguez']",United States,"July 6, 2021",2019,TV-MA,7 Seasons,"['comedy', 'drama']","A privileged New Yorker ends up in a women's prison when a past crime catches up with her in this Emmy-winning series from the creator of ""Weeds."""
s7339,TV Show,Los 10 años de Peter Capusotto,,"['Diego Capusotto', 'Ivana Acosta']",,"June 29, 2018",2015,TV-MA,1 Season,"['international', 'spanish', 'language', 'comedy']",Fictional personality Peter Capusotto parodies Argentine culture and rock music in a series of humorous sketches with recurring characters.
s1,Movie,Dick Johnson Is Dead,Kirsten Johnson,,United States,"September 25, 2021",2020,PG-13,90 min,['documentary'],"As her father nears the end of his life, filmmaker Kirsten Johnson stages his death in inventive and comical ways to help them both face the inevitable."
s5050,Movie,Kavin Jay: Everybody Calm Down!,Michael McKay,['Kavin Jay'],,"February 2, 2018",2018,TV-MA,53 min,['comedy'],"On a mission to defy stereotypes, Malaysian stand-up comedian Kavin Jay shares stories about growing up in the VHS era with his Singapore audience."
s2340,Movie,Prem Ratan Dhan Payo,Sooraj R. Barjatya,"['Salman Khan', 'Sonam Kapoor', 'Anupam Kher', 'Neil Nitin Mukesh', 'Sanjay Mishra', 'Swara Bhaskar', 'Deepak Dobriyal', 'Arman Kohli', 'Manoj Joshi', 'Samaira Rao', 'Karuna Pandey', 'Sucheta Khanna']",India,"June 25, 2020",2015,TV-14,164 min,"['action', 'adventure', 'drama', 'international']","While recovering from an assassination attempt four days prior to his coronation, a stern prince is replaced by a joyful and generous doppelgänger."
s270,TV Show,Winx Club,,"['Liza Jacqueline', 'Helena Evangeliou', 'Lisa Ortiz', 'Kerry Williams', 'Gregory Abbey', 'Dan Green', 'Michael Sinterniklaas', 'Suzy Myers', 'Christina Rodriguez', 'Dani Schaffel', 'Sebastian Arcelus', 'Rachael Lillis']",Italy,"August 15, 2021",2015,TV-Y7,2 Seasons,['family'],"In this animated fantasy, a girl named Bloom befriends a band of fairies, then follows them into the secretive and dangerous ""Magical Dimension."""
s7938,Movie,Sardaarji 2,Rohit Jugraj,"['Jaswinder Bhalla', 'Sonam Bajwa', 'Diljit Dosanjh', 'Monica Gill']","Australia, India","October 15, 2017",2016,TV-PG,145 min,"['action', 'adventure', 'comedy', 'international']",A simple farmer's life becomes complicated after he resolves to save his village from an economic crisis by traveling to Australia to earn money.
s4495,TV Show,Making a Murderer,,,United States,"October 19, 2018",2018,TV-14,2 Seasons,"['crime', 'documentary']","Filmed over 10 years, this real-life thriller follows a DNA exoneree who, while exposing police corruption, becomes a suspect in a grisly new crime."
s1259,Movie,Bigfoot Family,"Jérémie Degruson, Ben Stassen","['Jules Wojciechowski', 'Roger Craig Smith', 'Grant George', 'David Lodge', 'Lindsey Alena', 'Sandy Fox', 'Joey Lotsko']","Belgium, France","February 26, 2021",2021,TV-Y7,88 min,"['family', 'comedy']","Bigfoot’s now a big deal. So when he goes missing, his shy but tech-savvy teen son must take on an evil CEO to save his family and a wildlife preserve."
s6517,Movie,Colonia,Florian Gallenberger,"['Emma Watson', 'Daniel Brühl', 'Michael Nyqvist', 'Richenda Carey', 'Vicky Krieps', 'Jeanne Werner', 'Julian Ovenden', 'August Zirner', 'Martin Wuttke', 'Stefan Merki']","Germany, France, Luxembourg, United Kingdom, United States","July 14, 2018",2015,R,110 min,"['drama', 'independent', 'international']","When her boyfriend is caught up in a Chilean coup, a young woman tries to free him from a prison camp posing as a commune by joining it voluntarily."
s704,TV Show,The Gift,,"['Beren Saat', 'Mehmet Günsür', 'Metin Akdülger', 'Melisa Şenolsun', 'Başak Köklükaya', 'Civan Canova', 'Tim Seyfi', 'Meral Çetinkaya', 'Hazal Türesan', 'Cezmi Baskın']",Turkey,"June 17, 2021",2021,TV-MA,3 Seasons,"['international', 'drama', 'mystery']",A painter in Istanbul embarks on a personal journey as she unearths universal secrets about an Anatolian archaeological site and its link to her past.
s1456,TV Show,Headspace Guide to Meditation,,['Andy Puddicombe'],United States,"January 1, 2021",2021,TV-G,1 Season,"['documentary', 'science', 'nature']","Headspace takes a friendly, animated look at the benefits of meditation while offering techniques and guided meditations to jump-start your practice."
s5678,TV Show,Tokyo Trial,,"['Marcel Hensema', 'Paul Freeman', 'Irrfan Khan', 'Stacy Keach', 'Michael Ironside', 'Stephen McHattie', 'Shinya Tsukamoto']","Canada, Japan, Netherlands","December 13, 2016",2017,TV-MA,1 Season,"['international', 'drama']","In the wake of World War II, 11 Allied judges are tasked with weighing the fates of Japanese war criminals in a tense international trial."
s4020,Movie,Everything About Her,Joyce Bernal,"['Angel Locsin', 'Xian Lim', 'Vilma Santos', 'Michael De Mesa', 'Nonie Buencamino', 'Khalil Ramos', 'Devon Seron', 'Alexa Ilacad', 'Nor Domingo', 'Robert Villar']",Philippines,"March 14, 2019",2016,TV-MA,127 min,"['comedy', 'drama', 'international']",A hard-driving real estate tycoon who becomes ill with cancer hires a medical caretaker who helps her begin to mend fences with her estranged son.
s6076,Movie,Aata Pita,Uttung Shelar,"['Sanjay Narvekar', 'Bharat Jadhav', 'Satish Phulekar', 'Ashwini Apte']",India,"January 1, 2018",2010,TV-14,133 min,"['comedy', 'drama', 'international']",A municipal clerk with literary ambitions stalks a loan recovery officer on whom he has decided to base his story's central character.
s6272,Movie,Bedtime Stories,Adam Shankman,"['Adam Sandler', 'Keri Russell', 'Guy Pearce', 'Russell Brand', 'Richard Griffiths', 'Jonathan Pryce', 'Courteney Cox', 'Lucy Lawless', 'Teresa Palmer', 'Aisha Tyler', 'Laura Ann Kesling', 'Jackie Sandler', 'Lorna Scott', 'Dana Min Goodman', 'Andrew Collins', 'Jonathan Loughran', 'Jonathan Morgan Heit', 'Nick Swardson', 'Tim Herlihy', 'Billy Tyler', 'Johntae Lipscomb', 'Mikey Post', 'Sebastian Saraceno', 'Bill Romanowski', 'Sadie Sandler', 'Carmen Electra', 'Allen Covert', 'Kathryn Joosten', 'Annalise Basso', 'Blake Clark', 'Julia Lea Wolov', 'Sarah G. Buxton']",United States,"March 5, 2019",2008,PG,100 min,"['family', 'comedy']",Skeeter's life is turned upside down when the fantastical stories he makes up to entertain his niece and nephew inexplicably turn into reality.
s5136,Movie,Jab Harry Met Sejal,Imtiaz Ali,"['Shah Rukh Khan', 'Anushka Sharma', 'Aru Krishansh Verma', 'Chandan Roy Sanyal', 'Evelyn Sharma', 'Kavi Shastri', 'Barbora Mudrochova', 'Paula Donner', 'Denis Dorokhov', 'Martavious Gayles']",India,"December 2, 2017",2017,TV-MA,142 min,"['comedy', 'international', 'romance']",A philandering tour guide in Europe begins to develop feelings for one of his clients while helping her search for her lost engagement ring.
s4518,TV Show,The Curious Creations of Christine McConnell,,"['Christine McConnell', 'Colleen Smith', 'Adam Mayfield', 'Michael Oosterom', 'Drew Massey', 'Mick Ignis', 'Tim Lagasse', 'Dita von Teese', 'Steven M. Porter', 'Elko Weaver']",United States,"October 12, 2018",2018,TV-PG,1 Season,"['comedy', 'mystery']","Wickedly talented baker and artist Christine McConnell fills her home with haunting confections, creepy crafts – and wildly inappropriate creatures."
s8450,Movie,The Pelican Brief,Alan J. Pakula,"['Julia Roberts', 'Denzel Washington', 'Sam Shepard', 'John Heard', 'Tony Goldwyn', 'James Sikking', 'William Atherton', 'Robert Culp', 'Stanley Tucci', 'John Lithgow', 'Hume Cronyn']",United States,"November 1, 2019",1993,PG-13,141 min,"['drama', 'thriller']","When law student Darby Shaw theorizes about the assassinations of two Supreme Court justices, she is put in danger and turns to a reporter for help."
s728,Movie,Picture a Scientist,"Ian Cheney, Sharon Shattuck",,United States,"June 13, 2021",2020,TV-MA,97 min,['documentary'],"In this documentary, leading women scientists discuss the inequalities they've faced as they set out to create a new formula to make STEM open to all."
s2559,Movie,Si Doel the Movie,Rano Karno,"['Rano Karno', 'Mandra Naih', 'Cornelia Agatha', 'Maudy Koesnaedi', 'Aminah Tjendrakasih', 'Suty Karno', 'Salman Alfarizi', 'Adam Jagwani']",Indonesia,"May 7, 2020",2018,TV-PG,86 min,"['drama', 'international']","Fourteen years after the woman he loved left him, a married man ventures to Amsterdam to find her but must decide where his heart lies."
s6516,Movie,Colkatay Columbus,Saurav Palodhi,"['Mir Afsar Ali', 'Gaurav Chakrabarty', 'Tanusree Chakraborty', 'Anirban Bhattacharya', 'Ritabhari Chakraborty', 'Suchandra Vaaniya', 'Arijit Dutt']",India,"March 30, 2017",2016,TV-14,118 min,"['comedy', 'drama', 'independent']","When Christopher Columbus mysteriously appears in modern-day Kolkata, India, two struggling young men look to him for advice on achieving success."
s1249,Movie,Biggie: I Got a Story to Tell,Emmett Malloy,"['The Notorious B.I.G.', 'Sean ""P. Diddy"" Combs']",United States,"March 1, 2021",2021,R,98 min,"['documentary', 'music']","Featuring rare footage and in-depth interviews, this documentary celebrates the life of The Notorious B.I.G. on his journey from hustler to rap king."
s4106,TV Show,Larry Charles' Dangerous World of Comedy,,['Larry Charles'],,"February 15, 2019",2019,TV-MA,1 Season,"['documentary', 'comedy']","Legendary comedy writer and director Larry Charles travels the world in search of humor in the most unusual, unexpected and dangerous places."
s3193,TV Show,Eastsiders,,"['Kit Williamson', 'Van Hansis', 'Constance Wu', 'Matthew McKelligon', 'John Halbach', 'Stephen Guarino']",United States,"December 1, 2019",2018,TV-MA,4 Seasons,"['comedy', 'drama']",Cal turns to his friends for help through a hilariously dark time when he discovers that his partner Thom's been cheating on him.
s7946,Movie,Saturday Church,Damon Cardasis,"['Luka Kain', 'Regina Taylor', 'Margot Bingham', 'Marquis Rodriguez', 'Mj Rodriguez', 'Indya Moore', 'Alexia Garcia', 'Kate Bornstein', 'Peter Kim', 'Jaylin Fletcher']",United States,"October 6, 2020",2017,TV-MA,83 min,"['drama', 'lgbtq']",A teen struggling with gender identity and family tensions seeks hope and support in New York City's underground LGBTQ ballroom community.
s8768,Movie,XXX: State of the Union,Lee Tamahori,"['Ice Cube', 'Samuel L. Jackson', 'Willem Dafoe', 'Scott Speedman', 'Peter Strauss', 'Xzibit', 'Michael Roof', 'Sunny Mabrey', 'Nona Gaye', 'John Gleeson Connolly']",United States,"January 1, 2019",2005,PG-13,101 min,"['action', 'adventure']","In this action-packed follow-up to XXX, U.S. intelligence officer Augustus Gibbons must thwart a massive conspiracy to overthrow the government."
s4431,TV Show,Creators,,"['Fabio Aste', 'Héctor Segura', 'Sebastian Rosas']",Argentina,"November 1, 2018",2015,TV-Y,2 Seasons,"['family', 'spanish', 'language']","Two brilliant scientists discover the hidden virtual city of Creápolis, where citizens have the power to solve problems by believing and creating."
s8719,Movie,Westside vs. the World,Michael Fahey,"['Ron Perlman', 'Louie Simmons']",,"August 9, 2019",2019,TV-MA,96 min,"['documentary', 'sport']","A look into the journey of influential strength coach Louie Simmons and the Westside Barbell gym he founded, evolving the sport of powerlifting."
s437,Movie,The Tambour of Retribution,Abdulaziz Alshlahei,"['Faisal Al Dokhei', 'Adwa Fahad', 'Muhand Alsaleh', 'Rawya Ahmed', 'Ajeba Aldosary', 'Aly Ibrahim', 'Samer Elkhal', 'Hashem Hawsawi', 'Ibrahim Mesisebi', 'Shabib Alkhaleefa', 'Abdulateif Saud', 'Nada Alshehry', 'Dhay Nasser']",Saudi Arabia,"July 19, 2021",2021,TV-14,91 min,"['drama', 'international', 'romance']","In an impoverished neighborhood, the son of a swordsman falls in love with the daughter of a wedding singer — a taboo match in a traditional society."
s4119,TV Show,Iron Ladies,,"['Aviis Zhong', 'Ben Wu', 'Ada Pan', 'Jacqueline Zhu', 'Gabriel Lan', 'Jack Lee', 'Wu Ting-chien', 'Wills Sia', 'Su Yen-ti', 'Jenny Huang']",Taiwan,"February 9, 2019",2018,TV-14,1 Season,"['international', 'romance', 'drama']",Three 30-something women in high-level jobs at a beauty e-commerce firm seem to have it all – except when it comes to love and romantic chemistry.
s6151,Movie,An American in Madras,Karan Bali,,India,"January 1, 2017",2013,TV-PG,80 min,"['documentary', 'international']","Extensive film clips and interviews tell the story of American filmmaker Ellis R. Dungan, who spent 15 years in India and helped define Tamil cinema."
s1599,Movie,Between Maybes,Jason Paul Laxamana,"['Gerald Anderson', 'Julia Barretto', 'Yayo Aguila', 'Christian Vazquez']",Philippines,"December 3, 2020",2019,TV-14,108 min,"['drama', 'international', 'romance']","A former actress takes a trip to Japan, where she meets a young man who provides an escape from reality and makes her consider a different way of life."
s3410,Movie,The Laundromat,Steven Soderbergh,"['Meryl Streep', 'Gary Oldman', 'Antonio Banderas', 'Sharon Stone', 'James Cromwell', 'Jeffrey Wright', 'Melissa Rauch', 'Jeff Michalski', 'Jane Morris', 'Robert Patrick', 'David Schwimmer']",United States,"October 18, 2019",2019,R,96 min,"['comedy', 'drama']","When a widow gets swindled out of insurance money, her search for answers leads to two cunning lawyers in Panama who hide cash for the superrich."
s4687,Movie,One Last Shot,Mike Clattenburg,"['Robb Wells', 'John Paul Tremblay', 'John Dunsworth']",Canada,"August 24, 2018",1998,TV-MA,31 min,['comedy'],"In this low-budget short film, two best buddies meet up for a night of booze-fueled fun before one of them moves to Vancouver."
s7456,TV Show,Mighty Morphin Alien Rangers,,"['Julia Jordan', 'Matthew Sakimoto', 'Sicily Johnson', ""Michael O'Laskey II"", 'Michael R. Gotto', 'Justin Timsit', 'Rajia Baroudi', 'David Bacon', 'Jim Gray', 'Karim Prince', 'Alan Palmer', 'Tom Wyner', 'Barbara Goodson', 'Robert Axelrod', 'Kerrigan Mahan']",,"January 1, 2016",1996,TV-Y7,1 Season,['family'],Visitors arrive from space to help Red Ranger and his squad – temporarily stripped of their powers – fight against Lord Zedd and Rita Repulsa.
s6716,Movie,Evolution,Ivan Reitman,"['David Duchovny', 'Julianne Moore', 'Orlando Jones', 'Seann William Scott', 'Ted Levine', 'Ethan Suplee', 'Michael Bower', 'Pat Kilbane', 'Ty Burrell', 'Dan Aykroyd']",United States,"November 20, 2019",2001,PG-13,102 min,"['comedy', 'sci-fi', 'fantasy']","After two community college geology professors discover microscopic alien life-forms on a meteorite, the military and government become involved."
s2412,Movie,Before I Fall,Ry Russo-Young,"['Zoey Deutch', 'Halston Sage', 'Erica Tremblay', 'Logan Miller', 'Cynthy Wu', 'Kian Lawley', 'Jennifer Beals', 'Medalion Rahimi', 'Diego Boneta', 'Elena Kampouris', 'Liv Hewson', 'G. Hannelius', 'Nicholas Lea', 'Claire Margaret Corlett', 'Roan Curtis']",United States,"June 8, 2020",2017,PG-13,98 min,"['drama', 'romance']","Forced to continually relive the day she dies in a car crash, a privileged high schooler must unravel the cosmic mystery of her suddenly looping life."
s7557,Movie,Naledi: A Baby Elephant's Tale,"Ben Bowie, Geoff Luck",,"United States, Botswana","May 28, 2020",2016,TV-PG,91 min,['documentary'],Scientists and animal keepers fight to save an orphaned baby elephant at a rescue camp in Botswana while struggling to defend its entire species.
s5932,Movie,The Battered Bastards of Baseball,"Chapman Way, Maclain Way","['Todd Field', 'Kurt Russell']",United States,"July 11, 2014",2014,TV-MA,80 min,"['documentary', 'sport']","The colorful true story of the Portland Mavericks, a scrappy, independent baseball team of underdogs started by actor Bing Russell in the 1970s."
s2416,TV Show,Queen of the South,,"['Alice Braga', 'Veronica Falcón', 'Justina Machado', 'Peter Gadiot', 'Hemky Madera', 'Gerardo Taracena']","United States, Mexico, Spain, Malta","June 6, 2020",2018,TV-MA,4 Seasons,"['crime', 'action', 'adventure', 'drama']","Forced to work for a cartel that recently killed her boyfriend, Teresa relies on her street smarts, a loyal pal and a mysterious notebook to survive."
s6779,Movie,For Greater Glory,Dean Wright,"['Rubén Blades', 'Bruce Greenwood', 'Bruce McGill', ""Peter O'Toole"", 'Andy Garcia', 'Nestor Carbonell', 'Eduardo Verástegui', 'Catalina Sandino Moreno', 'Eva Longoria', 'Santiago Cabrera', 'Adrian Alonso', 'Oscar Isaac', 'Mauricio Kuri']",Mexico,"August 2, 2019",2012,R,145 min,"['drama', 'international']","When a vicious war against Catholics is waged in Mexico in the 1920s, a retired general joins the militia fighting to preserve religious freedom."
s4506,Movie,"Ron White: If You Quit Listening, I'll Shut Up",Tom Forrest,['Ron White'],United States,"October 16, 2018",2018,TV-MA,63 min,['comedy'],"Ron “Tater Salad” White dishes out his signature brand of cynicism, riffing on sex, celebrity and the sinister habits of wild geese."
s4691,Movie,Bareilly Ki Barfi,Ashwiny Iyer Tiwari,"['Ayushmann Khurrana', 'Kriti Sanon', 'Rajkummar Rao', 'Pankaj Tripathi', 'Seema Pahwa', 'Rohit Chaudhury', 'Swati Semwal']",India,"August 21, 2018",2017,TV-14,110 min,"['comedy', 'drama', 'international']","When she falls in love with the author of a novel she adores, bohemian Bitti enlists the help of a local printer to find her new object of affection."
s7537,Movie,My Ex-Ex,Nathaniel Warsh,"['André Bharti', 'Katherine Barrell', 'Ray Galletti', 'Emily Alatalo', 'Tamara Duarte', 'Randal Edwards', 'Alastair Forbes', 'Jesse Camacho']",Canada,"August 15, 2017",2015,TV-MA,91 min,"['comedy', 'romance']",A recently dumped attorney hires a psychic to help her win back her boyfriend. Things take an unexpected turn when another ex re-enters the picture.
s3112,TV Show,Agent,,"['Khumbulani Kay Sibiya', 'Sisanda Henna', 'Tarynn Wyngaard', 'Anthony Oseyemi', 'Virgile Bramly', 'Manie Malone', 'Yannick Konnan', 'Vinaya Sungkur', 'Michaella Russell', 'Thabo Malema']","Mauritius, South Africa","December 20, 2019",2019,TV-MA,1 Season,"['international', 'drama']","A former footballer tries to make it as a player agent in the world of African soccer, but a secret from his past threatens to destroy everything."
s7715,Movie,Patriot Games,Phillip Noyce,"['Harrison Ford', 'Anne Archer', 'Patrick Bergin', 'Sean Bean', 'Thora Birch', 'James Fox', 'Samuel L. Jackson', 'Polly Walker', 'J.E. Freeman', 'James Earl Jones', 'Richard Harris']",United States,"January 1, 2020",1992,R,117 min,"['action', 'adventure']",CIA desk jockey Jack Ryan plunges into the heart of international terrorism after spoiling an assassination attempt on a British royal family member.
s6296,TV Show,Bhaage Re Mann,,"['Karuna Pandey', 'Chandan Anand', 'Kanika Shivpuri', 'Ved Thappar', 'Nupur Alankar', 'Tarun Mehta', 'Priya Marathe', 'Vasundhara Kaul', 'Ankit Narang', 'Arshima Thapar']",India,"April 15, 2017",2015,TV-14,1 Season,"['international', 'romance', 'drama']","An impulsive, free-spirited woman who's defied convention for much of her life suddenly finds herself flirting with a classic romance."
s4098,Movie,Awe,Prasanth Varma,"['Kajal Aggarwal', 'Nithya Menon', 'Regina Cassandra', 'Eesha Rebba', 'Murli Sharma', 'Srinivas Avasarala', 'Priyadarshi Pullikonda']",India,"February 15, 2019",2018,TV-MA,111 min,"['drama', 'international', 'sci-fi', 'fantasy']","Disparate characters, including an aspiring time traveler, a phony chef, a drug-addicted waitress and several others, share a surprising connection."
s4261,TV Show,Stand Up and Away! with Brian Regan,,['Brian Regan'],United States,"December 24, 2018",2018,TV-PG,1 Season,"['comedy', 'talkshow', 'comedy']",Brian Regan blends his trademark observational stand-up with short sketches and a bit of audience interaction in this hybrid comedy series.
s2316,Movie,The F**k-It List,Michael Duggan,"['Eli Brown', 'Madison Iseman', 'Marcus Scribner', ""Jerry O'Connell"", 'Karan Brar', 'Tristan Lake Leabu', 'Peter Facinelli', 'Natalie Zea']",United States,"July 1, 2020",2019,TV-MA,103 min,['comedy'],"After a prank blows up a studious high school senior's life, he shares a list of certain things he wishes he'd done differently — and maybe still can."
s4600,Movie,Pooja Kiven Aa,Nidhi Sharma,"['Miss Pooja', 'Tarun Khanna', 'Raj Singh Jhinger', 'Sahil Vedoliyaa', 'B.N. Sharma', 'Manoj Joshi', 'Anita Shabdeesh', 'Sardar Sohi']",India,"October 1, 2018",2013,TV-PG,122 min,"['comedy', 'international', 'music']","When a woman arrives in Mumbai and hires three spirited boys to care for her estate, she discovers they're more trustworthy than her family members."
s6061,Movie,A Thin Line Between Love & Hate,Martin Lawrence,"['Martin Lawrence', 'Lynn Whitfield', 'Regina King', 'Bobby Brown', 'Della Reese', 'Daryl Mitchell', 'Roger Mosley', 'Malinda Williams', 'Roger E. Mosley', 'Simbi Khali', 'Tangie Ambrose', 'Wendy Raquel Robinson', 'Stacii Jae Johnson', 'Faizon Love', 'Miguel A. Núñez Jr.', 'Tracy Morgan']",United States,"December 1, 2020",1996,R,108 min,"['comedy', 'romance']","When a philandering club promoter sets out to woo a rich, glamorous woman, he has no clue just how much mayhem he's about to unleash on his life."
s1944,Movie,Jab We Met,Imtiaz Ali,"['Shahid Kapoor', 'Kareena Kapoor', 'Tarun Arora', 'Dara Singh', 'Pavan Malhotra', 'Kamal Tiwari', 'Kiran Juneja', 'Divya Seth', 'Saumya Tandon']",India,"September 28, 2020",2007,TV-14,143 min,"['comedy', 'international', 'music']",Changing fortunes await a wealthy but dejected industrialist when he meets a spirited chatterbox on a train in this breezy Bollywood romantic comedy.
s7192,Movie,Kickboxer: Retaliation,Dimitri Logothetis,"['Alain Moussi', 'Jean-Claude Van Damme', 'Mike Tyson', 'Christopher Lambert', 'Sara Malakul Lane', 'Hafþór Júlíus Björnsson', 'Sam Medina', 'Steven Swadling']",United States,"April 26, 2018",2017,R,110 min,"['action', 'adventure']","Sloan's vow to never return to Thailand is cut short when he's kidnapped and taken to a Thai prison, where he's forced to fight a 400-pound brute."
s532,Movie,Rise: Ini Kalilah,"Saw Teong Hin, Nik Amir Mustapha, M.S. Prem Nath","['Remy Ishak', 'Mira Filzah', 'Jack Tan', 'Sangeeta Krishnasamy', 'Shashi Tharan', ""Mark O'Dea"", 'Jenn Chia', 'Sharifah Sakinah']",Malaysia,"July 6, 2021",2018,TV-PG,101 min,"['drama', 'international']","Inspired by Malaysia's 14th General Election, this film trails six individuals and the obstacles they face in the days leading up to the historic event."
s5508,Movie,The Next Skin,"Isaki Lacuesta, Isa Campo","['Àlex Monner', 'Emma Suárez', 'Sergi López', 'Bruno Todeschini', 'Igor Szpakowski', 'Sílvia Bel', 'Greta Fernández', 'Mikel Iglesias']","Spain, Switzerland","May 1, 2017",2016,TV-MA,104 min,"['drama', 'international']","When a withdrawn, long-missing teenager reappears in a chilly alpine town, his heartbroken family begins to wonder if he's actually who he says he is."
s788,Movie,Cradle 2 the Grave,Andrzej Bartkowiak,"['Jet Li', 'DMX', 'Anthony Anderson', 'Kelly Hu', 'Tom Arnold', 'Mark Dacascos', 'Gabrielle Union', 'Michael Jace', 'Drag-On', 'Paige Hurd']",United States,"June 2, 2021",2003,R,101 min,"['action', 'adventure']","When a jewel thief pulls off a risky diamond heist with his crew, a gang kidnaps his young daughter and steals the loot as a rival agent offers his help."
s1004,TV Show,Zero,,"['Giuseppe Dave Seke', 'Haroun Fall', 'Beatrice Grannò', 'Dylan Magon', 'Daniela Scattolin', 'Madior Fall', 'Virgina Diop']",Italy,"April 21, 2021",2021,TV-MA,1 Season,"['international', 'comedy', 'drama']","A shy teen with the power to turn invisible must get it under control to help defend his neighborhood, putting aside the pursuit of his artistic dream."
s5222,TV Show,West Coast Customs,,"['Ryan Friedlinghaus', 'Hunter Clancey']",United States,"October 15, 2017",2015,TV-G,6 Seasons,"['documentary', 'reality']","West Coast Customs, a mecca for well-heeled car lovers, stars as their team creates some of the most luxurious, outrageous vehicles on the planet."
s3983,Movie,Mirage,Oriol Paulo,"['Adriana Ugarte', 'Chino Darín', 'Javier Gutiérrez', 'Álvaro Morte', 'Nora Navas', 'Miquel Fernández', 'Clara Segura', 'Mima Riera', 'Aina Clotet', 'Albert Pérez', 'Julio Bohigas-Couto', 'Belén Rueda']",Spain,"March 22, 2019",2018,TV-MA,129 min,"['drama', 'international', 'sci-fi', 'fantasy']","A space-time continuum glitch allows Vera to save a boy's life 25 years earlier, but results in the loss of her daughter, whom she fights to get back."
s6062,Movie,A Thousand Words,Brian Robbins,"['Eddie Murphy', 'Kerry Washington', 'Cliff Curtis', 'Clark Duke', 'Allison Janney', 'Ruby Dee', 'John Witherspoon', 'Jack McBrayer']",United States,"July 1, 2020",2012,PG-13,92 min,['comedy'],"When he learns his karma will permit him to speak just a thousand more words before he dies, fast-talking agent Jack must make every syllable count."
s392,TV Show,Wynonna Earp,,"['Melanie Scrofano', 'Shamier Anderson', 'Tim Rozon', 'Dominique Provost-Chalkley', 'Michael Eklund', 'Katherine Barrell', 'Greg Lawson', 'Natascha Girgis']","Canada, United States","July 26, 2021",2020,TV-MA,4 Seasons,"['international', 'action', 'adventure', 'drama']",The outcast descendant of lawman Wyatt Earp teams up with an immortal Doc Holliday to rid the world of demonic revenants from the Wild West.
s592,Movie,Seven Pounds,Gabriele Muccino,"['Will Smith', 'Rosario Dawson', 'Woody Harrelson', 'Michael Ealy', 'Barry Pepper', 'Elpidia Carrillo', 'Robinne Lee', 'Joe Nunez', 'Bill Smitrovich', 'Tim Kelleher', 'Gina Hecht', 'Andy Milder', 'Judyann Elder', 'Sarah Jane Morris']",United States,"July 1, 2021",2008,PG-13,123 min,"['drama', 'romance']","Weighed down by a dark secret, IRS agent Ben Thomas tries to improve the lives of seven strangers in need of a second chance."
s8446,Movie,The Other Guys,Adam McKay,"['Will Ferrell', 'Mark Wahlberg', 'Eva Mendes', 'Michael Keaton', 'Steve Coogan', 'Ray Stevenson', 'Samuel L. Jackson', 'Dwayne Johnson', 'Lindsay Sloane', 'Natalie Zea']",United States,"February 1, 2020",2010,PG-13,108 min,"['action', 'adventure', 'comedy']",New York cops Allen and Terry toil in obscurity as lowly desk jockeys until a big break finally gives them a chance to tackle real police work.
s26,TV Show,Love on the Spectrum,,['Brooke Satchwell'],Australia,"September 21, 2021",2021,TV-14,2 Seasons,"['documentary', 'international', 'reality']","Finding love can be hard for anyone. For young adults on the autism spectrum, exploring the unpredictable world of dating is even more complicated."
s6367,Movie,Boy and the World,Alê Abreu,"['Vinícius Garcia', 'Felipe Zilse', 'Alê Abreu', 'Lu Horta', 'Marco Aurélio Campos', 'Cassius Romero', 'Alfredo Rollo']",Brazil,"October 1, 2017",2013,PG,80 min,['family'],"Young Cuca leaves his idyllic village on a grand adventure to find his father, who has traveled to the city seeking work."
s5388,Movie,10 jours en or,Nicolas Brossette,"['Franck Dubosc', 'Claude Rich', 'Marie Kremer', 'Mathis Touré', 'Rufus', 'Olivier Claverie']",France,"July 1, 2017",2012,TV-14,97 min,"['comedy', 'drama', 'international']","When a carefree bachelor is unexpectedly left in charge of a young boy, the two embark on a road trip that will change both of their lives."
s5069,Movie,Countdown to Death: Pablo Escobar,"Santiago Diaz, Pablo Martin Farina",,,"January 22, 2018",2017,TV-MA,69 min,"['documentary', 'international']","Through rare interviews, images and wiretap audio, this documentary reconstructs the last nine years of Colombian drug lord Pablo Escobar's life."
s1346,Movie,The Yin-Yang Master: Dream Of Eternity,Guo Jingming,"['Mark Chao', 'Deng Lun', 'Wang Ziwen', 'Jessie Li', 'Wang Duo', 'Sun Chenjun', 'Xu Kaicheng', 'Jasper', 'Ju Xiaowen']",China,"February 5, 2021",2021,TV-14,133 min,"['action', 'adventure', 'international']","When a demonic serpent reawakens, the Yin-Yang Masters must solve a murder mystery and protect their realms from a dark conspiracy at the royal court."
s918,Movie,Framing John DeLorean,"Don Argott, Sheena M. Joyce","['Alec Baldwin', 'Josh Charles', 'Morena Baccarin', 'Dean Winters', 'Michael Rispoli', 'Dana Ashbrook', 'Jason Jones', 'Josh Cooke', 'Sean Cullen', 'William Hill']",United States,"May 5, 2021",2019,TV-MA,109 min,"['documentary', 'drama']","From his rise in the auto industry to his fall from grace, John DeLorean's legacy of power, fast cars and drugs comes to life in this documentary."
s5664,Movie,Sister Cities,Sean Hanish,"['Jacki Weaver', 'Troian Bellisario', 'Stana Katic', 'Michelle Trachtenberg', 'Jess Weixler', 'Alfred Molina', 'Amy Smart', 'Tom Everett Scott', 'Kaia Gerber', 'Aimee Garcia', 'Kathy Baker', 'Peter Jason']",United States,"December 16, 2016",2016,TV-MA,88 min,['drama'],"After years of estrangement, four sisters gather in the wake of their mother's death, which may or may not have been a suicide."
s6678,Movie,El fin de ETA,Justin Webster,,Spain,"April 8, 2017",2017,TV-14,106 min,"['documentary', 'international']","This documentary chronicles the decade-long process that led to the end of the ETA, a Basque terrorist group that operated for more than 50 years."
s6554,Movie,Daffedar,Johnson Esthappan,"['Tini Tom', 'Malavikka', 'Sudheer Karamana', 'Indrans']",India,"July 1, 2018",2017,TV-14,151 min,"['drama', 'international']","A retired government worker continues to dedicate himself to public service, but his principled ways soon clash with those of his extravagant sons."
s4612,Movie,Vettai,N. Linguswamy,"['Arya', 'Madhavan', 'Sameera Reddy', 'Amala Paul', 'Nasser', 'Ashutosh Rana', 'Sreejith Ravi', 'Muthukumar']",India,"October 1, 2018",2012,TV-14,156 min,"['action', 'adventure', 'international', 'music']","This powerful Tamil action film follows the shared fate of two very different siblings: policeman Thiru and his roguish brother, Guru."
s7836,TV Show,Razia Sultan,,"['Pankhuri Awasthy', 'Saurabh Pandey', 'Rohit Purohit', 'Sooraj Tapar', 'Mohit Abrol', 'Seema Kapoor']",India,"April 1, 2017",2015,TV-14,1 Season,"['international', 'romance', 'drama']","This sweeping historical drama charts the rise of a remarkable real-life figure, the first woman to ever rule the Delhi Sultanate."
s1215,Movie,Quiet,Luis Alejandro Pérez,"['Max Salgado', 'René Miranda', 'Ignacia Uribe', 'Javier Castillo', 'Steevens Benjamin', 'Andrés Rebolledo', 'Alejandro Trejo']",,"March 12, 2021",2020,TV-MA,103 min,"['drama', 'international', 'music']",The lives of three Chilean teenage misfits converge as they try to find their place in an unequal society through hip-hop and lasting friendships.
s6884,Movie,Goosebumps 2: Haunted Halloween,Ari Sandel,"['Jeremy Ray Taylor', 'Madison Iseman', 'Caleel Harris', 'Wendi McLendon-Covey', 'Chris Parnell', 'Ken Jeong', 'Jack Black']","United States, United Kingdom","April 25, 2019",2018,PG,90 min,"['family', 'comedy']","Three teens spend their Halloween trying to stop a magical book, which brings characters from the ""Goosebumps"" novels to life."
s8021,TV Show,Silver Spoon,,"['Pavel Priluchnyy', 'Karina Razumovskaya', 'Dmitry Shevchenko', 'Denis Shvedov', 'Alexander Oblasov', 'Igor Zhizhikin', 'Bogdan Stypka', 'Alexander Dyachenko']",Russia,"September 15, 2017",2015,TV-MA,2 Seasons,"['crime', 'international', 'action', 'adventure']","Forced to become an apprentice cop, cocky playboy Igor finds he's got a knack for police work. But his job soon takes him down a dark personal path."
s6332,Movie,Blaze,Ethan Hawke,"['Benjamin Dickey', 'Alia Shawkat', 'Josh Hamilton', 'Charlie Sexton', 'Sam Rockwell', 'Wyatt Russell', 'Steve Zahn', 'Kris Kristofferson', 'Richard Linklater', 'David Kallaway', 'Ritchie Montgomery']",United States,"August 30, 2020",2018,R,129 min,"['drama', 'independent', 'music']","An influential, if unsung country songwriter reflects on his career, and how the love of his life drove him to write his most personal music."
s1390,Movie,Friendsgiving,Nicol Paone,"['Malin Akerman', 'Kat Dennings', 'Aisha Tyler', 'Jane Seymour', 'Jack Donnelly', 'Chelsea Peretti', 'Christine Taylor', 'Ryan Hansen', 'Deon Cole', 'Wanda Sykes']",United States,"January 21, 2021",2020,R,95 min,['comedy'],A quiet holiday dinner among friends turns into a chaotic night of illicit activity and compromising situations when uninvited guests crash the party.
s248,Movie,Sweet Girl,Brian Andrew Mendoza,"['Jason Momoa', 'Isabela Merced', 'Manuel Garcia-Rulfo', 'Amy Brenneman', 'Adria Arjona', 'Raza Jaffrey', 'Justin Bartha', 'Lex Scott Davis', 'Michael Raymond-James']",United States,"August 20, 2021",2021,R,110 min,"['action', 'adventure', 'drama']","He lost the love of his life to a pharmaceutical company's greed. Now his daughter is without a mother, and he's without justice. For now."
s5879,Movie,Mike Epps: Don't Take It Personal,L. Frazier,['Mike Epps'],United States,"December 18, 2015",2015,TV-MA,60 min,['comedy'],Mike Epps tears up the stage at L.A.'s historic Orpheum Theatre in a special packed with blistering impressions and unapologetically raunchy swagger.
s5066,TV Show,Prison Playbook,,"['Hae-soo Park', 'Kyung-ho Jung', 'Dong-il Sung', 'Krystal Jung', 'Soo-jeong Ye', 'Jae-sung Jung', 'Hoon-jin Lee', 'Kyoo-hyung Lee', 'Ho-cheol Lee', 'Chang-hwan Ahn', 'Kyung-nam Kim']",South Korea,"January 24, 2018",2017,TV-MA,1 Season,"['international', 'korean', 'comedy']","With his major league baseball debut right around the corner, a star pitcher lands in prison and must learn to navigate his new world."
s445,TV Show,Naomi Osaka,Garrett Bradley,,,"July 16, 2021",2021,TV-14,1 Season,['documentary'],This intimate series follows Naomi Osaka as she explores her cultural roots and navigates her multifaceted identity as a tennis champ and rising leader.
s6349,Movie,Bob's Broken Sleigh,Jay Surridge,"['Cole Howard', 'Bruce Greenwood', 'Victor Garber', 'Michael Adamthwaite', 'Raini Rodriguez', 'Colin Murdock', 'Maryke Hendrikse', 'Sam Vincent', 'Gabe Khouth']",Canada,"December 17, 2015",2015,TV-G,47 min,['family'],"An overly eager elf improves Santa's sleigh, but when he crash lands far from home, three odd critters pitch in to send him back to the North Pole."
s6391,Movie,Burlesque,Steve Antin,"['Cher', 'Christina Aguilera', 'Alan Cumming', 'Eric Dane', 'Cam Gigandet', 'Julianne Hough', 'Peter Gallagher', 'Kristen Bell', 'Stanley Tucci', 'Dianna Agron']",United States,"December 16, 2019",2010,PG-13,119 min,"['drama', 'romance']","After leaving Iowa with stars in her eyes, Ali arrives at a Los Angeles burlesque lounge with dreams of taking the stage with her soaring voice."
s8221,Movie,The Box,Richard Kelly,"['Cameron Diaz', 'James Marsden', 'Frank Langella', 'James Rebhorn', 'Holmes Osborne', 'Sam Oz Stone', 'Gillian Jacobs', 'Celia Weston', 'Deborah Rush']",United States,"June 1, 2019",2009,PG-13,116 min,"['sci-fi', 'fantasy', 'thriller']",A couple must decide whether to push a button that will net them a million dollars but that will also cause the death of a complete stranger.
s2355,Movie,Destiny,Youssef Chahine,"['Nour El-Sherif', 'Laila Elwi', 'Mahmoud Hemeida', 'Safia el-Emari', 'Mohamed Mounir', 'Khaled El Nabawy', 'Seif Abdelrahman', 'Abdalla Mahmoud', 'Ahmed Fouad Selim', 'Magdi Idris']","France, Egypt","June 19, 2020",1997,TV-14,136 min,"['drama', 'international']","In 12th-century Spain, a philosopher and his profound teachings jeopardize the caliph he serves when political rivals threaten a government upheaval."
s6365,TV Show,Botched Up Bodies,,"['Charlie Brooks', 'Sue Johnston']",United Kingdom,"October 2, 2019",2013,TV-MA,1 Season,"['british', 'documentary', 'international']","From lifting saggy skin to repairing shoddy breast enhancements, plastic surgeons tackle extreme fixer-uppers."
s2118,Movie,Crazy Awesome Teachers,Sammaria Sari Simanjuntak,"['Gading Marten', 'Dian Sastrowardoyo', 'Faradina Mufti', 'Boris Bokir', 'Kevin Ardilova', 'Shakira Jasmine', 'Asri Welas', 'Arswendi Bening Swara', 'Kiki Narendra', 'Ibnu Jamil']",Indonesia,"August 17, 2020",2020,TV-PG,102 min,"['comedy', 'drama', 'international']","When staff salaries get stolen at his school, a reluctant new teacher sets out to recoup the money and soon discovers the joys of teaching."
s3805,Movie,The Man Who Feels No Pain,Vasan Bala,"['Abhimanyu Dassani', 'Radhika Madan', 'Gulshan Devaiah', 'Mahesh Manjrekar', 'Jimit Trivedi', 'Loveleen Mishra', 'Sartaaj Kakkar', 'Riva Arora']",India,"May 22, 2019",2018,TV-14,137 min,"['action', 'adventure', 'comedy', 'international']","Leveraging his ability to withstand pain, a young man trains to follow in the footsteps of his martial-arts hero in this high-action, meta comedy."
s5530,Movie,Slam,Andrea Molaioli,"['Ludovico Tersigni', 'Jasmine Trinca', 'Luca Marinelli', 'Barbara Ramella', 'Gianluca Broccatelli', 'Pietro Ragusa', 'Fiorenza Tessari']",Italy,"April 15, 2017",2017,TV-MA,99 min,"['comedy', 'drama', 'international']","Teen father-to-be Sam imagines his future as a young parent and finds a surprising mentor while reading about his idol, pro skateboarder Tony Hawk."
s6,TV Show,Midnight Mass,Mike Flanagan,"['Kate Siegel', 'Zach Gilford', 'Hamish Linklater', 'Henry Thomas', 'Kristin Lehman', 'Samantha Sloyan', 'Igby Rigney', 'Rahul Kohli', 'Annarah Cymone', 'Annabeth Gish', 'Alex Essoe', 'Rahul Abburi', 'Matt Biedel', 'Michael Trucco', 'Crystal Balint', 'Louis Oliver']",,"September 24, 2021",2021,TV-MA,1 Season,"['drama', 'horror', 'mystery']","The arrival of a charismatic young priest brings glorious miracles, ominous mysteries and renewed religious fervor to a dying town desperate to believe."
s565,Movie,Boogie Nights,Paul Thomas Anderson,"['Mark Wahlberg', 'Burt Reynolds', 'Julianne Moore', 'Heather Graham', 'William H. Macy', 'Don Cheadle', 'Philip Seymour Hoffman', 'Luis Guzmán', 'John C. Reilly', 'Philip Baker Hall']",United States,"July 1, 2021",1997,R,155 min,"['comedy', 'drama', 'independent']",A well-endowed busboy is taken in by a tight-knit group of 1970s porn actors and transforms himself into skin flick celebrity Dirk Diggler.
s3360,Movie,Mehandi Circus,Saravana Rajendran,"['Madhampatti Rangaraj', 'Shweta Tripathi', 'Vela Ramamoorthy', 'Ankur Vikal', 'G. Marimuthu', 'Sunny Charles']",India,"October 30, 2019",2019,TV-MA,126 min,"['drama', 'international', 'romance']","In the early 1990s, the love between a cassette shop owner and a traveling circus performer challenges caste barriers and disapproving parents."
s8280,Movie,The Diabolical,Alistair Legrand,"['Ali Larter', 'Arjun Gupta', 'Max Rose', 'Merrin Dungey', 'Chloe Perrin', 'Kurt Carley', 'Patrick Fischler', 'Wilmer Calderon', 'Tom Wright']",United States,"August 1, 2018",2015,TV-MA,86 min,"['horror', 'sci-fi', 'fantasy', 'thriller']","Terrorized by unexplained disturbances and horrific visions in her home, a young widowed mother turns to her scientist boyfriend for help."
s2162,Movie,Nasha Natasha,Martín Sastre,['Natalia Oreiro'],Uruguay,"August 6, 2020",2020,TV-PG,72 min,"['documentary', 'international', 'music']",Concert and behind-the-scenes footage capture life on tour for Uruguayan sensation Natalia Oreiro as she performs for packed crowds throughout Russia.
s2787,Movie,A Life of Speed: The Juan Manuel Fangio Story,Francisco Macri,,Argentina,"March 20, 2020",2020,TV-14,93 min,"['documentary', 'international', 'sport']","Juan Manuel Fangio was the Formula One king, winning five world championships in the early 1950s — before protective gear or safety features were used."
s5383,TV Show,Diamond Lover,,"['Rain', 'Tiffany Tang', 'Luo Jin', 'Dilraba Dilmurat', 'Yao Yichen']",China,"July 7, 2017",2015,TV-PG,1 Season,"['international', 'romance', 'drama']","After an accident leads to great weight loss, once-obese Mi Duo embarks on a new life working for her secret crush, diamond company CEO Xiao Liang."
s8782,Movie,Yo-Kai Watch: The Movie,Mark Risley,"['Johnny Yong Bosch', ""Joey D'Auria"", 'Alicyn Packard', 'Melissa Hutchison', 'Paul Greenberg', 'Brent Pendergrass']","Japan, United States","December 1, 2016",2016,TV-Y7,96 min,"['anime', 'family']","Nate's special Yo-Kai Watch is missing. He travels back in time to meet the watch's inventor, his grandfather. Together, they must restore history!"
s5802,TV Show,Conspiracy,,['Mark Bazeley'],United Kingdom,"September 1, 2016",2015,TV-14,1 Season,"['british', 'documentary']","Skeptics and others discuss widely held conspiracy theories involving aliens, government cover-ups, secret assassinations and other intrigues."
s5759,Movie,Russell Peters: Almost Famous,Dave Higby,['Russell Peters'],United States,"October 7, 2016",2016,TV-MA,73 min,['comedy'],"The comic comes home to Toronto to sound off on cultural quirks, kids' furniture and bathroom visits, reveling in all things ridiculously human."
s1002,Movie,Oloibiri,Curtis Graham,"['Olu Jacobs', 'Richard Mofe-Damijo', 'William R. Moses', 'Taiwo Ajai-Lycett', 'Ifeanyi Williams', 'Ivie Okujaye', 'Dayton Sinkia', 'Bradley Gordon']","Canada, Nigeria, United States","April 21, 2021",2015,TV-14,86 min,"['drama', 'international', 'thriller']","After drilling depletes a small village, a corporation finds more oil in the region, igniting tensions among the community."
s7928,Movie,Sameer Abu Alneel,Amr Arafa,"['Ahmed Mekky', 'Nicole Saba', 'Mohamed Lotfy', 'Hussien El Imam', 'Dina El-Sherbiny', 'Said Tarabeek', 'Alaa Morsy', 'Edward Fouad', 'Abdalah Mishrif', 'Youssef Eid']",Egypt,"June 6, 2019",2013,TV-14,107 min,"['comedy', 'international']","Disliked for his stinginess, Samir finds his life turned upside down when he receives a windfall and launches a television channel."
s904,Movie,Nayattu,Martin Prakkat,"['Kunchacko Boban', 'Joju George', 'Nimisha Sajayan', 'Jaffer Idukki', 'Yama Gilgamesh', 'Anil Nedumangad', 'Dineesh P', 'Vinod Sagar']",India,"May 9, 2021",2021,TV-MA,122 min,"['drama', 'international', 'thriller']",Three police officers become pawns for unscrupulous lawmakers when they are framed in an incident amid political elections and must flee to evade arrest.
s5450,Movie,Catfight,Onur Tukel,"['Sandra Oh', 'Anne Heche', 'Alicia Silverstone', 'Amy Hill', 'Myra Lucretia Taylor', 'Ariel Kavoussi', 'Damian Young', 'Stephen Gevedon', 'Giullian Yao Gioiello', 'Tituss Burgess']",United States,"June 1, 2017",2016,TV-MA,96 min,"['comedy', 'independent']",Two college frenemies whose lives aren't what they hoped meet up decades later and escalate their resentments from verbal jabs to bloody brawls.
s7130,TV Show,Jhansi Ki Rani,,"['Ulka Gupta', 'Sameer Dharmadhikari', 'Amit Pachori', 'Shailesh Dattar', 'Aruna Irani']",India,"June 1, 2017",2009,TV-14,1 Season,"['international', 'drama']","In British-ruled, 19th-century India, a 14-year-old girl trains as a warrior and becomes a devoted crusader in her country's fight for independence."
s4906,Movie,The Price of Success,Teddy Lussi-Modeste,"['Tahar Rahim', 'Maïwenn Le Besco', 'Roschdy Zem', 'Grégoire Colin', 'Sultan', 'Ali Marhyar', 'Camille Lellouche', 'Saïda Bekkouche', 'Meriem Serbah', 'Salma Lahmer']",France,"April 30, 2018",2017,TV-MA,92 min,"['drama', 'international']","Struggling to balance family ties and a career, a rising comedian of Parisian banlieue roots learns the true price of fame."
s4544,Movie,Monty Python Conquers America,Will Yapp,"['Graham Chapman', 'Eric Idle', 'Terry Jones', 'Michael Palin', 'Terry Gilliam', 'John Cleese']",,"October 2, 2018",2008,TV-MA,55 min,['documentary'],Follow the evolution of the British sketch comedy troupe that redefined humor and shaped an entire generation of American comics.
s1717,TV Show,Aunty Donna's Big Ol' House of Fun,,"['Mark Samual Bonanno', 'Broden Kelly', 'Zachary Ruane', 'Ed Helms', 'Kristen Schaal', 'Weird Al Yankovic', 'Kia Stevens', 'Paul F. Tompkins', 'Tawny Newsome']",Australia,"November 11, 2020",2020,TV-MA,1 Season,['comedy'],"Comedy trio Aunty Donna showcase their uniquely absurd and offbeat style through an array of sketches, songs and eclectic characters."
s8416,Movie,The Matrix Reloaded,"Lilly Wachowski, Lana Wachowski","['Keanu Reeves', 'Laurence Fishburne', 'Carrie-Anne Moss', 'Hugo Weaving', 'Jada Pinkett Smith', 'Gloria Foster', 'Harold Perrineau', 'Monica Bellucci', 'Harry Lennix', 'Lambert Wilson', 'Randall Duk Kim', 'Nona Gaye']",United States,"November 1, 2019",2003,R,138 min,"['action', 'adventure', 'sci-fi', 'fantasy']","The crew must protect Zion, the last outpost still under human control, after it is pinpointed by the machines responsible for the Matrix."
s8563,Movie,The Women's Balcony,Emil Ben-Shimon,"['Evelin Hagoel', 'Igal Naor', 'Orna Banay', 'Einat Sarouf', 'Avraham Aviv Alush', 'Itzik Cohen', 'Yafit Asulin', 'Sharona Elimelech', 'Herzl Tobey', 'Haim Znati']",Israel,"December 19, 2017",2016,TV-PG,100 min,"['comedy', 'drama', 'faith']","A conservative rabbi steps in to lead a congregation reeling from an accident, but his controversial plans incite a gender war among the congregation."
s7127,Movie,Jersey Boys,Clint Eastwood,"['John Lloyd Young', 'Erich Bergen', 'Michael Lomenda', 'Vincent Piazza', 'Christopher Walken', 'Mike Doyle', 'Renée Marino', 'Erica Piccininni', 'Joey Russo', 'Donnie Kehr', 'Katherine Narducci', 'Steve Schirripa']",United States,"January 1, 2019",2014,R,134 min,"['drama', 'music']","Adapted from the hit Broadway musical, this nostalgic look at the Four Seasons and their bumpy offstage lives stretches across four decades."
s8406,Movie,The Lord of the Rings: The Two Towers,Peter Jackson,"['Elijah Wood', 'Ian McKellen', 'Liv Tyler', 'Viggo Mortensen', 'Sean Astin', 'Cate Blanchett', 'John Rhys-Davies', 'Bernard Hill', 'Christopher Lee', 'Billy Boyd', 'Dominic Monaghan', 'Orlando Bloom']","New Zealand, United States","January 1, 2020",2002,PG-13,179 min,"['action', 'adventure', 'sci-fi', 'fantasy']","Frodo and Sam head to Mordor to destroy the One Ring of Power while Gimli, Legolas and Aragorn search for the orc-captured Merry and Pippin."
s2802,Movie,AllI Wish,Susan Walter,"['Sharon Stone', 'Tony Goldwyn', 'Liza Lapira', 'Ellen Burstyn', 'Jason Gibson', 'Famke Janssen', 'Caitlin Fitzgerald', 'Gilles Marini', 'Erica Ash', 'Tom Paolino']",United States,"March 18, 2020",2017,R,95 min,"['drama', 'romance']","Over a series of birthdays, a happy-go-lucky, commitment-averse fashion designer strives to bring a bit of calm to her chaotic love life."
s3065,Movie,Luccas Neto in: Children's Day,Lucas Margutti,"['Luccas Neto', 'Vivian Duarte', 'Giobanna Alparone', 'Jéssica Diehl']",,"January 1, 2020",2019,TV-G,81 min,"['family', 'comedy', 'music']","When Luccas Neto plans a big Children's Day celebration, an unexpected threat at school puts the party – and his friends – at risk."
s8020,Movie,Silicon Cowboys,Jason Cohen,,United States,"April 1, 2017",2016,TV-PG,77 min,['documentary'],"This documentary tells the story of Compaq Computer and its three founders, who in 1982, took on Goliath IBM at the height of its PC dominance."
s8735,Movie,Who the F**k Is That Guy?,Drew Stone,['Michael Alago'],United States,"September 1, 2017",2017,TV-MA,78 min,"['documentary', 'lgbtq', 'music']","Take a ride through the life of record exec Michael Alago, a gay Puerto Rican New Yorker who signed a slew of musical acts, including Metallica."
s1492,Movie,AK vs AK,Vikramaditya Motwane,"['Anil Kapoor', 'Anurag Kashyap']",India,"December 25, 2020",2020,TV-MA,109 min,"['comedy', 'drama', 'international']","After a public spat with a movie star, a disgraced director retaliates by kidnapping the actor’s daughter, filming the search for her in real time."
s6565,Movie,Dark Chocolate (Bengali Version),Agnidev Chatterjee,"['Riya Sen', 'Mahima Chaudhry', 'Rajesh Sharma', 'Indrasish Roy', 'Mumtaz Sorcar', 'Sudip Mukherjee', 'Shataf Figar', 'Koushik Sen']",India,"December 15, 2017",2016,TV-MA,91 min,"['drama', 'international', 'thriller']","In this Bangla thriller inspired by a true story, the discovery of a charred corpse in the woods leads to a high-profile murder investigation."
s7306,Movie,Like Water for Chocolate,Alfonso Arau,"['Marco Leonardi', 'Lumi Cavazos', 'Regina Torné', 'Mario Iván Martínez', 'Ada Carrasco', 'Yareli Arizmendi', 'Claudette Maillé', 'Pilar Aranda']",Mexico,"November 1, 2019",1992,R,105 min,"['classic', 'drama', 'international']","When Pedro marries her sister, Tita throws herself into her cooking – and discovers she can transfer her emotions through the food she prepares."
s4959,Movie,Revolt,Joe Miale,"['Lee Pace', 'Bérénice Marlohe', 'Jason Flemyng', 'Sibulele Gcilitshana', 'Wandile Molebatsi', 'Sekoati Sk Tsubane', 'Leroy Gopal', 'Welile Nzunza', 'Patrick Bakoba', 'Tom Fairfoot']",United Kingdom,"March 31, 2018",2017,R,87 min,"['action', 'adventure', 'sci-fi', 'fantasy']","Following a devastating alien invasion, an American soldier and a French foreign aid worker attempt to find refuge in the Kenyan countryside."
s8306,Movie,The Flintstones in Viva Rock Vegas,Brian Levant,"['Mark Addy', 'Stephen Baldwin', 'Kristen Johnston', 'Jane Krakowski', 'Joan Collins', 'Thomas Gibson', 'Alan Cumming']",United States,"October 1, 2019",2000,PG,91 min,"['family', 'comedy', 'romance']","Yabba-dabba-doo! Digital dinosaurs rule the day when Fred, Barney, Betty and Wilma take Vegas by storm in this prequel that posits their lives before marriage."
s3230,Movie,Super Monsters Save Christmas,Steve Ball,"['Elyse Maloway', 'Vincent Tong', 'Erin Mathews', 'Andrea Libman', 'Alessandro Juliani', 'Nicole Anthony', 'Diana Kaarina', 'Ian James Corlett', 'Britt McKillip', 'Kathleen Barr', 'Gigi Saul Guerrero', 'Brian Drummond']",United States,"November 26, 2019",2019,TV-Y,24 min,['family'],"It's Christmas Eve in Pitchfork Pines, and the Super Monsters are joining forces to deck the halls, find Santa's missing reindeer and save the holiday!"
s2408,Movie,Middle Men,George Gallo,"['Luke Wilson', 'Giovanni Ribisi', 'Gabriel Macht', 'James Caan', 'Jacinda Barrett', 'Kevin Pollak', 'Laura Ramsey', 'Rade Serbedzija', 'Terry Crews', 'Kelsey Grammer']",United States,"June 10, 2020",2009,R,113 min,"['comedy', 'drama', 'independent']","An entrepreneur develops an adult entertainment online billing company – and winds up dealing with mobsters, the FBI, con men and terrorists."
s6322,Movie,Black & Privileged: Volume 1,Mark Harris,"['Dawnisha Halfkenny', 'Simeon Henderson', 'Corey Hendrix', 'Malcom Banks', 'Nadia Simms', 'Brian White', 'Brely Evans', 'Cynda Williams', 'Carl Anthony Payne II']",United States,"July 12, 2019",2019,TV-MA,79 min,['drama'],"When low-income families move into a thriving black community in Chicago, they find themselves at odds with politicians to maintain their status."
s5334,Movie,The Saint,Ernie Barbarash,"['Adam Rayner', 'Eliza Dushku', 'Ian Ogilvy', 'James Remar', 'Roger Moore', 'Enrique Murciano', 'Thomas Kretschmann', 'Beatrice Rosen', 'Greg Grunberg', 'Yani Gellman']",United States,"August 10, 2017",2017,TV-14,92 min,"['action', 'adventure']","Master thief Simon Templar – also known as the Saint – is hired by a wealthy banker to find his kidnapped daughter, but not all is as it seems."
s6268,Movie,Bebe's Kids,Bruce W. Smith,"['Faizon Love', 'Vanessa Bell Calloway', 'Wayne Collins', 'Jonell Green', 'Marques Houston', 'Tone-Loc', 'Myra J.', 'Nell Carter']",United States,"November 20, 2019",1992,PG-13,73 min,['comedy'],"When ladies' man Robin meets Jamika, he falls head over heels, but she greets him with four surprises: her son and her girlfriend Bebe's three kids."
s6905,Movie,Hükümet Kadin,Sermiyan Midyat,"['Demet Akbağ', 'Sermiyan Midyat', 'Mahir İpek', 'Gülhan Tekin', 'Burcu Gönder', 'Cezmi Baskın', 'Renan Bilek', 'Ayberk Attila', 'Rıza Akın', 'Bülent Çolak']",Turkey,"March 10, 2017",2013,TV-MA,100 min,"['comedy', 'international']","When an uneducated mother of eight suddenly becomes mayor, she uses the skills she's learned as a housewife to keep her town running like clockwork."
s1986,Movie,Horrid Henry's Gross Day Out,Gary Andrews,"['Lizzie Waterworth-Santo', 'Emma Tate', 'Sue Elliot Nicholls', 'Tamsin Heatley', 'Wayne Forester', 'Aidan Cook', 'Philip Pope']",United Kingdom,"September 17, 2020",2020,TV-Y,61 min,"['family', 'comedy']","Worlds collide when Henry makes plans to spend Saturday on the sofa watching a ""Gross Class Zero"" marathon — and his favorite characters come to life!"
s8214,Movie,The Bleeder,Philippe Falardeau,"['Liev Schreiber', 'Elisabeth Moss', 'Ron Perlman', 'Naomi Watts', 'Jim Gaffigan', 'Michael Rapaport', 'Pooch Hall', 'Morgan Spector', 'Jason Jones']",United States,"March 29, 2019",2016,R,98 min,"['drama', 'sport']","Husband. Father. Fighter. Meet Chuck Wepner, the liquor salesman and self-proclaimed real-life inspiration behind Rocky Balboa."
s1857,Movie,BLACKPINK: Light Up the Sky,Caroline Suh,['Blackpink'],United States,"October 14, 2020",2020,TV-14,80 min,"['documentary', 'music']",Record-shattering Korean girl band BLACKPINK tell their story — and detail the hard-fought journey of the dreams and trials behind their meteoric rise.
s102,Movie,Untold: Breaking Point,"Chapman Way, Maclain Way",,United States,"September 7, 2021",2021,TV-MA,80 min,"['documentary', 'sport']","Under pressure to continue a winning tradition in American tennis, Mardy Fish faced mental health challenges that changed his life on and off the court."
s41,TV Show,He-Man and the Masters of the Universe,,"['Yuri Lowenthal', 'Kimberly Brooks', 'Antony Del Rio', 'Trevor Devall', 'Ben Diskin', 'Grey Griffin', 'David Kaye', 'Tom Kenny', 'Judy Alice Lee', 'Roger Craig Smith', 'Fred Tatasciore']",United States,"September 16, 2021",2021,TV-Y7,1 Season,"['family', 'sci-fi', 'fantasy']",Mighty teen Adam and his heroic squad of misfits discover the legendary power of Grayskull — and their destiny to defend Eternia from sinister Skeletor.
s3465,TV Show,Engineering Girls,,"['Barkha Singh', 'Kritika Avasthi', 'Sejal Kumar']",India,"October 1, 2019",2018,TV-MA,1 Season,"['international', 'comedy']","Three engineering students deal with dorm drama, date around, and do whatever it takes to make their dreams come true."
s5589,Movie,Jonas,Lô Politi,"['Jesuíta Barbosa', 'Laura Neiva', 'Criolo', 'Ana Cecília Costa', 'João Fábio Cabral', 'Ariclenes Barroso', 'Karol Conká', 'Chay Suede', 'Luciana Souza', 'Chris Couto', 'Roberto Berindelli']",Brazil,"February 26, 2017",2015,TV-MA,97 min,"['drama', 'international']","During Carnival, two teens from different classes meet years after being kept apart. Bad decisions lead the boy to hide with the girl inside a float."
s3158,Movie,Jack Whitehall: Christmas with My Father,Richard van't Riet,"['Jack Whitehall', 'Michael Whitehall', 'Hugh Bonneville', 'Graham Norton', 'Layton Williams', 'Andrew Lloyd Webber', 'Tim Rice', 'Tan France', 'Antoni Porowski', 'Jonathan Van Ness']",United Kingdom,"December 12, 2019",2019,TV-MA,65 min,['comedy'],"Jack Whitehall invites his notoriously stuffy father onstage in London's West End for a Christmas comedy extravaganza, complete with celebrity guests."
s7602,Movie,NOVA: Building Chernobyl's MegaTomb,Martin Gorst,['Eric Meyers'],United States,"July 1, 2019",2017,TV-PG,53 min,['documentary'],"Thirty years after Chernobyl’s nuclear disaster, engineers race against time to complete a new dome to contain the reactor’s lethal radiation."
s5013,Movie,Shubh Aarambh,Amit Barot,"['Harsh Chhaya', 'Prachi Shah', 'Bharat Chawda', 'Deeksha Joshi', 'Aarjav Trivedi', 'Prashant Barot', 'Harsha Bhavsar']",India,"March 1, 2018",2017,TV-PG,127 min,"['drama', 'international', 'romance']","As her own wedding looms on the horizon, a marriage counselor strives to save her future in-laws' crumbling relationship."
s3155,Movie,Seven and a half dates,Biodun Stephen,"['Mercy Johnson', 'Jim Iyke', 'Toyin Abraham', 'Sola Sobowale', 'Akin Lewis', 'Bayray McNwizu', 'Roxy Antak', 'Frank Donga', 'Ken Erics', 'Fathia Balogun']",,"December 13, 2019",2018,TV-14,107 min,"['drama', 'international', 'romance']","Engrossed in her career, a young woman reluctantly yields to her father's plan to set her up on 10 dates to find a suitable husband."
s1149,TV Show,Robocar Poli,,"['Donald Reignoux', 'Alexis Tomassian', 'Thomas Sagols', 'Pierre Francois Pistori', 'Bruno Magne', 'Catherine Desplaces', 'Fily Keita', 'Adeline Chetail', 'Bertrand Liebert', 'Christophe Lemoine']",South Korea,"March 31, 2021",2015,TV-Y,2 Seasons,"['family', 'korean']","When disaster strikes in Brooms Town, police car Robocar Poli, fire truck Robotruck Roy and their friends on the rescue team race to save the day."
s7335,Movie,Long Time Running,"Jennifer Baichwal, Nicholas de Pencier","['Gord Downie', 'Paul Langlois', 'Gord Sinclair', 'Rob Baker', 'Johnny Fay', 'Justin Trudeau']",Canada,"November 12, 2017",2017,TV-14,96 min,"['documentary', 'international', 'music']",This documentary follows the 2016 tour of beloved rock band The Tragically Hip as they make their way across Canada one last time.
s3118,TV Show,The Witcher,,"['Henry Cavill', 'Anya Chalotra', 'Freya Allan', 'Jodhi May', 'MyAnna Buring', 'Joey Batey', 'Eamon Farren', 'Mimi Ndiweni', 'Björn Hlynur Haraldsson', 'Adam Levy', 'Lars Mikkelsen', 'Royce Pierreson', 'Wilson Radjou-Pujalte', 'Anna Shaffer']","United States, Poland","December 20, 2019",2019,TV-MA,1 Season,"['international', 'action', 'adventure', 'drama']","Geralt of Rivia, a mutated monster-hunter for hire, journeys toward his destiny in a turbulent world where people often prove more wicked than beasts."
s1202,TV Show,Abla Fahita: Drama Queen,,"['Bassem Samra', 'Donia Maher', 'Zeina Mansour', 'Osama Abdallah', 'Mohamed El Swisi', 'Rehab Hussien']",Egypt,"March 15, 2021",2021,TV-14,1 Season,"['crime', 'international', 'comedy']","Falsely incriminated, Abla Fahita is separated from her kids, but the self-indulgent diva will stop at nothing to redeem herself and reunite her family."
s3821,Movie,PATRICK (2019),Mandie Fletcher,"['Beattie Edmondson', 'Ed Skrein', 'Tom Bennett', 'Jennifer Saunders']",United Kingdom,"May 16, 2019",2019,TV-PG,94 min,"['family', 'comedy']","When a schoolteacher inherits an adorable pug, she has to find a way to take care of it while dealing with her flatlining love life."
s4653,TV Show,Transformers: Robots in Disguise,,"['Will Friedle', 'Darren Criss', 'Constance Zimmer', 'Khary Payton', 'Mitchell Whitfield', 'Stuart Allan', 'Ted McGinley', 'Peter Cullen']",United States,"September 8, 2018",2016,TV-Y7,1 Season,['family'],"When a prison ship crash unleashes hundreds of Decepticons on Earth, Bumblebee leads a new Autobot force to protect humankind."
s845,Movie,Nail Bomber: Manhunt,Daniel Vernon,,,"May 26, 2021",2021,TV-MA,73 min,"['documentary', 'international']","This documentary examines the 1999 London bombings that targeted Black, Bangladeshi and gay communities, and the race to find the far-right perpetrator."
s3499,Movie,Do Paise Ki Dhoop Chaar Aane Ki Baarish,Deepti Naval,"['Manisha Koirala', 'Rajit Kapoor', 'Sanaj Naval', 'Rajendra Gupta', 'Suhaas Khandke', 'Nassar Abdulla', 'Saurabh Dubey', 'Usha Jadhav', 'Ashwin Kaushal', 'Milind Soman']",India,"September 22, 2019",2009,TV-MA,121 min,"['drama', 'independent', 'international']","When a sex worker hires a gay songwriter to care for her disabled son, the ensuing bonds that form offer a complex portrayal of love and family."
s4382,TV Show,Silvana Sin Lana,,"['Maritza Rodríguez', 'Carlos Ponce', 'Marimar Vega', 'Adriana Barraza', 'Marcela Guirado', 'Ricardo Abarca', 'Thali García', 'Alexandra Pomales', 'Briggitte Bozzo', 'Santiago Torres', 'Patricio Gallardo', 'Roberto Escobar', 'Samantha Dagnino', 'Raury Rolander', 'Vince Miranda', 'Javier Valcárcel']",United States,"November 17, 2018",2016,TV-14,1 Season,"['romance', 'spanish', 'language', 'comedy']","When her fugitive husband leaves her homeless and penniless, a once-wealthy woman has no other choice but to join the working class."
s3691,TV Show,Designated Survivor: 60 Days,,"['Ji Jin-hee', 'Lee Jun-hyuk', 'Heo Jun-ho', 'Kang Han-na', 'Bae Jong-ok', 'Kim Gyu-ri', 'Son Suk-ku', 'Choi Yoon-young', 'Lee Moo-saeng']",South Korea,"July 2, 2019",2019,TV-14,1 Season,"['international', 'korean', 'drama']","When the National Assembly suffers a catastrophic attack, Minister of Environment Park Mu-jin must find a way to lead Korea through the ensuing chaos."
s584,Movie,No Strings Attached,Ivan Reitman,"['Natalie Portman', 'Ashton Kutcher', 'Kevin Kline', 'Cary Elwes', 'Greta Gerwig', 'Lake Bell', 'Olivia Thirlby', 'Ludacris', 'Jake Johnson', 'Mindy Kaling', 'Talia Balsam']","United States, United Kingdom","July 1, 2021",2011,R,109 min,"['comedy', 'romance']","""Friends with benefits"" Emma and Adam are fine with their open relationship ... until those pesky little things called feelings enter the picture."
s4218,Movie,Monty Python and the Holy Grail,"Terry Gilliam, Terry Jones","['Graham Chapman', 'John Cleese', 'Eric Idle', 'Terry Gilliam', 'Terry Jones', 'Michael Palin', 'Connie Booth', 'Carol Cleveland', 'Neil Innes']",United Kingdom,"January 2, 2019",1975,PG,92 min,"['action', 'adventure', 'classic', 'comedy']",The Monty Python comedy clan skewers King Arthur and his Knights of the Round Table as they quest far and wide for the Holy Grail.
s5935,Movie,Mitt,Greg Whiteley,['Mitt Romney'],United States,"January 24, 2014",2014,TV-PG,93 min,['documentary'],The real Mitt Romney is revealed in this documentary that goes beyond the sound bites with unprecedented access to his 2012 presidential campaign.
s6572,TV Show,Day and Night,,"['Pan Yueming', 'Wang Longzheng', 'Liang Yuen', 'Lü Xiaolin', 'Yin Shuyi', 'Hou Xuelong', 'Song Naigang']",China,"March 23, 2018",2017,TV-MA,1 Season,"['crime', 'international', 'drama']",A detective assists with an investigation into a brutal mass murder case in which his twin brother is the prime suspect.
s8034,Movie,Sky on Fire,Ringo Lam,"['Daniel Wu', 'Joseph Chang', 'Amber Kuo', 'Zhang Jingchu', 'Ruoyun Zhang']","China, Hong Kong","August 5, 2017",2016,TV-MA,100 min,"['action', 'adventure', 'international']",The security chief at a top-level medical facility must fight to ensure that revolutionary cancer research doesn't fall into the wrong hands.
s7846,Movie,Red Oleanders Raktokarobi,Amitava Bhattacharya,"['Shantilal Mukherjee', 'Mumtaz Sorcar', 'Rahul', 'Koushik Sen', 'Rajesh Sharma', 'Debdut Ghosh', 'Anindya Banerjee', 'Amitabha Bhattacharjee', 'Usashi Chakraborty', 'Dipankar Dey']",India,"September 15, 2018",2017,TV-14,112 min,"['drama', 'international']","When a theater group stages a production of a Rabindranath Tagore play, they begin to notice parallels between the story and their own lives."
s4494,Movie,Illang: The Wolf Brigade,Kim Jee-woon,"['Gang Dong-won', 'Han Hyo-joo', 'Jung Woo-sung', 'Kim Mu-yeol', 'Han Ye-ri', 'Choi Min-ho', 'Shin Eun-soo', 'Kim Beop-rae', 'Lee Dong-ha', 'Jung Won-joong', 'Choi Jin-ho']",South Korea,"October 19, 2018",2018,TV-MA,140 min,"['action', 'adventure', 'international', 'sci-fi', 'fantasy']","In 2029, the elite police squad Illang combats a terrorist group opposing reunification of the two Koreas. But another enemy may be lurking nearby."
s7152,Movie,Jupiter Ascending,"Lana Wachowski, Lilly Wachowski","['Mila Kunis', 'Channing Tatum', 'Sean Bean', 'Eddie Redmayne', 'Douglas Booth', 'Tuppence Middleton', 'Nikki Amuka-Bird', 'Christina Cole', ""James D'Arcy"", 'Gugu Mbatha-Raw']","United States, Australia","August 1, 2019",2015,PG-13,128 min,"['action', 'adventure', 'sci-fi', 'fantasy']",A young impoverished woman learns she's been predestined to change the fate of the universe after a genetically engineered hunter tracks her down.
s1454,Movie,Good Burger,Brian Robbins,"['Kenan Thompson', 'Kel Mitchell', 'Abe Vigoda', 'Dan Schneider', 'Shar Jackson', 'Jan Schweiterman', 'Linda Cardellini', 'Sinbad', 'Ron Lester', 'Josh Server', 'Ginny Schreiber']",United States,"January 1, 2021",1997,PG,96 min,"['family', 'comedy']","Working at a neighborhood fast-food joint, two teens try to save the restaurant when a giant burger franchise fires up the competition."
s4535,Movie,Super Monsters Save Halloween,,"['Elyse Maloway', 'Vincent Tong', 'Erin Matthews', 'Andrea Libman', 'Alessandro Juliani', 'Nicole Anthony', 'Diana Kaarina', 'Ian James Corlett', 'Britt McKillip', 'Kathleen Barr']",,"October 5, 2018",2018,TV-Y,25 min,['family'],"The Super Monsters use their powers to get their neighbors in the Halloween spirit, then help a nervous friend see there's nothing to be afraid of."
s331,Movie,Cloudy with a Chance of Meatballs,"Phil Lord, Christopher Miller","['Bill Hader', 'Anna Faris', 'James Caan', 'Andy Samberg', 'Bruce Campbell', 'Mr. T', ""Bobb'e J. Thompson"", 'Benjamin Bratt', 'Neil Patrick Harris', 'Al Roker']","United States, Canada","August 1, 2021",2009,PG,90 min,"['family', 'comedy', 'sci-fi', 'fantasy']","When inventor Flint Lockwood makes clouds rain food, the citizens of Chewandswallow can feed themselves. But a bowl of disaster is about to overflow."
s429,Movie,Words Bubble Up Like Soda Pop,Kyohei Ishiguro,"['Somegoro Ichikawa', 'Hana Sugisaki', 'Megumi Han', 'Natsuki Hanae', 'Yuuichirou Umehara', 'Megumi Nakajima', 'Sumire Morohoshi', 'Hiroshi Kamiya', 'Maaya Sakamoto', 'Koichi Yamadera', 'Kikuko Inoue']",,"July 22, 2021",2021,TV-G,87 min,"['anime', 'family', 'international']","After meeting one bright, sunny day, a shy boy who expresses himself through haiku and a bubbly but self-conscious girl share a brief, magical summer."
s4097,Movie,Studio 54,Matt Tyrnauer,,United States,"February 16, 2019",2018,TV-MA,99 min,['documentary'],This documentary follows the rapid rise and fall of the Manhattan discotheque and the glittery debauchery that attracted the city's eccentric and elite.
s6066,Movie,A Wrinkle in Time,Ava DuVernay,"['Storm Reid', 'Oprah Winfrey', 'Reese Witherspoon', 'Mindy Kaling', 'Deric McCabe', 'Levi Miller', 'Chris Pine', 'Gugu Mbatha-Raw', 'Zach Galifianakis', 'Michael Peña', 'Bellamy Young', 'André Holland', 'Will McCormack', 'Rowan Blanchard', 'Daniel MacPherson']",United States,"September 25, 2018",2018,PG,110 min,['family'],"Years after their father disappears, Meg and her younger brother Charles Wallace cross galaxies on a quest to save him from the heart of darkness."
s1176,Movie,Philomena,Stephen Frears,"['Judi Dench', 'Steve Coogan', 'Sophie Kennedy Clark', 'Mare Winningham', 'Barbara Jefford', 'Ruth McCabe', 'Peter Hermann', 'Sean Mahon', 'Anna Maxwell Martin', 'Michelle Fairley', 'Kate Fleetwood']","United Kingdom, United States, France","March 22, 2021",2013,PG-13,98 min,"['drama', 'independent', 'international']",A kind-hearted Irishwoman teams with an acerbic journalist to find the son she was forced to give up for adoption 50 years ago.
s2969,Movie,The Car: Road to Revenge,G.J. Echternkamp,"['Grant Bowler', 'Kathleen Munroe', 'Martin Hancock', 'Micah Balfour', 'Burt Grinstead', 'Nina Bergman', 'Jamie Bamber', 'Ronny Cox']",United States,"February 1, 2020",2019,TV-MA,89 min,"['action', 'adventure', 'horror', 'sci-fi', 'fantasy']","Trying to uphold justice in a lawless future, a D.A. is slain by cyberpunks but a supernatural twist sends his car on a bloody quest for revenge."
s833,TV Show,Word of Honor,Gary Sing,"['Zhang Zhehan', 'Gong Jun', 'Zhou Ye', 'Asher Ma', 'Sun Xilun', 'Chen Zihan', 'Rolling Wang', 'Zhang Yonggang', 'Li Daikun', 'Huang Youming', 'Damon Guo']",,"May 28, 2021",2021,TV-14,1 Season,"['international', 'action', 'adventure', 'drama']","A disillusioned royal magistrate sets out for the martial arts world, where he encounters a bosom friend and becomes entangled in a conspiracy."
s1953,TV Show,Mighty Little Bheem,,,,"September 25, 2020",2020,TV-Y,3 Seasons,"['family', 'comedy']",An innocent toddler’s boundless curiosity – and extraordinary might – lead to mischief and adventure in his small Indian town.
s4472,Movie,Been So Long,Tinge Krishnan,"['Michaela Coel', 'Arinzé Kene', 'George MacKay', 'Ashley Thomas', 'Joe Dempsie', 'Ronke Adekoluejo', 'Luke Norris', 'Mya Lewis']",,"October 26, 2018",2018,TV-MA,100 min,"['drama', 'international', 'music']",A single mother in London's Camden Town hears music when she meets a handsome stranger with a past. But she's not sure she's ready to open her heart.
s1920,Movie,The American Game,Mostafa Abu Seif,"['Nahed El Sebaï', 'Ahmed Fahmi', 'Shaima Saif', 'Bayoumi Fouad', 'Entsar']",,"October 1, 2020",2019,TV-PG,91 min,"['comedy', 'international', 'romance']",A financially struggling young couple's relationship is tested when the CEO of the company they work for tempts them with a nearly irresistible offer.
s2942,TV Show,Locke & Key,,"['Darby Stanchfield', 'Connor Jessup', 'Emilia Jones', 'Jackson Robert Scott', 'Petrice Jones', 'Laysla De Oliveira', 'Griffin Gluck', 'Sherri Saum', 'Aaron Ashmore', 'Bill Heck', 'Genevieve Kang', 'Kevin Alves', 'Thomas Mitchell Barnet', 'Eric Graise', 'Felix Mallard', 'Martin Roach', 'Steven Williams', 'Coby Bird']","Canada, United States","February 7, 2020",2020,TV-14,1 Season,"['action', 'adventure', 'drama', 'mystery']","After their dad's murder, three siblings move with their mom to his ancestral estate, where they discover magical keys that unlock powers — and secrets."
s1299,TV Show,Sisyphus,,"['Cho Seung-woo', 'Park Shin-hye', 'Sung Dong-il', 'Tae In-ho', 'Chae Jong-hyeop', 'Jeong He-in', 'Kim Jong-tae', 'Choi Jung-woo', 'Go Yoon', 'Heo Joon-seok', 'Jeon Kook-hwan', 'Tae Won-seok']",South Korea,"February 18, 2021",2021,TV-14,1 Season,"['international', 'action', 'adventure', 'drama']",An unfathomable incident introduces a genius engineer to dangerous secrets of the world — and to a woman from the future who's come looking for him.
s2523,TV Show,Inhuman Resources,Ziad Doueiri,"['Eric Cantona', 'Suzanne Clément', 'Alex Lutz', 'Gustave Kervern', 'Alice de Lencquesaing', 'Louise Coldefy', 'Nicolas Martinez', 'Adama Niane']",France,"May 15, 2020",2020,TV-MA,1 Season,"['crime', 'international', 'drama']","Alain Delambre, unemployed and 57, is lured by an attractive job opening. But things get ugly when he realizes he’s a pawn in a cruel corporate game."
s8730,Movie,Where the Money Is,Marek Kanievska,"['Paul Newman', 'Linda Fiorentino', 'Dermot Mulroney', 'Susan Barnes', 'Anne Pitoniak', 'Bruce MacVittie', 'Irma St. Paule', 'Michel Perron', 'Dorothy Gordon', 'Rita Tuckett']","Germany, United States, United Kingdom, Canada","January 15, 2020",2000,PG-13,89 min,"['action', 'adventure', 'comedy', 'drama']","Paul Newman proves he's still got prodigious acting chops, playing an aging bank robber who may have one last job in him. Faking a stroke, the incarcerated Newman is transferred to a nursing home and the care of a skeptical nurse."
s8516,Movie,The Spy Next Door,Brian Levant,"['Jackie Chan', 'Amber Valletta', 'George Lopez', 'Billy Ray Cyrus', 'Magnús Scheving', 'Madeline Carroll', 'Will Shadley', 'Alina Foley', 'Katherine Boecher', 'Mia Stallard', 'Lucas Till']",United States,"November 1, 2020",2010,PG,94 min,"['action', 'adventure', 'family', 'comedy']","While babysitting, an undercover agent is thrust back into the world of top-secret adventure when one his young charges downloads a classified file."
s6007,Movie,28 Days,Betty Thomas,"['Sandra Bullock', 'Viggo Mortensen', 'Dominic West', 'Diane Ladd', 'Elizabeth Perkins', 'Steve Buscemi', 'Alan Tudyk', ""Mike O'Malley"", 'Azura Skye', 'Reni Santoni', 'Marianne Jean-Baptiste']",United States,"September 30, 2020",2000,PG-13,104 min,"['comedy', 'drama']","After her drunken antics result in property damage, an alcoholic journalist enters rehab – and soon meets a fellow resident who changes her outlook."
s2381,Movie,Riding Faith,Paco Aguilar,"['John Schneider', 'T.C. Stallings', 'Grace Van Dien', 'Marisa Brown', 'Jimmy Deshler']",United States,"June 17, 2020",2020,TV-PG,81 min,"['family', 'drama', 'faith']","Following her father's death, a young woman struggles to help her mother keep the family ranch afloat while preserving a special bond with her horse."
s7193,Movie,Kickboxer: Vengeance,John Stockwell,"['Alain Moussi', 'Jean-Claude Van Damme', 'Dave Bautista', 'Gina Carano', 'Georges St-Pierre', 'Sara Malakul Lane', 'Matthew Ziff', 'T.J. Storm', 'Fabricio Werdum', 'Cain Velasquez']",United States,"December 8, 2016",2016,TV-MA,90 min,"['action', 'adventure']","After a skilled fighter falls in the ring, his younger brother emerges from the shadows to train and get revenge against a brutal champion."
s8068,Movie,Spider-Man 3,Sam Raimi,"['Tobey Maguire', 'Kirsten Dunst', 'James Franco', 'Thomas Haden Church', 'Topher Grace', 'Bryce Dallas Howard', 'Rosemary Harris', 'J.K. Simmons', 'James Cromwell', 'Theresa Russell', 'Dylan Baker', 'Bill Nunn', 'Bruce Campbell', 'Elizabeth Banks']",United States,"November 1, 2019",2007,PG-13,139 min,"['action', 'adventure', 'sci-fi', 'fantasy']",The seemingly invincible Spider-Man goes up against an all-new crop of villains in the third installment of the blockbuster adventure series.
s7097,Movie,Iron Cowboy: The Story of the 50.50.50,Jacob Schwab,['James Lawrence'],United States,"July 19, 2019",2018,TV-14,77 min,"['documentary', 'sport']","A record-setting triathlete dares to complete 50 Ironman races – a 2.4-mile swim, a 112-mile bike ride, and a 26.2-mile run – in 50 days in 50 states."
s8498,Movie,The Sapphires,Wayne Blair,"[""Chris O'Dowd"", 'Deborah Mailman', 'Jessica Mauboy', 'Shari Sebbens', 'Miranda Tapsell', 'Tory Kittles', 'Eka Darville', 'Tammy Anderson', 'Lynette Narkle', 'Kylie Belling']",Australia,"April 26, 2019",2012,PG-13,99 min,"['comedy', 'drama', 'independent']","Sisters Gail, Cynthia and Julie have talent, but their career takes off when promoter Dave convinces them to tour for U.S. troops in Vietnam."
s8132,Movie,Surat Dari Praha,Angga Dwimas Sasongko,"['Tio Pakusadewo', 'Julie Estelle', 'Widyawati', 'Rio Dewanto', 'Chicco Jerikho', 'Jajang C. Noer', 'Shafira Umm']",Indonesia,"October 9, 2018",2016,TV-14,98 min,"['drama', 'international', 'romance']","Hoping to fulfill her deceased mother's final wish, a young woman travels to Prague to deliver an old letter to a mysterious man."
s7256,TV Show,La Femme,,"['Zoe Tay', 'Ann Kok', 'Tiffany Leong', 'Tay Ping Hui', 'Yao Wenlong', 'Shaun Chen', 'Paige Chua', 'Nat Ho', 'Desmond Sim']",,"October 16, 2017",2016,TV-14,1 Season,"['international', 'drama']","Personal desires guide the lives of a marriage-averse entrepreneur, a housewife coping with infidelity and a career woman who leaves her spouse."
s855,Movie,Creating an Army of the Dead,,,,"May 21, 2021",2021,TV-MA,29 min,['documentary'],"Zack Snyder and his ""Army of the Dead"" team dive into the film's wild stunts, groundbreaking effects and the evolution of the zombie genre."
s3259,TV Show,Candy Online,,"['Ruby Zhan', 'Suun Lin', 'Sunnie Wang', 'Dean Tang', 'Lain Lu', 'Cheng Ko', 'Jacqueline Zhu', 'Chen Wen-shan', 'Ada Pan']",Taiwan,"November 17, 2019",2019,TV-MA,1 Season,"['international', 'drama', 'teen']","When a wardrobe malfunction goes viral, a bubbly live streamer struggles to navigate her classmates' cruel judgment and the small town she lives in."
s130,Movie,An Unfinished Life,Lasse Hallström,"['Robert Redford', 'Jennifer Lopez', 'Morgan Freeman', 'Josh Lucas', 'Damian Lewis', 'Camryn Manheim', 'Becca Gardner', 'Lynda Boyd', 'Rob Hayter', 'P. Lynn Johnson']","Germany, United States","September 1, 2021",2005,PG-13,108 min,['drama'],"A grieving widow and her daughter move in with her estranged father-in-law in Wyoming, where time allows them to heal and forgive."
s2459,Movie,Kenny Sebastian: The Most Interesting Person in the Room,Angshuman Ghosh,['Kenny Sebastian'],India,"May 29, 2020",2020,TV-MA,68 min,['comedy'],"Fusing his musical and stand-up chops, Kenny Sebastian gets analytical about frumpy footwear, flightless birds and his fear of not being funny enough."
s7940,Movie,Sarvopari Palakkaran,Venugopan,"['Anoop Menon', 'Alencier Ley Lopez', 'Balu Varghese', 'Aparna Balamurali', 'Anu Sithara', 'Gayathri Arun', 'Nandu', 'Chali Pala']",India,"July 1, 2018",2017,TV-14,133 min,"['drama', 'international']","In the course of a human trafficking investigation, a conservative cop crosses paths with an artist-activist in a clash of worldviews."
s5910,Movie,The Perfect Dictatorship,Luis Estrada,"['Damián Alcázar', 'Alfonso Herrera', 'Joaquín Cosio', 'Osvaldo Benavides', 'Silvia Navarro', 'Flavio Medina', 'Saúl Lisazo', 'Tony Dalton']",Mexico,"June 1, 2015",2014,TV-MA,143 min,"['comedy', 'drama', 'international']","After accepting a colossal bribe, a powerful TV conglomerate gins up fake news stories to enhance the image of a notoriously corrupt politician."
s8336,Movie,The Green Hornet,Michel Gondry,"['Seth Rogen', 'Jay Chou', 'Cameron Diaz', 'Tom Wilkinson', 'Christoph Waltz', 'David Harbour', 'Edward James Olmos', 'Jamie Harris', 'Chad L. Coleman', 'Edward Furlong']",United States,"April 18, 2020",2011,PG-13,119 min,"['action', 'adventure', 'comedy']","A hard-partying heir dons a disguise to fight crime after hours. But with no talents or skills, he relies on his friend, a martial-arts genius."
s2019,Movie,Bhai: Vyakti Ki Valli - Uttarardh,Mahesh Manjrekar,"['Sagar Deshmukh', 'Iravati Harshe', 'Vijay Kenkre', 'Shubhangi Damle', 'Ashwini Giri', 'Nina Kulkarni', 'Dalip Tahil', 'Girish Kulkarni']",India,"September 10, 2020",2019,TV-PG,112 min,"['drama', 'international']","The second installment of P.L. Deshpande’s biopic explores the Marathi humorist’s political journey, philanthropic endeavors and personal life."
s5616,Movie,Imperial Dreams,Malik Vitthal,"['John Boyega', 'Rotimi', 'Glenn Plummer', ""De'Aundre Bonds"", 'Keke Palmer', 'Nora Zehetner', 'Todd Louiso']",United States,"February 3, 2017",2014,TV-MA,86 min,['drama'],"A young father returns home from jail eager to care for his son and become a writer, but crime, poverty and a flawed system threaten his plans."
s1007,Movie,Motu Patlu Dino Invasion,Suhas Kadav,"['Sourav Chakraborty', 'Mayur Vyas', 'Anil Datt']",,"April 20, 2021",2018,TV-Y7,80 min,"['family', 'comedy']","A time machine sends Motu and Patlu back to the dinosaur period, but the real trouble starts when the reptiles travel back to the present day with them!"
s2952,Movie,"Faith, Hope & Love",Robert Krantz,"['Robert Krantz', 'Peta Murgatroyd', 'Corbin Bernsen', 'Michael Richards', 'Nancy Stafford']",United States,"February 4, 2020",2019,PG,106 min,"['comedy', 'faith', 'romance']","After shattering losses, a recent divorcée and a heartbroken widower restore their lives when they partner for a dance competition to save her studio."
s2125,TV Show,Rita,,"['Mille Dinesen', 'Carsten Bjørnlund', 'Lise Baastrup', 'Nikolaj Groth', 'Ellen Hillingsø', 'Morten Vang Simonsen', 'Lykke Sand Michelsen', 'Carsten Norgaard', 'Sara Hjort Ditlevsen', 'Alexandre Willaume']",Denmark,"August 15, 2020",2020,TV-MA,5 Seasons,"['international', 'comedy', 'drama']","Independent, outspoken and adored by her students, schoolteacher Rita fares less well with adults in this comedy-drama from Denmark."
s8590,Movie,Tik Tok,Li Jun,"['Wallace Chung', 'Jung-jae Lee', 'Lang Yueting', 'Chae-yeong Lee']",China,"July 1, 2017",2016,TV-14,108 min,"['drama', 'international', 'thriller']",A police officer and a psychologist learn of a sinister threat at a highly anticipated soccer match and team up in hopes of preventing disaster.
s3846,TV Show,Cinta 100KG,,"['Sherry Alhadad', 'Sharifah Amani', 'Fezrul Khan', 'Ungku Hariz', 'Ruzana Ibrahim', 'Zain Saidan', 'Cristina Suzanne', 'Safia Hanifah']",,"May 8, 2019",2016,TV-14,1 Season,"['international', 'romance', 'drama']","Two female friends, each with confidence issues, help each other search for true love and deal with their romantic rivals."
s2283,Movie,One by Two,Devika Bhagat,"['Abhay Deol', 'Preeti Desai', 'Lillete Dubey', 'Rati Agnihotri', 'Jayant Kripalani', 'Darshan Jariwala', 'Anish Trivedi', 'Geetika Tyagi', 'Preetika Chawla', 'Tahir Raj Bhasin']",India,"July 5, 2020",2014,TV-14,135 min,"['comedy', 'drama', 'international']",The lives of a Mumbai man and woman who are both dealing with issues intersect through a TV dance show that she wants to win but he wants to sabotage.
s1142,Movie,Wazir,Bejoy Nambiar,"['Amitabh Bachchan', 'Farhan Akhtar', 'Aditi Rao Hydari', 'Manav Kaul', 'Neil Nitin Mukesh', 'John Abraham']",India,"April 1, 2021",2016,TV-14,98 min,"['drama', 'international', 'thriller']","Helping an amputee grandmaster settle the score for his tragic past, a grieving detective unravels a conspiracy more complicated than he imagined."
s889,Movie,The Upshaws - The Afterparty,,"['David Spade', 'London Hughes', 'Fortune Feimster', 'Wanda Sykes', 'Mike Epps', 'Kim Fields']",,"May 14, 2021",2021,TV-14,32 min,['comedy'],"The comedic dream team from ""The Upshaws"" discuss the hit series, share some anecdotes from their own upbringings and play a little swag-centric game."
s8462,Movie,The Polar Express,Robert Zemeckis,"['Tom Hanks', 'Leslie Zemeckis', 'Eddie Deezen', 'Nona Gaye', 'Peter Scolari', 'Brendan King', 'Andy Pellick', 'Michael Jeter', 'Chris Coppola', 'Julene Renee']",United States,"January 1, 2021",2004,G,100 min,['family'],"In this warm-hearted tale, a young boy's faith in the holiday spirit is revived after he makes his way by train to the North Pole on Christmas Eve."
s4747,Movie,Kath & Kimderella,Ted Emery,"['Jane Turner', 'Gina Riley', 'Magda Szubanski', 'Glenn Robbins', 'Peter Rowsthorn', 'Rob Sitch', 'Richard E. Grant', 'Barry Humphries', 'Erin Mullally', 'Jessica De Gouw']",Australia,"July 28, 2018",2012,TV-14,86 min,['comedy'],"Chipper baby boomer Kath, diva daughter Kim and hapless pal Sharon visit Papilloma, Italy, where a royal romance and knockoff fashions await."
s3252,Movie,Dorasaani,KVR Mahendra,"['Anand Deverakonda', 'Shivatmika Rajasekhar', 'Kannada Kishore']",India,"November 20, 2019",2019,TV-14,134 min,"['drama', 'international', 'romance']",A village landlord's daughter and an educated commoner must decide if their budding forbidden love is worth resisting a repressive social hierarchy.
s1372,TV Show,We Are: The Brooklyn Saints,,,United States,"January 29, 2021",2021,TV-14,1 Season,['documentary'],A Brooklyn youth football program and its selfless coaches provide a safe haven for kids to compete and learn lessons that will take them far in life.
s2534,Movie,Fan of Amoory,Salmeen AlMurry Amer,"['AlMulla AbdulRahman', 'Mansour Al Felei', 'Abdullah Bin Heider', 'Alhamadi Hamad', 'Alzaabi Matar', 'AlBloushi Mayed', 'Althogali Saif', 'Alaa Shakir']",United Arab Emirates,"May 14, 2020",2018,TV-G,109 min,"['family', 'drama', 'international']","Inspired by his idol Omar Abdulrahman, a young boy navigates obstacles as he chases his dream of becoming a professional soccer player."
s2629,TV Show,The Last Kingdom,,"['Alexander Dreymon', 'Emily Cox', 'David Dawson', 'Ian Hart', 'Rune Temte', 'Matthew Macfadyen', 'Rutger Hauer', 'Tobias Santelmann', 'Peter Gantzler', 'Adrian Bower', 'Joseph Millson', 'Henning Valin Jakobsen', 'Alexandre Willaume', 'Thomas W. Gabrielsson']",United Kingdom,"April 26, 2020",2020,TV-MA,4 Seasons,"['british', 'international', 'action', 'adventure']","As Alfred the Great defends his kingdom from Norse invaders, Uhtred – born a Saxon but raised by Vikings – seeks to claim his ancestral birthright."
s1671,TV Show,Mismatched,,"['Prajakta Koli', 'Rohit Saraf', 'Vihaan Samat', 'Taaruk Raina', 'Vidya Malavade', 'Kritika Bharadwaj', 'Rannvijay Singh', 'Muskkaan Jaferi', 'Devyani Shorey', 'Suhasini Mulay', 'Abhinav Sharma', 'Ravin Makhija']",India,"November 20, 2020",2020,TV-MA,1 Season,"['international', 'romance', 'comedy']","After a disastrous set-up by their families, two teens strike up a tentative friendship at their summer program — but deeper feelings aren’t far behind."
s6236,Movie,Barbie in A Mermaid Tale,Adam Wood,"['Kelly Sheridan', 'Kathleen Barr', 'Tabitha St. Germain', 'Peter Mel', 'Nakia Burrise', 'Maryke Hendrikse', 'Emma Pierson', 'Ciara Janson', 'Garry Chalk', 'Nicole Oliver']",United States,"October 1, 2017",2010,TV-Y,74 min,['family'],"Surf champ Merliah discovers she's actually a mermaid in a girl's body. With the help of a dolphin, Merliah must rescue her mom, the Queen of Oceana."
s2143,Movie,Mr. Peabody & Sherman,Rob Minkoff,"['Ty Burrell', 'Max Charles', 'Ariel Winter', 'Stephen Colbert', 'Leslie Mann', 'Stanley Tucci', 'Allison Janney', 'Mel Brooks', 'Patrick Warburton', 'Stephen Tobolowsky', 'Lake Bell']",United States,"August 11, 2020",2014,PG,93 min,"['family', 'comedy', 'sci-fi', 'fantasy']","Resurrected from the 1960s animated series ""Rocky and Bullwinkle,"" canine genius Mr. Peabody and young Sherman take a dizzying ride through time."
s3527,TV Show,The I-Land,,"['Natalie Martinez', 'Kate Bosworth', 'Ronald Peet', 'Kyle Schmid', 'Alex Pettyfer', 'Sibylla Deen', 'Gilles Geary', 'Anthony Lee Medina', 'Kota Eberhardt', 'Michelle Veintimilla', 'Bruce McGill']",United States,"September 12, 2019",2019,TV-MA,1 Season,"['action', 'adventure', 'drama', 'sci-fi', 'fantasy']","Wiped clean of memories and thrown together, a group of strangers fight to survive harsh realities – and the island that traps them."
s4968,TV Show,Trump: An American Dream,,['Donald Trump'],United Kingdom,"March 30, 2018",2018,TV-14,1 Season,['documentary'],"Friends, associates and critics reveal the truly American story of Donald Trump, the brash businessman who defied the odds to become U.S. president."
s5739,Movie,Into the Inferno,Werner Herzog,['Werner Herzog'],"United Kingdom, Germany, Canada","October 28, 2016",2016,TV-PG,107 min,['documentary'],"With stunning views of eruptions and lava flows, Werner Herzog captures the raw power of volcanoes and their ties to indigenous spiritual practices."
s2157,TV Show,Tiny Creatures,,['Mike Colter'],United States,"August 7, 2020",2020,TV-PG,1 Season,"['documentary', 'science', 'nature', 'action', 'adventure']",Little animals embark on big adventures across the U.S. in a dramatic nature series that explores their hidden worlds and epic survival stories.
s469,Movie,The Guide to the Perfect Family,Ricardo Trogi,"['Louis Morissette', 'Émilie Bierre', 'Catherine Chabot', 'Xavier Lebel', 'Isabelle Guérard', 'Gilles Renaud', 'Alexandre Goyette', 'Jean-Carl Boucher', 'Louise Portal']",,"July 14, 2021",2021,TV-MA,102 min,"['comedy', 'drama', 'international']","A couple in Québec deals with the pitfalls, pressure and high expectations of raising kids in a society obsessed with success and social media image."
s2087,TV Show,Masaba Masaba,,"['Masaba Gupta', 'Neena Gupta', 'Neil Bhoopalam', 'Rytasha Rathore', 'Smaran Sahu', 'Nayan Shukla', 'Pooja Bedi', 'Satyadeep Misra']",India,"August 28, 2020",2020,TV-MA,1 Season,"['international', 'comedy', 'drama']","Real life mom-daughter duo Neena and Masaba Gupta play versions of themselves in this playful, fictional peek into their lives in fashion and film."
s4198,Movie,Baazaar,Gauravv K Chawla,"['Saif Ali Khan', 'Chitrangada Singh', 'Radhika Apte', 'Rohan Vinod Mehra', 'Manish Chaudhary', 'Denzil Smith', 'Pawan Chopra', 'Deepak Gheewala', 'Utkarsh Mazumdar', 'Danish Hussain']",India,"January 13, 2019",2018,TV-MA,136 min,"['drama', 'international']","A wide-eyed graduate learns the ugly side of ambition when he joins in the dubious business practices of his idol, a ruthless Mumbai stock tycoon."
s6861,Movie,God of War,Gordon Chan,"['Vincent Zhao', 'Sammo Kam-Bo Hung', 'Regina Wan', 'Yasuaki Kurata', 'Keisuke Koide', 'Timmy Hung', 'Michael Tong']","China, Hong Kong","December 16, 2017",2017,NR,129 min,"['action', 'adventure', 'international']",A maverick leader and a clever young general take on Japanese pirates amid bureaucratic intrigue in Ming Dynasty China.
s1232,TV Show,City of Ghosts,,"['August Nuñez', 'Blue Chapman', ""Kirikou S'hai Muldrow"", 'Michael Ren', 'Angel Chipagua', 'Honor Calderon']",United States,"March 5, 2021",2021,TV-Y7,1 Season,['family'],"Meet the Ghost Club! Their adventures take them all around Los Angeles as they interview ghosts, solve problems and learn about their city's history."
s1064,TV Show,Living with Yourself,,"['Paul Rudd', 'Aisling Bea', 'Desmin Borges', 'Zoë Chao', 'Karen Pittman']",United States,"April 14, 2021",2019,TV-MA,1 Season,"['comedy', 'drama']","Burned out on life, Miles undergoes a strange procedure at a strip mall spa – and wakes to find he's been replaced by a better version of himself."
s6444,Movie,Change in the Air,Dianne Dreyer,"['Mary Beth Hurt', 'Rachel Brosnahan', 'Aidan Quinn', 'Olympia Dukakis', 'M. Emmet Walsh', 'Peter Gerety', 'Macy Gray', 'Satya Bhabha']",United States,"March 1, 2020",2018,PG,95 min,['drama'],"When a secretive woman breezes into a quiet town, her subdued neighbors get swept up in curiosity over her ethereal presence."
s4259,Movie,The Birth Reborn 3,Eduardo Chauvet,,,"December 28, 2018",2018,TV-14,73 min,"['documentary', 'international']","This intimate look at a São Paulo birth center features interviews with mothers, activists, doctors and midwives. Third in a series of films."
s285,Movie,The Kissing Booth 3,Vince Marcello,"['Joey King', 'Joel Courtney', 'Jacob Elordi', 'Molly Ringwald', 'Taylor Zakhar Perez', 'Maisie Richardson-Sellers', 'Meganne Young', 'Stephen Jennings']","United Kingdom, United States","August 11, 2021",2021,TV-14,114 min,"['comedy', 'romance']","Determined to make the most of her final summer before college, Elle plans the ultimate bucket list as she navigates what comes next with Noah and Lee."
s3659,Movie,Mauli,Aditya Sarpotdar,"['Riteish Deshmukh', 'Saiyami Kher', 'Jitendra Joshi', 'Siddarth Jadhav', 'Shrikant Yadav', 'Vijay Nikam', 'Umesh Jagtap', 'Usha Naik', 'Girija Oak', ""Genelia D'Souza""]",India,"July 17, 2019",2018,TV-14,136 min,"['action', 'adventure', 'drama', 'international']",An unconventional police officer faces off against a gang of thugs as he tries to bring order to the far-flung village he’s been stationed in.
s5826,TV Show,La Esclava Blanca,,"['Nerea Camacho', 'Orián Suárez', 'Miguel de Miguel', 'Modesto Lacen', 'Norma Martínez', 'Ricardo Vesga', 'Viña Machado', 'Andrés Suárez', 'Natasha Klauss', 'Miroslava Morales']",Colombia,"August 1, 2016",2016,TV-MA,1 Season,"['international', 'spanish', 'language', 'drama']","In Colombia in 1821, a white orphan is taken in by black slaves. Years after being torn from them, she returns to find her family and childhood love."
s3783,TV Show,A Thousand Goodnights,,"['Cindy Lien', 'Nicholas Teo', 'Yao Ai-ning', 'Li Chung-lin', 'Chen Bor-jeng', 'Miao Ke-li']",Taiwan,"June 1, 2019",2019,TV-14,1 Season,"['international', 'drama']","To carry out her dad's wish and discover her roots, Dai Tian-qing embarks on a journey around Taiwan and finds love and redemption on the way."
s5190,Movie,Pettersson and Findus 2,Ali Samadi Ahadi,"['Stefan Kurt', 'Marianne Sägebrecht', 'Max Herbrechter']",Germany,"November 1, 2017",2016,TV-G,82 min,"['family', 'comedy']","Christmas is just around the corner, but Pettersson and Findus are worried the snowy weather (and lack of a tree) may keep them from celebrating."
s7781,Movie,Power Rangers Super Samurai: Stuck on Christmas,,"['Alex Heartman', 'Najee De-Tiege', 'Hector David Jr.', 'Erika Fong', 'Brittany Anne Pirtle', 'Steven Skyler', 'Paul Schrier', 'Felix Ryan', 'Jeff Szusterman', 'Stig Alred', 'Kate Elliot']",United States,"January 1, 2016",2012,TV-Y7,24 min,"['family', 'sci-fi', 'fantasy']",The Samurai Rangers get stuck in the Megazord's cockpit on Christmas Eve when it breaks down. Can the Rangers get out in time for Christmas?
s923,Movie,The Clovehitch Killer,Duncan Skiles,"['Dylan McDermott', 'Charlie Plummer', 'Samantha Mathis', 'Madisen Beaty', 'Brenna Sherman', 'Lance Chantiles-Wertz', 'Emma Jones', 'Jonathan Riggs']",United States,"May 4, 2021",2018,TV-MA,109 min,"['drama', 'independent', 'thriller']",A teenager's picture-perfect family is torn apart when he uncovers unnerving evidence of a serial killer close to home.
s8317,TV Show,The Future of Water,,,Norway,"July 1, 2016",2007,TV-PG,1 Season,"['documentary', 'international', 'science', 'nature']",A look at the deeply intertwined history of humanity and fresh water reveals looming challenges that could upend power structures around the world.
s8325,Movie,The Good Neighbor,Kasra Farahani,"['James Caan', 'Logan Miller', 'Keir Gilchrist', 'Laura Innes', 'Edwin Hodge', 'Anne Dudek', 'Bailey Noble', 'Lili Reinhart', 'Mindy Sterling']",United States,"December 5, 2016",2016,TV-MA,97 min,"['drama', 'independent', 'thriller']","Two tech-savvy teens plot to fool a cranky old neighbor into believing his house is haunted, but their cruel prank soon takes some unexpected turns."
s994,TV Show,Shadow and Bone,,"['Jessie Mei Li', 'Archie Renaux', 'Ben Barnes', 'Freddy Carter', 'Amita Suman', 'Kit Young', 'Danielle Galligan', 'Calahan Skogman', 'Sujaya Dasgupta', 'Simon Sears', 'Daisy Head', 'Zoë Wanamaker', 'Luke Pasqualino', 'Julian Kostov']",United States,"April 23, 2021",2021,TV-14,1 Season,"['action', 'adventure', 'drama', 'sci-fi', 'fantasy']",Dark forces conspire against orphan mapmaker Alina Starkov when she unleashes an extraordinary power that could change the fate of her war-torn world.
s6486,Movie,Chupke Chupke,Hrishikesh Mukherjee,"['Dharmendra', 'Sharmila Tagore', 'Amitabh Bachchan', 'Jaya Bhaduri', 'Om Prakash', 'Asrani', 'David Abraham', 'Usha Kiran', 'Lily Chakravarty', 'Keshto Mukherjee']",India,"December 31, 2019",1975,TV-PG,127 min,"['classic', 'comedy', 'international']","Jealous of the high regard in which his new wife holds their brother-in-law, a botany professor stages an elaborate prank that will even the score."
s88,TV Show,Titipo Titipo,,"['Jeon Hae-ri', 'Kim Eun-ah', 'Hong Bum-ki', 'Nam Do-hyeong', 'Um Sang-hyun']",,"September 10, 2021",2019,TV-Y,2 Seasons,"['family', 'korean']",Titipo the train is out to prove that he's got what it takes to help the folks of Train Village ride the rails safely and reliably.
s3651,Movie,Twins Mission,To-hoi Kong,"['Sammo Kam-Bo Hung', 'Gillian Chung', 'Charlene Choi', 'Wu Jing', 'Yuen Wah', 'Jess Zhang', 'Steven Cheung', 'Lier Qiu', 'Shek Sau', 'Sam Lee', 'Andy Liang']","Hong Kong, China","July 21, 2019",2007,TV-MA,102 min,"['action', 'adventure', 'international']","To retrieve a healing bead stolen from its guardian monks, a pair of bickering twin sisters face off against an entire gang of rival twins."
s8122,TV Show,Super Bheem,,"['Sonal Kaushal', 'Rupa Bhimani', 'Julie Tejwani', 'Sabina Malik', 'Jigna Bharadhwaj', 'Rajesh Kawa']",India,"June 28, 2019",2019,TV-Y,1 Season,['family'],"In this 3D-animated spinoff from the Chhota Bheem series, valiant superhero Bheem goes beyond his village to fight the good fight across the universe."
s4954,Movie,Metro,Ananda Krishnan,"['Yogi Babu', 'Bobby Simha', 'Shirish']",India,"April 1, 2018",2016,TV-14,116 min,"['drama', 'international', 'thriller']","Disgusted by the gold-chain snatchers in his home city of Chennai, a man vows to combat the criminal menace by taking the law into his own hands."
s2537,Movie,Rencor tatuado,Julián Hernández,"['Diana Lein', 'Irving Peña', 'César Romero', 'César Ramos', 'Giovanna Zacarías', 'Mónica Del Carmen', 'Rocío Verdejo', 'Itatí Cantoral']",Mexico,"May 14, 2020",2018,TV-MA,152 min,"['drama', 'independent', 'international']","Armed with a thirst for revenge, a vigilante makes justice her business after being hired by various women to seduce and humiliate their rapists."
s4882,Movie,Manhunt,John Woo,"['Zhang Hanyu', 'Masaharu Fukuyama', 'Qi Wei', 'Ji-won Ha', 'Jun Kunimura', 'Angeles Woo', 'Nanami Sakuraba']","China, Hong Kong","May 4, 2018",2017,TV-MA,109 min,"['action', 'adventure', 'international']",A Chinese pharmaceutical lawyer framed for a vile crime teams up with a sharp-witted Japanese detective to stop a dangerous corporate plot.
s2859,Movie,Calico Critters: Everyone's Big Dream Flying in the Sky,Momoko Kamiya,['Erika Harlacher'],,"March 1, 2020",2019,TV-Y,11 min,['family'],"In the Hazelnut Chipmunk Family, Dominic is a little boy who loves to play, but a big moment will make him more grown-up on one memorable day."
s734,TV Show,LEGO Friends: The Power of Friendship,,"['Erica Mendez', 'Marianne Miller', 'Rachelle Heger', ""Millie O'Conner"", 'Alexa Kahn', 'Doug Stone', 'Chris Smith', 'Bryce Papenbrook', 'Heather Downey', 'Chris Hackney', 'Ben Pronsky']",Denmark,"June 11, 2021",2016,TV-Y7,2 Seasons,['family'],"Five best friends face adventures side by side in their hometown. Zany antics, love and missteps are better with friends!"
s2958,Movie,Hum Aapke Hain Koun,Sooraj R. Barjatya,"['Madhuri Dixit', 'Salman Khan', 'Mohnish Bahl', 'Renuka Shahane', 'Anupam Kher', 'Reema Lagoo', 'Alok Nath', 'Bindu']",India,"February 1, 2020",1994,TV-14,193 min,"['classic', 'drama', 'international']","Although Nisha falls for Prem, she agrees to marry his older brother for the good of their families. But fate may have other plans for the lovebirds."
s6814,Movie,Frozen River,Courtney Hunt,"['Melissa Leo', 'Misty Upham', 'Charlie McDermott', ""Michael O'Keefe"", 'Mark Boone Junior', 'James Reilly', 'Jay Klaitz', 'John Canoe', 'Dylan Carusona', 'Michael Sky']",United States,"July 1, 2019",2008,R,97 min,"['drama', 'independent']","On a Mohawk reservation on the Canadian border, Ray Eddy teams with a widowed tribe member to smuggle illegal immigrants into the United States."
s5243,TV Show,Justice in the City,,"['Chris Tong', 'Shaun Chen', 'Emily Lim', 'Remus Kam', 'Zhang Shui Fa']",,"October 1, 2017",2012,TV-14,1 Season,"['international', 'drama']","Repeatedly on opposite sides of civil cases, two lawyers fall in love outside the courtroom, but circumstances hinder their romance from blossoming."
s743,Movie,Camellia Sisters,"Bao Nhan, Namcito","['Le Khanh', 'Kaity Nguyen', 'Hong Van', 'Khuong Le', 'Hoang Dung', 'Anh Dung', 'Si Nguyen', 'Huyng Kien An']",Vietnam,"June 10, 2021",2021,TV-MA,117 min,"['drama', 'international']",Tensions rise and untold secrets surface for three royal sisters when a family treasure is stolen the night before an antique auction.
s582,Movie,Mortal Kombat,Paul W.S. Anderson,"['Christophe Lambert', 'Robin Shou', 'Linden Ashby', 'Cary-Hiroyuki Tagawa', 'Bridgette Wilson-Sampras', 'Talisa Soto', 'Trevor Goddard', 'Chris Casamassa', 'François Petit', 'Keith Cooke']",United States,"July 1, 2021",1995,PG-13,101 min,"['action', 'adventure', 'sci-fi', 'fantasy']",Three fighters travel to the mystical realm of Outworld to test their might in a tournament against an evil demon with plans to take over the world.
s7072,Movie,Indiana Jones and the Last Crusade,Steven Spielberg,"['Harrison Ford', 'Sean Connery', 'Denholm Elliott', 'Alison Doody', 'John Rhys-Davies', 'Julian Glover', 'River Phoenix', 'Michael Byrne', 'Kevork Malikyan', 'Robert Eddison']",United States,"January 1, 2019",1989,PG-13,127 min,"['action', 'adventure', 'family', 'classic']","Accompanied by his father, Indiana Jones sets off on his third adventure to explore the cradle of civilization on a perilous hunt for the Holy Grail."
s2480,Movie,The Lovebirds,Michael Showalter,"['Issa Rae', 'Kumail Nanjiani', 'Paul Sparks', 'Anna Camp', 'Kyle Bornheimer', 'Nicholas X. Parsons', 'Andrene Ward-Hammond', 'Catherine Cohen', 'Barry Rothbart']",United States,"May 22, 2020",2020,R,87 min,"['action', 'adventure', 'comedy', 'romance']","When a couple in the fast lane to splitsville accidentally careens into a murder, they take off on a wild race to find the killer and clear their names."
s312,TV Show,Control Z,,"['Ana Valeria Becerril', 'Michael Ronda', 'Yankel Stevan', 'Zion Moreno', 'Luis Curiel', 'Samantha Acuña', 'Macarena García', 'Fiona Palomo', 'Andrés Baida', 'Patricio Gallardo', 'Iván Aragón', 'Xabiani Ponce de León', 'Patricia Maqueo', 'Rodrigo Cachero', 'Rocío Verdejo', 'Mauro Sánchez Navarro', 'Lidia San José', 'Thanya López', 'Renata del Castillo', 'Arturo Barba', 'Kariam Castro', 'Ariana Saavedra', 'Alexander Holtmann', 'Nastassia Villasana', 'Marco Zunino']",Mexico,"August 4, 2021",2021,TV-MA,2 Seasons,"['international', 'spanish', 'language', 'drama']","When a hacker begins releasing students' secrets to the entire high school, the socially isolated but observant Sofía works to uncover his/her identity."
s7279,Movie,"LeapFrog: Sing-along, Read-along",Ron Myrick,"['Julie Maddalena', 'Cindy Robinson']",,"April 15, 2020",2011,TV-Y,32 min,['family'],"Using rhythm and rhymes, a funky band and a colorful cast of characters help make reading, sounding out vowels and building words easy and fun!"
s8666,Movie,Urvi,Pradeep Verma,"['Sruthi Hariharan', 'Shraddha Srinath', 'Shweta Pandit', 'Achyuth Kumar', 'Madhukar Niyogi', 'Prabhu Mundkur', 'Bhavani Prakash', 'Ananya Bhat']",India,"January 15, 2018",2017,TV-MA,121 min,"['drama', 'independent', 'international']","After getting tricked into working at a brothel, a medical student joins forces with two of her co-workers to fight their unscrupulous exploiters."
s6372,TV Show,Brave Miss World,Cecilia Peck,['Linor Abargil'],"United States, Israel, Italy, South Africa","February 17, 2018",2013,TV-14,1 Season,"['crime', 'documentary']","Weeks before being named Miss World, Linor Abargil was raped. She tells the world her inspiring true story in this Emmy-nominated documentary."
s3010,Movie,A Fall from Grace,Tyler Perry,"['Crystal Fox', 'Phylicia Rashad', 'Cicely Tyson', 'Bresha Webb', 'Mehcad Brooks', 'Adrian Pasdar', 'Tyler Perry']",United States,"January 17, 2020",2020,TV-MA,121 min,"['drama', 'thriller']","When gentle, law-abiding Grace confesses to killing her new husband, her skeptical young lawyer sets out to uncover the truth. A film by Tyler Perry."
s2457,Movie,High Strung Free Dance,Michael Damian,"['Juliet Doherty', 'Thomas Doherty', 'Jane Seymour', 'Harry Jarvis', 'Joshua Sinclair-Evans', 'Ace Bhatti', 'Desmond Richardson', 'Kika Markham']","Romania, United States","May 31, 2020",2019,TV-14,104 min,"['drama', 'music', 'romance']",A choreographer casts a contemporary dancer and a gifted pianist for a highly anticipated Broadway show as internal drama tries to steal the spotlight.
s7607,Movie,NOVA: Eclipse Over America,Martin Gorst,,United States,"July 1, 2019",2017,TV-G,53 min,['documentary'],"Scientists reveal how the 2017 solar eclipse provided new clues into how the sun works, from its scorching atmosphere to its deadly solar storms."
s3992,Movie,The Super Parental Guardians,Joyce Bernal,"['Vice Ganda', 'Coco Martin', 'Onyok Pineda', 'Awra Briguela', 'Assunta de Rossi', 'Pepe Herrera', 'Joem Bascon', 'Matet De Leon', 'Kiray Celis', 'Lassy Marquez', 'MC Calaquian']",Philippines,"March 21, 2019",2016,TV-14,115 min,"['action', 'adventure', 'comedy', 'international']","Following his best friend's death, Arci takes charge of her two boisterous children with some help from their gang-affiliated uncle."
s2013,TV Show,The Barrier,,"['Unax Ugalde', 'Olivia Molina', 'Eleonora Wexler', 'Abel Folk', 'Ángela Molina', 'Manu Fullola', 'Daniel Ibáñez', 'Laura Quirós', 'Nicolás Illoro', 'Belén Écija', 'Juan Blanco', 'Yaima Ramos']",Spain,"September 11, 2020",2020,TV-MA,1 Season,"['international', 'spanish', 'language', 'drama']",One family’s fight for survival in a future dystopian Madrid illustrates the disparity between two worlds separated by a fence — and so much more.
s7680,TV Show,Origins Collection,Peter McDonnell,,United States," July 20, 2018",2018,TV-PG,3 Seasons,['documentary'],"This documentary series explores the stories behind history's most fascinating innovations, including games, technology, sports, medicine and more."
s750,TV Show,L.A.’s Finest,,"['Jessica Alba', 'Gabrielle Union']",United States,"June 9, 2021",2021,TV-MA,2 Seasons,"['crime', 'action', 'adventure', 'comedy']","In this spinoff of the ""Bad Boys"" franchise, two police detectives team up while trying to keep their stormy pasts — and differences — from interfering."
s491,TV Show,Elize Matsunaga: Once Upon a Crime,,,,"July 8, 2021",2021,TV-MA,1 Season,"['crime', 'documentary', 'international']","The crime shocked Brazil: Elize Matsunaga shot and dismembered her rich husband. Featuring her first interview, this docuseries dives deep into the case."
s2056,Movie,Freaks – You're One of Us,Felix Binder,"['Cornelia Gröschel', 'Tim Oliver Schultz', 'Wotan Wilke Möhring', 'Nina Kunzendorf', 'Frederic Linkemann', 'Finnlay Berger', 'Gisa Flake', 'Ralph Herforth', 'Thelma Buabeng']",Germany,"September 2, 2020",2020,TV-MA,93 min,"['drama', 'independent', 'international']","Tipped by a mysterious tramp, a meek fry cook discovers she has superpowers — and kindred spirits — and uncovers an unsavory, widespread conspiracy."
s170,Movie,Poseidon,Wolfgang Petersen,"['Josh Lucas', 'Kurt Russell', 'Jacinda Barrett', 'Richard Dreyfuss', 'Emmy Rossum', 'Mía Maestro', 'Mike Vogel', 'Kevin Dillon', 'Freddy Rodríguez']",United States,"September 1, 2021",2006,PG-13,98 min,"['action', 'adventure', 'drama']","A tidal wave spells disaster for a ship of New Year's Eve revelers when it capsizes the mammoth vessel, sending passengers into a battle for survival."
s6944,Movie,Haywire,Steven Soderbergh,"['Gina Carano', 'Michael Fassbender', 'Ewan McGregor', 'Bill Paxton', 'Channing Tatum', 'Antonio Banderas', 'Mathieu Kassovitz', 'Michael Angarano', 'Michael Douglas', 'Anthony Brandon Wong']","Ireland, United States","March 1, 2020",2011,R,93 min,"['action', 'adventure']",A last-minute mission in Dublin turns deadly for stunning secret operative Mallory Kane when she realizes she's been betrayed.
s6413,Movie,Camp X-Ray,Peter Sattler,"['Kristen Stewart', 'Peyman Moaadi', 'John Carroll Lynch', 'Lane Garrison', 'Joseph Julian Soria', ""Ser'Darius Blain"", 'Cory Michael Smith', 'Julia Duffy']",United States,"January 14, 2017",2014,R,117 min,"['drama', 'independent']","Fresh Army recruit Amy Cole is assigned to Guantanamo Bay's Camp X-Ray, where she forms a surprising bond with one of the prisoners in her charge."
s774,Movie,The Girl and the Gun,Rae Red,"['Janine Gutierrez', 'Felix Roco', 'JC Santos', 'Elijah Canlas', 'Sky Teotico', 'Archi Adamos', 'Allan Paule', 'Ruby Ruiz', 'Bie Ruaro', 'Jess Mendoza']",Philippines,"June 3, 2021",2019,TV-MA,78 min,"['drama', 'international', 'thriller']","Fed up with abuse by those around her, a department store saleswoman finds a weapon in an alleyway and decides to settle scores."
s2237,Movie,Little Singham: Legend of Dugabakka,,,,"July 15, 2020",2020,TV-Y7,68 min,"['family', 'comedy']","As fears rise over a ghost known for nighttime abductions, Mirchi Nagar residents look to the only person they know can save them: Little Singham!"
s4643,Movie,The Land of Steady Habits,Nicole Holofcener,"['Ben Mendelsohn', 'Edie Falco', 'Connie Britton', 'Thomas Mann', 'Bill Camp', 'Elizabeth Marvel', 'Charlie Tahan', 'Michael Gaston', 'Josh Pais']",United States,"September 14, 2018",2018,TV-MA,98 min,"['comedy', 'drama', 'independent']","After leaving his wife and his job to find happiness, Anders begins a clumsy, heartbreaking quest to reassemble the pieces of his fractured life."
s8069,Movie,Spider-Man: Into the Spider-Verse,"Peter Ramsey, Rodney Rothman, Bob Persichetti","['Shameik Moore', 'Jake Johnson', 'Hailee Steinfeld', 'Brian Tyree Henry', 'Lauren Vélez', 'Mahershala Ali', 'Lily Tomlin', 'Kathryn Hahn', 'Liev Schreiber', 'Kimiko Glenn', 'Nicolas Cage', 'John Mulaney']",United States,"June 26, 2019",2018,PG,117 min,"['action', 'adventure', 'comedy']","After being bitten by a radioactive spider, Brooklyn teen Miles Morales gets a crash course in web-slinging from his alternate-dimension counterparts."
s3106,Movie,John Mulaney & The Sack Lunch Bunch,Rhys Thomas,"['John Mulaney', 'Alexander Bello', 'Tyler Bourke', 'Ava Briglia', 'Cordelia Comando', 'Camille De La Cruz', 'Oriah Elgrabli', 'Jake Ryan Flynn', 'Orson Hong', 'Isabella Iannelli', 'Jacob Laval', 'Suri Marrero', 'Zell Steele Morrow', 'Jonah Mussolino', 'Lexi Perkel', 'Linder Sutton']",United States,"December 24, 2019",2019,TV-PG,70 min,"['family', 'comedy']","John Mulaney and his kid pals tackle existential topics for all ages with catchy songs, comedy sketches and special guests in a nostalgic variety special."
s7501,Movie,"Monster High: Scaris, City of Frights","Dustin McKenzie, Andrew Duncan, Audu Paden","['Laura Bailey', 'Cam Clarke', 'Erin Fitzgerald', 'Dee Dee Green', 'Celeste Henderson', 'Kate Higgins', 'Jonathan Lipow', 'Julie Maddalena', 'Dustin McKenzie', 'Audu Paden']",United States,"July 7, 2015",2013,TV-G,60 min,['family'],"When Clawdeen gets a chance to study with a top fashion designer, she and her pals hop on a plane to Scaris, France, the city where screams come true."
s4752,Movie,Extinction,Ben Young,"['Michael Peña', 'Lizzy Caplan', 'Israel Broussard', 'Mike Colter', 'Emma Booth', 'Lex Shrapnel', 'Erica Tremblay', 'Lilly Aspell']",United States,"July 27, 2018",2018,TV-MA,95 min,"['action', 'adventure', 'drama', 'sci-fi', 'fantasy']","Plagued by dreams of an alien invasion, a family man faces his worst nightmare when an extraterrestrial force begins exterminating Earth's inhabitants."
s2543,TV Show,True: Terrific Tales,,"['Michela Luci', 'Jamie Watson', 'Eric Peterson', 'Anna Claire Bartlam', 'Nicolas Aqui', 'Cory Doran', 'Julie Lemieux', 'Derek McGrath']",Canada,"May 12, 2020",2020,TV-Y,1 Season,['family'],"Through the magic of the Story Spinner, True and her friends create their own versions of Pinocchio, Little Red Riding Hood and other classic tales."
s3241,Movie,Mike Birbiglia: What I Should Have Said Was Nothing: Tales from My Secret Public Journal,,['Mike Birbiglia'],United States,"November 22, 2019",2008,TV-MA,56 min,['comedy'],Mike Birbiglia performs in this live concert special that features a riotous selection of the unique insights and observations culled from his diary.
s874,Movie,Ahaan,Nikhil Pherwani,"['Arif Zakaria', 'Abuli Mamaji', 'Niharika Singh', 'Rajit Kapoor', 'Plabita Borthakur', 'Shilpa Mehta', 'Kaizaad Kotwal', 'Sonali Sachdev', 'Haresh Raut']",India,"May 15, 2021",2021,TV-MA,81 min,"['drama', 'independent', 'international']","Jilted by his wife, a man with OCD finds eye-opening common ground and camaraderie with his neighbor, a young man with Down Syndrome."
s307,Movie,'76,Izu Ojukwu,"['Ramsey Nouah', 'Rita Dominic', 'Chidi Mokeme', 'Ibinabo Fiberesima', 'Daniel K. Daniel', 'Memry Savanhu', 'Adonijah Owiriwa', 'Pat Nebo', 'Nelly Ekwereogu', 'Shuaibu Ebenesi Adams', 'Debo Oguns', 'Ben Nwosu', 'Ada Ofoegbu']",Nigeria,"August 4, 2021",2016,TV-PG,118 min,"['drama', 'international']","When her husband is accused of taking part in an attempted military coup, a pregnant woman's life takes an emotional turn. Inspired by true events."
s5486,Movie,Ram Jaane,Rajiv Mehra,"['Shah Rukh Khan', 'Juhi Chawla', 'Vivek Mushran', 'Pankaj Kapur', 'Puneet Issar', 'Tinnu Anand', 'Deven Verma', 'Gulshan Grover', 'Amrit Pal', 'Arun Bali']",India,"May 15, 2017",1995,TV-14,142 min,"['drama', 'international', 'music']","Two boyhood pals – one righteous, the other a criminal – take very different paths to adulthood. Their love for the same woman may prove disastrous."
s7420,Movie,Masoom,Shekhar Kapur,"['Shabana Azmi', 'Naseeruddin Shah', 'Saeed Jaffrey', 'Jugal Hansraj', 'Urmila Matondkar', 'Aradhana Srivastav', 'Tanuja', 'Supriya Pathak']",India,"December 31, 2019",1983,TV-14,138 min,"['drama', 'independent', 'international']",A loving husband and father's joyful family life is rocked to its core upon the discovery that he has a young son borne from a past extramarital affair.
s3287,TV Show,My Dear Warrior,,"['Leo Putt', 'Pimchanok Luevisadpaibul', 'Suthada Jongjaiphar', 'Chatra Baude', 'Claudia Chakrapan', 'Oabnithi Wiwattanawarang', 'Varatta Vajrathon', 'Varot Makaduangkeo', 'Supasit Chinvinijkul']",Thailand,"November 14, 2019",2019,TV-14,1 Season,"['international', 'romance', 'comedy']","Love leaps off the page when an astronomer magically meets her comic book hero in the flesh, but learns that his fictional problems are very real."
s7613,Movie,NOVA: Killer Volcanoes,Oliver Twinch,['Craig Sechler'],United States,"July 1, 2019",2017,TV-PG,54 min,['documentary'],Evidence of a mysterious medieval famine leads researchers on a quest for one of the deadliest volcanoes in human history.
s4324,Movie,Super Monsters and the Wish Star,Jacob Joice,"['Elyse Maloway', 'Vincent Tong', 'Erin Mathews', 'Andrea Libman', 'Alessandro Juliani', 'Nicole Anthony', 'Diana Kaarina', 'Ian James Corlett', 'Britt McKillip', 'Kathleen Barr', 'Gigi Saul Guerrero']",,"December 7, 2018",2018,TV-Y,28 min,['family'],"Christmas wishes come true for Lobo, whose favorite cousin arrives for a surprise visit, and for Glorb, who wishes he could be everywhere at once!"
s4306,TV Show,Inside the Real Narcos,,['Jason Fox'],,"December 14, 2018",2018,TV-MA,1 Season,"['british', 'crime', 'documentary']","Exposing a rarely seen perspective on the drug wars, ex-Special Forces commando Jason Fox interviews dangerous traffickers and cartel members."
s7380,Movie,Magnus,Benjamin Ree,['Magnus Carlsen'],Norway,"February 22, 2017",2016,TV-PG,75 min,"['family', 'documentary', 'international']","This dramatic documentary explores the life and mind of Magnus Carlsen, the charismatic Norwegian prodigy who became world chess champion."
s4540,Movie,Death Race: Beyond Anarchy,Don Michael Paul,"['Zach McGowan', 'Danny Glover', 'Frederick Koehler', 'Danny Trejo', 'Christine Marzano', 'Cassie Clare', 'Yennis Cheung', 'Lucy Aarden']","United States, Bulgaria","October 2, 2018",2017,R,111 min,"['action', 'adventure']","An ex-racecar driver is sent to a barbaric prison where, to get pardoned, he must defeat the inmate known as Frankenstein in a lethal ""Death Race."""
s5640,Movie,Jim Gaffigan: Cinco,Jeannie Gaffigan,['Jim Gaffigan'],United States,"January 10, 2017",2017,TV-14,74 min,['comedy'],America's king of clean comedy delivers wickedly funny jokes in his fifth hour-long special.
s1008,Movie,Motu Patlu in Octupus World,Suhas Kadav,"['Sourav Chakraborty', 'Vidit Kumar', 'Mayur Vyas', 'Mahendra Bhatnagar', 'Dishi Duggal', 'Nandkishore Pandey']",,"April 20, 2021",2017,TV-Y,81 min,"['family', 'comedy']","While returning a goldfish and an octopus from an aquarium to the sea, Motu and Patlu must also save the goldfish’s family from a mean, tentacled queen."
s5936,Movie,The Square,Jehane Noujaim,"['Ahmed Hassan', 'Khalid Abdalla', 'Magdy Ashour', 'Ramy Essam', 'Bothaina Kamel', 'Dina Abdullah', 'Aida Elkashef', 'Ragia Omran', 'Pierre Seyoufr', 'Dina Amer', 'Sherif Boray', 'Khaled Nagy', 'Salma Saied', 'Ahmed Saleh', 'Alaa Seif']","United Kingdom, Egypt, United States","January 17, 2014",2013,TV-MA,105 min,"['documentary', 'international']","This Emmy-winning, street-level view of the 2011 Egyptian Revolution captures the astonishing uprising that led to the collapse of two governments."
s6420,Movie,Cardboard Gangsters,Mark O'Connor,"['John Connors', 'Fionn Walton', 'Kierston Wareing', 'Paul Alwright', 'Ryan Lincoln', 'Jimmy Smallhorne', ""Toni O'Rourke"", 'Fionna Hewitt-Twamley', 'Stephen Clinch', 'Ciaran McCabe']",Ireland,"September 15, 2018",2016,TV-MA,92 min,"['drama', 'international']","A low-level drug dealer decides to move up the ranks of the illegal narcotics trade in Darndale, Dublin, putting him and his gang on a violent path."
s4890,Movie,Despido Procedente,Lucas Figueroa,"['Imanol Arias', 'Darío Grandinetti', 'Hugo Silva', 'Luis Luque', 'Miguel Ángel Solá', 'Tomás Pozzi', 'Valeria Alonso']","Argentina, Spain","May 1, 2018",2017,TV-MA,90 min,"['comedy', 'international']","A Spaniard working in Argentina sees his life upended after accidentally giving bad directions to a passerby, who demands compensation for the error."
s1353,TV Show,Tiffany Haddish Presents: They Ready,,"['Tracey Ashley', 'Flame Monroe', 'Aida Rodriguez', 'Marlo Williams', 'April Macie', 'Chaunté Wayans', 'Tiffany Haddish']",United States,"February 2, 2021",2021,TV-MA,2 Seasons,"['comedy', 'talkshow', 'comedy']","Hand-picked by Tiffany Haddish, six diverse comedians showcase their raw humor in a series of specials oozing with energy."
s4676,Movie,The Laws of Thermodynamics,Mateo Gil,"['Vito Sanz', 'Berta Vázquez', 'Chino Darín', 'Vicky Luengo', 'Andrea Ros', 'Irene Escolar', 'Josep Maria Pou', 'Daniel Sánchez Arévalo']",Spain,"August 31, 2018",2018,TV-MA,101 min,"['comedy', 'international', 'romance']","A physicist uses the laws of thermodynamics to describe romance and relationships, but his theories prove faulty when it comes to his own love life."
s993,Movie,Perfume Imaginary Museum “Time Warp”,"MIKIKO, Daito Manabe",['Perfume'],,"April 23, 2021",2020,TV-G,54 min,"['international', 'music']","This visually stunning special performance was the highlight of Perfume’s ""P.O.P"" Festival — the J-pop trio’s 20th anniversary online celebration."
s8453,Movie,The Phantom of the Opera,Joel Schumacher,"['Gerard Butler', 'Emmy Rossum', 'Patrick Wilson', 'Miranda Richardson', 'Minnie Driver', 'Ciarán Hinds', 'Simon Callow', 'Victor McGuire', 'Jennifer Ellison']","United Kingdom, United States","June 1, 2019",2004,PG-13,141 min,"['drama', 'music', 'romance']","In 1870, a disfigured recluse roams beneath a Parisian opera house and takes under his wing a young soprano, with whom a love triangle develops."
s8694,Movie,Walking Out,"Alex Smith, Andrew J. Smith","['Matt Bomer', 'Josh Wiggins', 'Bill Pullman', 'Alex Neustaedter', 'Lily Gladstone']",United States,"October 1, 2019",2017,PG-13,96 min,"['drama', 'independent', 'thriller']","A suburban teen goes hunting with his estranged father. When a mishap with a bear occurs, he must his use his survival skills to save them both."
s1116,Movie,Ferrari Ki Sawaari,Rajesh Mapuskar,"['Sharman Joshi', 'Boman Irani', 'Ritwik Sahore', 'Paresh Rawal', 'Deepak Shirke', 'Satyadeep Misra', 'Aakash Dabhade', 'Nilesh Diwekar', 'Vidya Balan']",India,"April 1, 2021",2012,TV-PG,133 min,"['comedy', 'international', 'sport']",A father winds up involved with a stolen Ferrari as he tries to acquire the money to send his son to the leading cricket academy.
s5584,TV Show,Love Is in the Air,,"['Murat Ünalmış', 'Birce Akalay', 'Selen Soyder', 'Erman Okay', 'Kanbolat Gorkem Arslan', 'Levent Yilmaz', 'Aysegül Günay', 'Selma Kutluğ', 'Ulvi Alacakaptan', 'İpek Erdem', 'Yilmaz Calayir', 'Isil Yücesoy']",United Kingdom,"March 1, 2017",2010,TV-14,1 Season,"['international', 'drama']","Toprak, who lost her baby, is hired as a wet nurse for wealthy Yusuf's motherless son. Yusuf is drawn to Toprak, but also to her scheming sister."
s286,Movie,The Railway Man,Jonathan Teplitzky,"['Colin Firth', 'Nicole Kidman', 'Jeremy Irvine', 'Stellan Skarsgård', 'Sam Reid', 'Hiroyuki Sanada', 'Michael MacKenzie', 'Tom Stokes']","Switzerland, United Kingdom, Australia","August 11, 2021",2013,R,108 min,"['drama', 'international']","Decades after World War II, a still-shattered soldier unexpectedly falls in love and sees a bizarre coincidence bring his past back into focus."
s7280,TV Show,Learning Time with Timmy,,['Saskia Portway'],United Kingdom,"May 15, 2020",2018,TV-Y,1 Season,"['british', 'family']",Colorful characters and edutaining activities help make learning English fun in this series geared toward youngsters.
s5912,Movie,Jen Kirkman: I'm Gonna Die Alone (And I Feel Fine),Lance Bangs,['Jen Kirkman'],United States,"May 22, 2015",2015,TV-MA,78 min,['comedy'],"Jen Kirkman delivers some sharp, hilarious truths about divorce, kids, sex and turning 40 in this Netflix original comedy special."
s6225,Movie,Bana Masal Anlatma,Burak Aksak,"['Hande Doğandemir', 'Fatih Artman', 'Devrim Yakut', 'Cengiz Bozkurt', 'Erdal Tosun', 'Berat Yenilmez', 'Ercan Yazgan', 'Sadi Celil Cengiz', 'Cihan Ercan', 'Burcu Biricik', 'Tarık Ünlüoğlu', 'Gürkan Uygun', 'Gökçe Bahadır']",Turkey,"March 10, 2017",2015,TV-14,103 min,"['comedy', 'international', 'romance']","Minibus driver Riza is a steady presence in his close-knit neighborhood, until he brings home a dreamy beauty and throws everything into chaos."
s1587,TV Show,Room 2806: The Accusation,Jalil Lespert,,France,"December 7, 2020",2020,TV-MA,1 Season,"['crime', 'documentary', 'international']",This docuseries follows the 2011 sexual assault case involving French politician Dominique Strauss-Kahn at the height of his career.
s809,Movie,Sniper: Legacy,Don Michael Paul,"['Tom Berenger', 'Chad Michael Collins', 'Doug Allen', 'Dominic Mafham', 'Mercedes Mason', 'Mark Lewis Jones', 'Nestor Serrano', 'Dennis Haysbert', 'Alex Roe', 'Yana Marinova']","United States, Bulgaria","June 2, 2021",2014,R,98 min,"['action', 'adventure']","When a troubled sniper begins killing officers he blames for a bungled mission, elite marksman Brandon Beckett sets out to neutralize the threat."
s6899,Movie,Gringo: The Dangerous Life of John McAfee,Nanette Burstein,,United States,"April 1, 2018",2016,TV-MA,97 min,['documentary'],"Tech tycoon John McAfee made millions from his anti-virus software. Now, he may be best known for his bizarre and scandalous lifestyle."
s46,Movie,My Heroes Were Cowboys,Tyler Greco,,,"September 16, 2021",2021,PG,23 min,['documentary'],"Robin Wiltshire's painful childhood was rescued by Westerns. Now he lives on the frontier of his dreams, training the horses he loves for the big screen."
s1840,TV Show,La Révolution,,"['Amir El Kacem', 'Marilou Aussilloux', 'Lionel Erdogan', 'Isabel Aimé Gonzalez Sola', 'Julien Frison', 'Doudou Masta', 'Dimitri Storoge', 'Amélia Lacquemant', 'Coline Beal', 'Laurent Lucas', 'Gaia Weiss', 'Chiara Tantimonaco', 'Nina Tantimonaco', 'Pierre Andrau', 'Philippine Martinot', 'Jérémie Covillault']",France,"October 16, 2020",2020,TV-MA,1 Season,"['international', 'action', 'adventure', 'drama']","In a reimagined history, a mysterious disease besets 18th century France, culminating in a brutal clash between rebels and the aristocracy."
s5055,TV Show,Under Arrest,Dan Forrer,,United States,"February 1, 2018",2016,TV-MA,8 Seasons,"['crime', 'documentary', 'international']","Cameras follow police officers as they solve crimes, assist the public and arrest lawbreakers in this reality series."
s4732,Movie,Raajneeti,Prakash Jha,"['Ajay Devgn', 'Nana Patekar', 'Ranbir Kapoor', 'Katrina Kaif', 'Arjun Rampal', 'Manoj Bajpayee', 'Sarah Thompson', 'Naseeruddin Shah']",India,"August 2, 2018",2010,TV-14,162 min,"['drama', 'international', 'thriller']","When the American-educated scion of a powerful Indian family returns to the subcontinent, his first taste of power starts him down a corrupt path."
s792,Movie,Felon,Ric Roman Waugh,"['Stephen Dorff', 'Val Kilmer', 'Harold Perrineau', 'Marisol Nichols', 'Anne Archer', 'Nick Chinlund', 'Nate Parker', 'Johnny Lewis', 'Sam Shepard', 'Jake Walker', 'Joey Villasenor', 'Antonio Leyba', 'Mike Seal', 'Richard Caruso', 'Kevin Wiggins', 'Larnell Stovall', 'Mara Holguin', 'Elton Walker', 'Brittany Perrineau', 'Esodie Geiger', 'Jermaine Washington', 'Greg Serano', 'Brian Keith Gamble', 'Mark Sivertsen', 'Carrie Fleming', 'Adam Taylor', 'Chris Browning', 'John Koyama', 'Shawn Prince', 'Christopher Dempsey', 'Cynthia Ruffin']",United States,"June 2, 2021",2008,R,104 min,"['action', 'adventure', 'drama']","After killing a burglar while trying to protect his family, regular guy Wade is convicted of involuntary manslaughter and thrown into prison."
s4729,Movie,Joker,Shirish Kunder,"['Akshay Kumar', 'Sonakshi Sinha', 'Shreyas Talpade', 'Minissha Lamba', 'Pitobash', 'Darshan Jariwala', ""Alexx O'Nell"", 'Asrani', 'Sanjay Mishra', 'Vrijesh Hirjee']",India,"August 2, 2018",2012,TV-PG,98 min,"['comedy', 'international', 'music']",A remote village situated neither in India or Pakistan becomes its own republic after inmates at the local mental asylum bust loose and take over.
s4047,Movie,Everyday I Love You,Mae Czarina Cruz,"['Enrique Gil', 'Liza Soberano', 'Gerald Anderson', 'Aiko Melendez', 'Carmina Villaroel', 'Ariel Rivera', 'Marissa Delgado', 'Liza Lorena']",Philippines,"March 4, 2019",2015,TV-14,124 min,"['drama', 'international', 'romance']","While patiently waiting for her boyfriend to come out of his coma, Audrey finds herself falling for the caring and successful Ethan."
s4221,TV Show,COMEDIANS of the world,,"['Neal Brennan', ""Chris D'Elia"", 'Nicole Byer', 'Nick Swardson', 'DeAnne Smith', 'Ivan Decker', 'Dave Merheje', 'K. Trevor Wilson', 'Joel Dommett', 'Mae Martin', 'Nish Kumar', 'Ellie Taylor', 'Urzila Carlson', 'Joel Creasey', 'Nazeem Hussain', 'Cal Wilson', 'Riaad Moosa', 'Tumi Morake', 'Loyiso Gola', 'Loyiso Madinga', 'Atul Khatri', 'Aditi Mittal', 'Amit Tandon', 'Franco Escamilla', 'Hugo El Cojo Feliz', 'Gaby Llanas', 'Enissa Amani', 'Ilka Bessin', 'Kaya Yanar', 'Thiago Ventura', 'Mhel Merrer', 'Afonso Padilha', 'Shirley Souagnon', 'Jason Brokerss', 'Tania Dutel', ""Donel Jack'sman"", 'Ibraheem Alkhairallah', 'Rawsan Hallak', 'Adi Khalefa', 'Moayad Alnefaie', 'Louis-José Houde', 'François Bellefeuille', 'Katherine Levac', 'Adib Alkhalidey', 'Martijn Koning', 'Soundos El Ahmadi', 'Rayen Panday']",United States,"January 1, 2019",2019,TV-MA,13 Seasons,"['comedy', 'talkshow', 'comedy']",This global stand-up comedy series features a diverse set of comics from 13 regions bringing their perspectives on what's funny around the world.
s954,Movie,The Whole Truth,Courtney Hunt,"['Keanu Reeves', 'Renée Zellweger', 'Gugu Mbatha-Raw', 'Gabriel Basso', 'Jim Belushi', 'Jim Klock', 'Ritchie Montgomery', 'Christopher Berry']",United States,"May 1, 2021",2016,R,93 min,"['drama', 'thriller']","Trying to earn an acquittal for a teen client accused of murdering his wealthy father, a defense attorney uncovers disturbing facts about the victim."
s4148,Movie,Hantu Kak Limah,Mamat Khalid,"['Awie', 'Arab Khalid', 'Sharwani Ns', 'Tj Isa', 'Delimawati', 'Zul Ariffin', 'Uqasha Senrose', 'Ropie Cecupak']",Malaysia,"January 31, 2019",2018,TV-PG,110 min,"['comedy', 'horror', 'international']","When Kak Limah turns up dead shortly after her marriage to a much younger man, her pesky ghost haunts the villagers, who can't seem to get rid of her."
s8589,TV Show,Tientsin Mystic,,"['Li Xian', 'Zhang Ming En', 'Wang Zixuan', 'Chen Yumi', 'Tang Yinuo', 'Wei Qing', 'Yang Shuming', 'Chen Jian', 'Kang Enhe', 'Dong Xiangrong']",China,"February 9, 2018",2017,TV-14,1 Season,"['crime', 'international', 'drama']","In an otherworldly river town, a policeman follows the trail of a sinister force to save his community from deadly spells."
s4969,TV Show,James Acaster: Repertoire,Dan Lucchesi,['James Acaster'],United Kingdom,"March 27, 2018",2018,TV-14,1 Season,"['british', 'international', 'comedy', 'talkshow']","Offbeat comic James Acaster covers the strange, the mundane and everything in between in this collection of four wide-ranging stand-up specials."
s5979,TV Show,Şubat,,"['Alican Yücesoy', 'Melisa Sözen', 'Musa Uzunlar', 'Serkan Ercan', 'Özkan Uğur', 'Ülkü Duru', 'Tansu Biçer', 'Nadir Sarıbacak', 'Sermet Yeşil', 'Ayhan Kavas']",Turkey,"January 17, 2017",2013,TV-MA,1 Season,"['crime', 'international', 'drama']","An orphan subjected to tests that gave him superpowers is rescued and raised on Istanbul's streets, where he falls for a reporter linked to his past."
s5549,Movie,Life 2.0,Jason Spingarn-Koff,,United States,"April 1, 2017",2010,TV-MA,99 min,['documentary'],Computer users across the globe log onto the virtual world of Second Life. But some users' lives are dramatically consumed by this alternate reality.
s4670,Movie,Once Again,Kanwal Sethi,"['Shefali Shah', 'Neeraj Kabi', 'Rasika Dugal', 'Bidita Bag', 'Priyanshu Painyuli', 'Bhagwan Tiwari']","India, Germany, Austria","September 1, 2018",2018,TV-PG,101 min,"['drama', 'independent', 'international']","After a chance phone call leads to daily conversations, a widowed restaurant owner and a lonely film actor plan to finally meet in person."
s6648,Movie,Dream Big: Engineering Our World,Greg MacGillivray,['Jeff Bridges'],United States,"July 1, 2018",2017,TV-G,42 min,['documentary'],"Narrated by Jeff Bridges, this compelling documentary examines some incredible achievements of engineering from across the globe."
s89,Movie,Blood Brothers: Malcolm X & Muhammad Ali,Marcus Clarke,"['Malcolm X', 'Muhammad Ali']",,"September 9, 2021",2021,PG-13,96 min,"['documentary', 'sport']","From a chance meeting to a tragic fallout, Malcolm X and Muhammad Ali's extraordinary bond cracks under the weight of distrust and shifting ideals."
s3160,Movie,Good and Prosperous,Sameh Abdulaziz,"['Ali Rabee', 'Mohamed Abdel-Rahman', 'Bayoumi Fouad', 'Karim Afifi', 'Dalal Abdel Aziz', 'Mai Selim', 'Tara Emad', 'Mohammed Tharwat', 'Haifa Wehbe', 'Ahmed Adel']",Egypt,"December 10, 2019",2017,TV-14,101 min,"['comedy', 'international']","As two jobless brothers search aimlessly for careers worthy of their hard-to-please mother’s praise, they cluelessly tackle countless gigs."
s4736,Movie,Tere Naal Love Ho Gaya,Mandeep Kumar,"['Riteish Deshmukh', ""Genelia D'Souza"", 'Tinnu Anand', 'Om Puri', 'Smita Jaykar', 'Chitrashi Rawat', 'Navin Prabhakar', 'Kartar Cheema']",India,"August 2, 2018",2012,TV-14,127 min,"['comedy', 'international', 'romance']","Mini isn't eager to wed the rich suitor who's been chosen for her, so she stages her own kidnapping and runs off with a man who works for her father."
s45,Movie,Jaws: The Revenge,Joseph Sargent,"['Lorraine Gary', 'Lance Guest', 'Mario Van Peebles', 'Karen Young', 'Michael Caine', 'Judith Barsi', 'Mitchell Anderson', 'Lynn Whitfield']",United States,"September 16, 2021",1987,PG-13,91 min,"['action', 'adventure', 'horror', 'thriller']","After another deadly shark attack, Ellen Brody has had enough of Amity Island and moves to the Caribbean – but a great white shark follows her there."
s5479,Movie,Laerte-se,"Lygia Barbosa da Silva, Eliane Brum",['Laerte Coutinho'],Brazil,"May 19, 2017",2017,TV-MA,101 min,"['documentary', 'international', 'lgbtq']","After living as a man for nearly 60 years, Laerte Coutinho, one of Brazil's most brilliant cartoonists, introduces herself to the world as a woman."
s7322,TV Show,Liv and Maddie,,"['Dove Cameron', 'Joey Bragg', 'Tenzing Norgay Trainor', 'Kali Rocha', 'Benjamin King']",United States,"April 23, 2017",2017,TV-G,4 Seasons,"['family', 'comedy']","After four years in Hollywood as a television star, Liv returns to Wisconsin to discover that either she – or her family – has changed."
s5049,TV Show,Coach Snoop,,['Snoop Dogg'],United States,"February 2, 2018",2018,TV-MA,1 Season,"['documentary', 'reality']","Fueled by his own rough upbringing, Snoop Dogg creates a youth football league to keep at-risk kids off the streets and focused on their goals."
s7979,Movie,Secrets of Underground London,"Vicky Matthews, Gareth Sacala",['Samuel West'],United Kingdom,"April 22, 2017",2014,TV-PG,55 min,"['documentary', 'international']","Experts examine the ruins and relics hidden beneath London's surface, unearthing a Roman amphitheater, plague pits, air raid shelters and more."
s4015,TV Show,Robozuna,,"['Taylor Clarke-Hill', 'Tom Clarke-Hill', 'Larissa Murray', 'Brianna Price', 'Michael Obiora', 'Morwenna Banks', 'Rufus Jones', 'Duncan Wisbey', 'Danny John-Jules', 'Ali A']",United Kingdom,"March 15, 2019",2018,TV-Y7,2 Seasons,"['british', 'family']",A boy and his homemade robot enter the toughest competition in the universe while attempting to free their oppressed home from an evil empire.
s7531,Movie,Mutiny on the Bounty,"Lewis Milestone, Carol Reed","['Marlon Brando', 'Trevor Howard', 'Richard Harris', 'Hugh Griffith', 'Richard Haydn', 'Tarita']",United States,"November 1, 2019",1962,TV-PG,185 min,"['action', 'adventure', 'classic', 'drama']","Marlon Brando gives a nuanced performance as the aristocratic Lt. Fletcher Christian, an officer aboard the HMS Bounty who leads a mutiny against the ship's tyrannical Capt. Bligh."
s4187,Movie,"Abdullah, The Final Witness",Hashim Nadeem Khan,"['Sajid Hasan', 'Hameed Sheikh', 'Habibullah Panezai', 'Imraan Abbas', 'Sadia', 'Imran Tareen', 'Asal Deen', 'Yameen Shah']",Pakistan,"January 15, 2019",2016,TV-14,88 min,"['drama', 'international']","Inspired by real events, this drama follows a trucker jailed after driving five ill-fated travelers across Quetta, and the officer taking on his case."
s7142,Movie,Jora 10 Numbaria,Amardeep Singh Gill,"['Deep Sidhu', 'Dharmendra', 'Ashish Duggal', 'Aman Hundal', 'Pali Sidhu', 'Mukesh Tiwari', 'Mukul Dev']",India,"January 1, 2018",2017,TV-MA,135 min,"['action', 'adventure', 'international']","The wounds of a traumatic childhood and a corrupt, unjust system push a young man into becoming a cold-blooded, ruthless gangster."
s2115,Movie,Little Singham: Kaal Ka Badla,Prakash Satam,"['Anamaya Verma', 'Arushi Talwar', 'Ganesh Divekar', 'Jigna Bhardwaj', 'Krishna Dasadiya', 'Neshma Chemburkar', 'Manoj Pandey', 'Parminder Ghumman', 'Pranav Vaidya', 'Saumya Daan', 'Sonal Kaushal', 'Sumriddhi Shukla']",,"August 19, 2020",2020,TV-Y7,70 min,"['family', 'comedy']","Little Singham’s biggest enemy, the demon Kaal, is back and badder than ever — but this time, will he succeed in destroying the world’s best kid cop?"
s2574,Movie,The Stand at Paxton County,Brett Hedlund,"['Jacqueline Toboni', ""Michael O'Neill"", 'Tyler Jacob Moore', 'Christopher McDonald', ""Sean O'Bryan"", 'Blake Sheldon', 'Zoe Kanters', 'Greg Perrow', 'Tanner Thomason']",United States,"May 2, 2020",2020,R,103 min,"['drama', 'independent', 'thriller']",A military veteran comes home to find her father harassed by a sheriff intent on confiscating the livestock on their ranch under shady pretenses.
s6448,Movie,Charlie's Angels: Full Throttle,McG,"['Cameron Diaz', 'Drew Barrymore', 'Lucy Liu', 'Bernie Mac', 'Crispin Glover', 'Justin Theroux', 'Robert Patrick', 'Demi Moore', 'Rodrigo Santoro', 'Shia LaBeouf', 'Matt LeBlanc', 'Luke Wilson', 'John Cleese']",United States,"October 1, 2019",2003,PG-13,106 min,"['action', 'adventure', 'comedy']","In this reboot of the TV classic, the Angels are tasked with finding lost rings encoded with the personal information of people in witness protection."
s708,TV Show,Let's Eat,Sarawut Wichiensarn,"['Apinya Sakuljaroensuk', 'Mawin Taweephol', 'Nat Sakdatorn', 'Maneerat Kham-uan', 'Jaturong Mokjok', 'Pisamai Wilaisak', 'Rudklao Amratisha', 'Chatchaya Suthisuwan', 'Panapong Khaisang', 'May Haas']",,"June 16, 2021",2021,TV-14,1 Season,"['international', 'romance', 'comedy']",A food-blogging insurance agent encounters a friend from elementary school with a vendetta against him — but soon becomes her sidekick.
s7600,Movie,NOVA: Bird Brain,,['Craig Sechler'],United States,"July 1, 2019",2017,TV-G,53 min,"['family', 'documentary']",Scientists test avian aptitude and challenge concepts of intelligence with examples ranging from puzzle-solving crows to parrots with a sense of time.
s2796,TV Show,"Tiger King: Murder, Mayhem and Madness","Eric Goode, Rebecca Chaiklin",,United States,"March 20, 2020",2020,TV-MA,1 Season,"['crime', 'documentary']",A zoo owner spirals out of control amid a cast of eccentric characters in this true murder-for-hire story from the underworld of big cat breeding.
s161,TV Show,Major Dad,,"['Gerald McRaney', 'Shanna Reed', 'Nicole Dubuc', 'Chelsea Hertford', 'Marisa Ryan', 'Matt Mulhern', 'Beverly Archer', 'Jon Cypher']",United States,"September 1, 2021",1992,TV-PG,4 Seasons,['comedy'],"When he marries a journalist and becomes stepdad to her daughters, a U.S. Marine finds his once-orderly life no longer entirely under his command."
s7285,Movie,Legendary Weapons of China,Chia-Liang Liu,"['Gordon Liu', 'Chia Yung Liu', 'Hou Hsiao', 'Chia-Liang Liu', 'Tiet Wo Chu', 'Sheng Fu', 'Kara Hui']",Hong Kong,"August 16, 2018",1982,TV-14,101 min,"['action', 'adventure', 'cult', 'international']","Three assassins – magician Lei Ying, hit man Tieh Hon and kung fu master Ti Tan – are sent to Yunnan by their clan leader to bring to justice another clan member who betrayed the tribe."
s8737,TV Show,Who's the One,,"['Tien Hsin', 'Weber Yang', 'Pink Yang', 'Johnny Lu', 'Amanda Chou', 'Xiu Qin']",Taiwan,"January 1, 2017",2011,TV-14,1 Season,"['international', 'romance', 'comedy']","A doctor performs plastic surgery on a fat man who's been jilted, and continues his transformation by turning him into a handsome, desirable man."
s6447,Movie,Charlie and the Chocolate Factory,Tim Burton,"['Johnny Depp', 'Freddie Highmore', 'David Kelly', 'Helena Bonham Carter', 'Noah Taylor', 'Missi Pyle', 'James Fox', 'Deep Roy', 'Christopher Lee', 'Adam Godley', 'AnnaSophia Robb', 'Julia Winter', 'Jordan Fry', 'Philip Wiegratz']","United Kingdom, United States","January 1, 2020",2005,PG,115 min,"['family', 'comedy']",The eccentric Willy Wonka opens the doors of his candy factory to five lucky kids who learn the secrets behind his amazing confections.
s6259,TV Show,Be-Be-Bears,,"['Nataliya Medvedeva', 'Polina Kutepova']",Russia,"August 29, 2018",2018,TV-Y,1 Season,['family'],"Bear buddies Bucky and Bjorn play games, go on far-out adventures and learn about wondrous new things together."
s7348,Movie,Love on Delivery,Stephen Chow,"['Stephen Chow', 'Christy Chung', 'Ng Man-Tat']",Hong Kong,"August 16, 2018",1994,TV-14,93 min,"['action', 'adventure', 'comedy', 'international']","To prove himself to a love interest, a delivery boy learns dubious kung fu from an aging charlatan so he can challenge his archrival to a fight."
s398,TV Show,Feels Like Ishq,,"['Radhika Madan', 'Amol Parashar', 'Rohit Saraf', 'Kajol Chugh', 'Tanya Maniktala', 'Mihir Ahuja', 'Simran Jehani', 'Sanjeeta Bhattacharya', 'Saba Azaad', 'Skand Thakur', 'Zayn Marie Khan', 'Neeraj Madhav']",,"July 23, 2021",2021,TV-MA,1 Season,"['international', 'romance', 'comedy']",Short films follow young adults as they navigate the gamut of emotions that come with finding romantic connection in unexpected places.
s1431,TV Show,Pretend It’s a City,,['Fran Lebowitz'],United States,"January 8, 2021",2021,TV-14,1 Season,['documentary'],"Wander the New York City streets and fascinating mind of wry writer, humorist and raconteur Fran Lebowitz as she sits down with Martin Scorsese."
s7612,Movie,NOVA: Killer Hurricanes,Oliver Twinch,['Craig Sechler'],United States,"July 1, 2019",2017,TV-PG,52 min,['documentary'],"Scientists research the world’s deadliest hurricane, trying to understand what this 18th-century storm could tell us about our own future."
s8573,Movie,"Thelonious Monk: Straight, No Chaser",Charlotte Zwerin,"['Thelonious Monk', 'Samuel E. Wright']",United States,"November 1, 2019",1988,PG-13,89 min,"['documentary', 'music']",The spotlight shines on iconic jazz pianist and composer Thelonious Monk in this 1988 documentary featuring vintage performance clips and interviews.
s2813,Movie,Digs & Discoveries: Mines of Mystery,Joey So,"['Joseph May', 'Flaminia Cinque', 'Anna Francolini', 'Teresa Gallagher', 'Montserrat Lombard', 'Antonio Magro', 'Vincenzo Nicoli']",,"March 15, 2020",2019,TV-Y,23 min,['family'],"Amidst Italy's ancient sites and hidden treasures, Thomas is inspired to make his own special discovery, sending him on a journey to find a lost legend."
s2279,Movie,Mary Kom,Omung Kumar,"['Priyanka Chopra', 'Darshan Kumar', 'Sunil Thapa', 'Kenny Basumatary', 'Shishir Sharma', 'Robin Das', 'Rajni Basumatary', 'Lin Laishram', 'Shakti Singh']",India,"July 5, 2020",2014,TV-PG,120 min,"['drama', 'international', 'sport']",The daughter of a poor rice farmer overcomes the objections of her father and the demands of a male-dominated society to pursue a career in boxing.
s3046,TV Show,Dracula,,"['Claes Bang', 'Dolly Wells', 'John Heffernan']",United Kingdom,"January 4, 2020",2020,TV-14,1 Season,"['british', 'international', 'drama']",The Count Dracula legend transforms with new tales that flesh out the vampire's gory crimes – and bring his vulnerability into the light.
s5521,TV Show,Girlboss,,"['Britt Robertson', 'Ellie Reed', 'Johnny Simmons', 'Alphonso Mcauley']",United States,"April 21, 2017",2017,TV-MA,1 Season,['comedy'],"Rebellious and broke, Sophia stumbles into creating an online business and learns how to be the boss. A comedy inspired by the best-selling memoir."
s8081,Movie,Standoff,Adam Alleca,"['Thomas Jane', 'Laurence Fishburne', 'Joanna Douglas', 'John Tench', 'Ted Atherton', 'Jim Watson', 'Ella Ballentine']",Canada,"December 11, 2018",2015,R,86 min,"['action', 'adventure']","After witnessing an assassin's slaughter, a young girl holes up in a farmhouse with a suicidal vet, who must use wits and guts to fend off the killer."
s7125,Movie,Jeremy Scott: The People's Designer,Vlad Yudin,['Jeremy Scott'],United States,"April 1, 2016",2015,PG-13,109 min,['documentary'],The journey of fashion designer Jeremy Scott from humble roots on a Missouri farm to creative director of Moschino is charted in this documentary.
s8100,Movie,Straight Up,James Sweeney,"['James Sweeney', 'Katie Findlay', 'Randall Park', 'Hillary Anne Matthews', 'James Scully', 'Betsy Brandt']",United States,"June 26, 2020",2020,TV-MA,96 min,"['comedy', 'independent', 'lgbtq']","When a gay brainiac with OCD questions his identity, he enters a romantic relationship with a woman, leaving sex and physical intimacy out of it."
s8038,Movie,Sleepover,Joe Nussbaum,"['Alexa PenaVega', 'Mika Boorem', 'Jane Lynch', 'Sam Huntington', 'Sara Paxton', 'Brie Larson', 'Scout Taylor-Compton', 'Douglas Smith', 'Katija Pevec', 'Steve Carell', 'Jeff Garlin']",United States,"March 1, 2020",2004,PG,89 min,"['comedy', 'romance']","As high school approaches, four best friends have a summer sleepover and participate in a scavenger hunt against their popular archrivals."
s8106,Movie,Stripes,Ivan Reitman,"['Bill Murray', 'Harold Ramis', 'Warren Oates', 'P.J. Soles', 'Sean Young', 'John Candy', 'John Larroquette', 'John Voldstad', 'John Diehl', 'Lance LeGault', 'Judge Reinhold']",United States,"September 1, 2019",1981,R,106 min,"['classic', 'comedy', 'cult']","After losing everything, an indolent sad sack impulsively joins the U.S. Army and cajoles his best friend into enlisting, too."
s5244,TV Show,Noddy Toyland Detective,,,"France, United Kingdom, United States","October 1, 2017",2016,TV-Y,2 Seasons,['family'],"Toyland’s boy detective, Noddy, solves mysteries and finds missing objects with help from his friends: a panda, a superhero, a dinosaur and a robot."
s3066,TV Show,Messiah,,"['Michelle Monaghan', 'Mehdi Dehbi', 'John Ortiz', 'Tomer Sisley', 'Melinda Page Hamilton', 'Stefania LaVie Owen', 'Sayyid El Alami', 'Jane Adams', 'Wil Traval', 'Fares Landoulsi']",United States,"January 1, 2020",2020,TV-MA,1 Season,"['drama', 'thriller']",A wary CIA officer investigates a charismatic man who sparks a spiritual movement and stirs political unrest. A fictional story not based on true events.
s6778,Movie,For Grace,"Mark Helenowski, Kevin Pang",,United States,"March 2, 2016",2015,TV-PG,92 min,['documentary'],"As chef Curtis Duffy oversees every aspect of opening his own restaurant, Grace, he recalls his turbulent childhood and difficult adult relationships."
s6697,Movie,End of Watch,David Ayer,"['Jake Gyllenhaal', 'Michael Peña', 'Natalie Martinez', 'Anna Kendrick', 'David Harbour', 'Frank Grillo', 'America Ferrera', 'Cle Sloan', 'Jaime FitzSimons', 'Cody Horn', 'Shondrella Avery', 'America Ferrara']",United States,"November 23, 2019",2012,R,109 min,"['action', 'adventure']","Officers Taylor and Zavala patrol the streets of South Central Los Angeles, an area of the city ruled by gangs and riddled with drug violence."
s3663,Movie,"Frankenstein’s Monster’s Monster, Frankenstein",Daniel Gray Longino,"['David Harbour', 'Alex Ozerov', 'Kate Berlant', 'Mary Woronov', 'Alfred Molina', 'Heather Lawless', 'Michael Lerner', 'Marion Van Cuyck', 'Bridey Elliott', 'O-Lan Jones', 'Lidia Porto', 'Graham Wagner', 'Randolph Thompson']",United States,"July 16, 2019",2019,TV-14,32 min,['comedy'],"When actor David Harbour finds lost footage of his father's disastrous televised stage play of a literary classic, he uncovers shocking family secrets."
s7691,Movie,P.S. I Love You,Richard LaGravenese,"['Hilary Swank', 'Gerard Butler', 'Lisa Kudrow', 'Gina Gershon', 'James Marsters', 'Kathy Bates', 'Harry Connick Jr.', 'Nellie McKay', 'Jeffrey Dean Morgan', 'Dean Winters']",United States,"April 1, 2019",2007,PG-13,126 min,"['drama', 'romance']","When she loses her beloved husband to a brain tumor, grieving widow Holly Kennedy learns that he left a series of letters behind to help her cope."
s3307,TV Show,The End of the F***ing World,,"['Jessica Barden', 'Alex Lawther', 'Steve Oram', 'Christine Bottomley', 'Navin Chowdhry', 'Wunmi Mosaku', 'Gemma Whelan', 'Jonathan Aris', 'Eileen Davies']",United Kingdom,"November 5, 2019",2019,TV-MA,2 Seasons,"['british', 'international', 'comedy']",A budding teen psychopath and a rebel hungry for adventure embark on a star-crossed road trip in this darkly comic series based on a graphic novel.
s1470,Movie,What's Eating Gilbert Grape,Lasse Hallström,"['Johnny Depp', 'Leonardo DiCaprio', 'Juliette Lewis', 'Mary Steenburgen', 'Darlene Cates', 'Laura Harrington', 'Mary Kate Schellhardt', 'Kevin Tighe', 'John C. Reilly', 'Crispin Glover']",United States,"January 1, 2021",1993,PG-13,118 min,"['classic', 'drama', 'independent']","In a backwater Iowa town, young Gilbert is torn between taking care of his troubled family and a girl who shows him new possibilities for his life."
s4750,Movie,Coco y Raulito: Carrusel de ternura,"Raúl Campos, Jan Suter","['Coco Celis', 'Raúl Meneses']",Mexico,"July 27, 2018",2018,TV-MA,57 min,['comedy'],"A study in contrasts, comedy partners and good friends Coco Celis and Raúl Meneses alternate separate stand-up sets for double the laughs."
s457,TV Show,Her Private Life,,"['Park Min-young', 'Kim Jae-uk', 'Ahn Bo-hyun', 'Jung Je-won', 'Park Jin-joo', 'Kim Bo-ra', 'Maeng Sang-hun', 'Kim Mee-kyung', 'Kim Sun-young', 'Lee Il-hwa']",South Korea,"July 15, 2021",2019,TV-14,1 Season,"['international', 'romance', 'comedy']","An art curator's life unravels, as she tries to keep her pastime as a die-hard K-pop fan secret from her gallery's new director."
s7801,TV Show,Psiconautas,,"['Guillermo Toledo', 'Gabriel Goity', 'Florencia Peña', 'Julieta Zylberberg', 'Martín Piroyansky', 'Luis Ziembrowski', 'Verónica Llinás', 'Emilio Disi']",Argentina,"April 15, 2018",2016,TV-MA,2 Seasons,"['international', 'spanish', 'language', 'comedy']",A Spanish con man masquerades as a therapist and starts leading group sessions in Argentina for a crew of gullible misfits.
s6682,Movie,Elizabeth at 90: A Family Tribute,John Bridcut,,United Kingdom,"May 22, 2017",2016,TV-G,90 min,['documentary'],A blend of the royal family's intimate recollections and rarely seen home movies pays tribute to Queen Elizabeth II on the eve of her 90th birthday.
s5722,Movie,Kathleen Madigan: Bothering Jesus,Lorene Machado,['Kathleen Madigan'],United States,"November 10, 2016",2016,TV-MA,71 min,['comedy'],"The Irish American comic riffs on everything from growing up in Missouri, signing up her parents to be Uber drivers and anything to do with bacon."
s2218,TV Show,Fear City: New York vs The Mafia,,,United States,"July 22, 2020",2020,TV-MA,1 Season,"['crime', 'documentary']","Five Mafia families ruled New York with a bloody fist in the 1970s and '80s, until a group of federal agents tried the unthinkable: taking them down."
s526,TV Show,My Little Pony: Friendship Is Magic,,"['Ashleigh Ball', 'Tabitha St. Germain', 'Tara Strong', 'Andrea Libman', 'Cathy Weseluck', 'Nicole Oliver']","United States, Canada","July 6, 2021",2018,TV-Y,8 Seasons,['family'],"Journey to the enchanted land of Equestria, where unicorn Twilight Sparkle and her pals have adventures and learn valuable lessons about friendship."
s7943,TV Show,Satrangi,,['Deepali Sahay'],,"April 1, 2017",2014,TV-PG,1 Season,"['documentary', 'international']",Young musicians from 13 states in India demonstrate their cultural heritage by performing regional folk music using traditional instruments.
s7526,Movie,Mune: Guardian of the Moon,"Alexandre Heboyan, Benoît Philippon","['Joshua J. Ballard', 'Nicole Provost', 'Trevor Devall', 'Michael Dobson', 'Jonathan Love', 'Davey Grant']",France,"January 26, 2018",2014,PG,85 min,['family'],"When the old guardian of the moon retires, the mischievous Mune is chosen as his successor, but he worries he's not up to the job."
s5395,Movie,Hans Teeuwen: Real Rancour,Doesjka van Hoogdalem,['Hans Teeuwen'],Netherlands,"July 1, 2017",2018,TV-MA,86 min,['comedy'],"Comedian Hans Teeuwen rebels against political correctness, proclaims himself Britain's moral leader and takes on Donald Trump."
s5144,Movie,My Happy Family,"Nana Ekvtimishvili, Simon Gross","['Ia Shugliashvili', 'Merab Ninidze', 'Berta Khapava', 'Tsisia Qumsishvili', 'Giorgi Khurtsilava', 'Giorgi Tabidze', 'Goven Cheishvili', 'Dimitri Oragvelidze', 'Mariam Bokeria']","Georgia, Germany, France","December 1, 2017",2017,TV-14,119 min,"['drama', 'independent', 'international']","A middle-aged wife and mother of two shocks her traditional, multigenerational Georgian household when she announces she's going to live by herself."
s5402,TV Show,Spice Up,,"['Jeanette Aw', 'Patrick Lee', 'Huang Qi Ming', 'Sora Ma', 'Hong Huifang', 'Xu Bin', 'Chen Shucheng']",,"July 1, 2017",2014,TV-14,1 Season,"['international', 'romance', 'drama']",A spoiled young woman steps in to save her family’s restaurant with her cooking and tasting skills while balancing her complicated love life.
s11,TV Show,"Vendetta: Truth, Lies and The Mafia",,,,"September 24, 2021",2021,TV-MA,1 Season,"['crime', 'documentary', 'international']","Sicily boasts a bold ""Anti-Mafia"" coalition. But what happens when those trying to bring down organized crime are accused of being criminals themselves?"
s7752,Movie,Platoon,Oliver Stone,"['Tom Berenger', 'Willem Dafoe', 'Charlie Sheen', 'Forest Whitaker', 'Francesco Quinn', 'John C. McGinley', 'Richard Edson', 'Kevin Dillon', 'Reggie Johnson', 'Keith David']","United States, United Kingdom","November 1, 2020",1986,R,120 min,"['action', 'adventure', 'classic', 'drama']",A soldier grows disillusioned as he's caught between rival sergeants in this semi-autobiographical Vietnam War drama from writer-director Oliver Stone.
s8399,Movie,The Lobster,Yorgos Lanthimos,"['Colin Farrell', 'Jessica Barden', 'Rachel Weisz', 'Olivia Colman', 'Ashley Jensen', 'Ariane Labed', 'Aggeliki Papoulia', 'John C. Reilly', 'Léa Seydoux', 'Michael Smiley', 'Ben Whishaw']","Ireland, United Kingdom, Greece, France, Netherlands","December 2, 2018",2015,R,119 min,"['comedy', 'international', 'romance']","In a near-future world, single people are hunted and forced to find mates within 45 days, or be turned into animals and banished to the wilderness."
s3050,TV Show,"Sex, Explained",,['Janelle Monáe'],United States,"January 2, 2020",2020,TV-MA,1 Season,"['documentary', 'science', 'nature']","From the biology of attraction to the history of birth control, explore the ins and outs of sex in this entertaining and enlightening series."
s6210,Movie,Backfire,Dave Patten,"['Black Deniro', 'Byron ""Squally"" Vinson', 'Dominic Costa', 'Nick Ferraro', 'Peter Ferriero', 'Jowharah Jones']",United States,"April 5, 2019",2019,TV-MA,97 min,"['drama', 'independent', 'thriller']","When two would-be robbers accidentally kill a made man, they find themselves on the run from the South Philly Italian mob."
s5201,TV Show,Beyond Stranger Things,,"['Jim Rash', 'Matt Duffer', 'Ross Duffer', 'Shawn Levy', 'David Harbour', 'Finn Wolfhard', 'Millie Bobby Brown', 'Gaten Matarazzo', 'Caleb McLaughlin', 'Natalia Dyer', 'Charlie Heaton', 'Noah Schnapp', 'Joe Keery', 'Dacre Montgomery', 'Sadie Sink', 'Paul Reiser', 'Sean Astin', 'Randy Havens', 'Brett Gelman', 'Linnea Berthelsen']",United States,"October 27, 2017",2017,TV-14,1 Season,"['comedy', 'talkshow', 'mystery', 'sci-fi', 'fantasy']","Secrets from the ""Stranger Things 2"" universe are revealed as cast and guests discuss the latest episodes with host Jim Rash. Caution: spoilers ahead!"
s10,Movie,The Starling,Theodore Melfi,"['Melissa McCarthy', ""Chris O'Dowd"", 'Kevin Kline', 'Timothy Olyphant', 'Daveed Diggs', 'Skyler Gisondo', 'Laura Harrier', 'Rosalind Chao', 'Kimberly Quinn', 'Loretta Devine', 'Ravi Kapoor']",United States,"September 24, 2021",2021,PG-13,104 min,"['comedy', 'drama']",A woman adjusting to life after a loss contends with a feisty bird that's taken over her garden — and a husband who's struggling to find a way forward.
s7310,Movie,Lion's Heart,Karim El Sobky,"['Mohamed Ramadan', 'Hassan Hosny', 'Horeya Farghaly', 'Sayed Rajab', 'Aida Reyad', 'Omar Mustafa Metwally', 'Riham Ayman', 'Mohsen Mansour', 'Afaf Rashad', 'Maher Essam', 'Sabry Fawwaz', 'Hamdy Heykal', 'Sabry Abdel Moniem']",Egypt,"May 9, 2019",2013,TV-14,111 min,"['action', 'adventure', 'international']","Kidnapped as a child and raised in the circus, a young lion tamer’s tough side emerges when he gets entangled in an underworld murder mystery."
s5145,TV Show,Oggy and the Cockroaches,Olivier Jean-Marie,"['Don Michael Paul', 'Tony Sampson', 'Sam Vincent', 'Matt Hill', 'Greg Eagles', 'Peter Kelamis', 'Tara Strong', 'Rick Jones']",France,"December 1, 2017",2017,TV-Y7,1 Season,"['family', 'comedy']","Wimpy blue cat Oggy would like nothing more than to snooze, but he's constantly bothered by the three ugly cockroaches who have invaded his home."
s477,Movie,The Tour,Juraj Šajmovič,"['Miloš Knor', 'Lukáš Pavlásek', 'Tomáš Matonoha', 'Ester Kočičková', 'Michal Kavalčík', 'Richard Nedvěd']",,"July 10, 2021",2016,TV-MA,93 min,"['comedy', 'documentary', 'international']","Miloš Knor brings comedians Lukáš Pavlásek, Tomáš Matonoha, Ester Kočičková, Michal Kavalčík and Richard Nedvěd on a tour around the Czech Republic."
s5746,Movie,Joe Rogan: Triggered,Anthony Giordano,['Joe Rogan'],United States,"October 21, 2016",2016,TV-MA,64 min,['comedy'],"Unleashing his inquisitive, intense comedic style, Rogan explores everything from raising kids and Santa Claus to pot gummies and talking to dolphins."
s1609,Movie,3 Days to Kill,McG,"['Kevin Costner', 'Amber Heard', 'Hailee Steinfeld', 'Connie Nielsen', 'Tómas Lemarquis', 'Richard Sammel', 'Marc Andréoni', 'Bruno Ricci', 'Jonas Bloquet', 'Eriq Ebouaney']","United States, France, Serbia","December 1, 2020",2014,PG-13,117 min,"['action', 'adventure']",A terminally ill secret agent accepts a risky mission in exchange for an experimental drug that might save him – if he can survive its side effects.
s4638,TV Show,Boca Juniors Confidential,,,,"September 14, 2018",2018,TV-PG,1 Season,"['documentary', 'international', 'spanish', 'language']","Players, fans and staff of soccer powerhouse Boca Juniors provide an exclusive, behind-the-scenes look at Argentina's legendary club."
s8693,Movie,Walk with Me,"Marc Francis, Max Pugh","['Benedict Cumberbatch', 'Thich Nhat Hanh']",United Kingdom,"December 26, 2017",2017,TV-PG,94 min,['documentary'],A community of monks in France led by Zen Buddhist master Thich Nhat Hanh offers an intimate glimpse into mindfulness practice and the monastic life.
s2447,Movie,Cook Off,Tomas Brickhill,"['Tendaiishe Chitima', 'Tendai Nguni', 'Jesese Mungoshi', 'Eddie Sandifolo', 'Charmaine Mujeri', 'Kudzai Sevenzo', 'Fungai Majaya', 'Eugene Zimbudzi', 'Chimwemwe Chipidza', 'Kevin Hanssen', 'Zihlo', 'Michael Kudakwashe']",Zimbabwe,"June 1, 2020",2017,TV-G,100 min,"['comedy', 'international', 'romance']","Yearning for a better life, a single mother with a passion for cooking gets a shot at greatness when her son enters her into a top reality cooking show."
s132,Movie,Blade Runner: The Final Cut,Ridley Scott,"['Harrison Ford', 'Rutger Hauer', 'Sean Young', 'Edward James Olmos', 'M. Emmet Walsh', 'Daryl Hannah', 'William Sanderson', 'Brion James', 'Joe Turkel', 'Joanna Cassidy', 'James Hong', 'Morgan Paull']",United States,"September 1, 2021",1982,R,117 min,"['action', 'adventure', 'classic', 'cult']","In a smog-choked dystopian Los Angeles, blade runner Rick Deckard is called out of retirement to snuff a quartet of escaped ""replicants."""
s7140,Movie,Jonathan,Bill Oliver,"['Ansel Elgort', 'Suki Waterhouse', 'Douglas Hodge', 'Patricia Clarkson', 'Matt Bomer', 'Souleymane Sy Savane', 'Shunori Ramanathan', 'Joe Egender']",United States,"April 16, 2019",2018,TV-MA,101 min,"['drama', 'independent', 'sci-fi', 'fantasy']","Two siblings share a body, each getting it for 12 hours a day. But when one of them breaks the rules, their whole way of life comes crashing down."
s7272,Movie,Last Night,Massy Tadjedin,"['Keira Knightley', 'Sam Worthington', 'Guillaume Canet', 'Eva Mendes', 'Griffin Dunne', 'Anson Mount', 'Stephanie Romanov', 'Scott Adsit', 'Daniel Eric Gold']","United States, France","January 1, 2019",2010,R,93 min,"['drama', 'independent', 'romance']","During an evening apart, married couple Joanna and Michael encounter tempting opportunities to cheat on each other with sexy acquaintances."
s8506,Movie,The Show,Giancarlo Esposito,"['Josh Duhamel', 'Giancarlo Esposito', 'Famke Janssen', 'Sarah Wayne Callies', 'Caitlin Fitzgerald', 'Chris Ellis', 'Lucia Walters', 'James Franco']",United States,"June 1, 2020",2017,TV-MA,105 min,['drama'],A disillusioned reality TV host and an idealistic producer are lured by their network into producing a show in which participants kill themselves.
s8534,TV Show,The Traffickers,,['Nelufar Hedayat'],United States,"January 22, 2018",2016,TV-MA,1 Season,"['crime', 'documentary']","In this hard-hitting series, journalist Nelufar Hedayat travels the globe to expose an array of black markets, from guns and gold to human body parts."
s2291,Movie,Tanu Weds Manu,Aanand Rai,"['Madhavan', 'Kangana Ranaut', 'Jimmy Shergill', 'Deepak Dobriyal', 'Swara Bhaskar', 'Eijaz Khan', 'K.K. Raina', 'Rajendra Gupta', 'Ravi Kishan', 'Navni Parihar']",India,"July 5, 2020",2011,TV-14,114 min,"['comedy', 'drama', 'international']","When London-based doctor Manu reluctantly returns to India to find a bride, he meets the girl of his dreams – only to discover she loves another man."
s4748,TV Show,Kath and Kim,,"['Jane Turner', 'Gina Riley', 'Glenn Robbins', 'Peter Rowsthorn', 'Magda Szubanski']",Australia,"July 28, 2018",2007,TV-MA,6 Seasons,['comedy'],"As Kath prepares to wed fine-meats purveyor Kel, her daughter Kim moves back home after becoming disillusioned with her two-month marriage to Brett."
s3151,Movie,6 Underground,Michael Bay,"['Ryan Reynolds', 'Mélanie Laurent', 'Corey Hawkins', 'Dave Franco', 'Adria Arjona', 'Manuel Garcia-Rulfo', 'Ben Hardy', 'Lior Raz', 'Payman Maadi', 'Yuri Kolokolnikov', 'Kim Kold']",United States,"December 13, 2019",2019,R,129 min,"['action', 'adventure', 'drama']","After faking his death, a tech billionaire recruits a team of international operatives for a bold and bloody mission to take down a brutal dictator."
s2374,Movie,Saladin,Youssef Chahine,"['Ahmad Mazhar', 'Salah Zo El Faqqar', 'Nadia Lotfi', 'Hamdy Gheith', 'Laila Fawzy', 'Omar El-Hariri', 'Laila Taher', 'Hussein Riad', 'Mahmoud El Meleigy', 'Zaki Tolaimat']",Egypt,"June 18, 2020",1963,TV-MA,194 min,"['action', 'adventure', 'classic', 'drama']",The Sultan of Egypt and Syria launches a campaign to retake Jerusalem amid the Crusades.
s3944,TV Show,Spirit: Riding Free,,"['Amber Frank', 'Sydney Park', 'Bailey Gambertoglio', 'Darcy Rose Byrnes', 'Nolan North', 'Kari Wahlgren', 'Andy Pessoa', 'Tiya Sircar', 'Jonathan Craig WIlliams', 'Robert Knepper']",United States,"April 5, 2019",2019,TV-Y7,8 Seasons,['family'],"In a small Western town, spunky ex-city girl Lucky forms a tight bond with wild horse Spirit while having adventures with best pals Pru and Abigail."
s306,Movie,Tango Feroz,Marcelo Piñeyro,"['Fernán Mirás', 'Cecilia Dopazo', 'Imanol Arias', 'Héctor Alterio', 'Leonardo Sbaraglia', ""Federico D'Elía"", 'David Masajnik', 'Cristina Banegas', 'Ernesto Alterio', 'Antonio Birabent']","Argentina, Spain","August 5, 2021",1993,TV-MA,124 min,"['classic', 'drama', 'international']","One of the first rock stars in Argentina, Tango leads a full life during an era of social unrest – one of both glory and despair."
s3,TV Show,Ganglands,Julien Leclercq,"['Sami Bouajila', 'Tracy Gotoas', 'Samuel Jouy', 'Nabiha Akkari', 'Sofia Lesaffre', 'Salim Kechiouche', 'Noureddine Farihi', 'Geert Van Rampelberg', 'Bakary Diombera']",,"September 24, 2021",2021,TV-MA,1 Season,"['crime', 'international', 'action', 'adventure']","To protect his family from a powerful drug lord, skilled thief Mehdi and his expert team of robbers are pulled into a violent and deadly turf war."
s2007,TV Show,Buddi,,"['Greta Jameson', 'Ralf Jameson', 'Clementine Laikin', 'Felix Laikin']","United Kingdom, China","September 11, 2020",2020,TV-Y,2 Seasons,"['british', 'family']","The Buddis bounce, spin, glide — and giggle! — through their magical world, learning new things and sharing the joy of friendship."
s1236,TV Show,Pokémon Journeys: The Series,,"['Ikue Otani', 'Sarah Natochenny', 'Zeno Robinson', 'James Carter Cathcart', 'Michele Knotz', 'Cherami Leigh', 'Rodger Parsons', 'Ray Chase', 'Casey Mongillo']",,"March 5, 2021",2021,TV-Y7,4 Seasons,"['anime', 'family', 'action', 'adventure']","Young trainer Ash and his new friend Goh become research fellows at Professor Cerise's laboratory, traveling all over the world to learn about Pokémon."
s4243,Movie,Taylor Swift reputation Stadium Tour,Paul Dugdale,['Taylor Swift'],,"December 31, 2018",2018,TV-PG,125 min,['music'],"Taylor Swift takes the stage in Dallas for the reputation Stadium Tour and celebrates a monumental night of music, memories and visual magic."
s4036,TV Show,The Confrontation,,"['Hussein Almansour', 'Shujoon', 'Mohammed Alalawi', 'Noor Alghandour', 'Fahad Basim', 'Hamad Ashkanani']",,"March 8, 2019",2018,TV-PG,1 Season,"['international', 'drama']","A woman struggling with sleep paralysis begins a complicated relationship with the director of a media company, whose colleagues conspire against him."
s4641,TV Show,Super Monsters Monster Party,,"['Elyse Maloway', 'Vincent Tong', 'Erin Matthews', 'Andrea Libman', 'Alessandro Juliani', 'Nicole Anthony', 'Ian James Corlett', 'Britt McKillip', 'Kathleen Barr', 'Diana Kaarina']",,"September 14, 2018",2018,TV-Y,1 Season,['family'],"Sing along and move to this groovy collection of music videos featuring monster friends Katya, Lobo, Zoe, Drac, Cleo and Frankie!"
s3873,Movie,Knock Down The House,Rachel Lears,['Alexandria Ocasio-Cortez'],United States,"May 1, 2019",2019,PG,88 min,['documentary'],Go behind the scenes as four determined women – including Alexandria Ocasio-Cortez – challenge big-money politicians in the 2018 race for Congress.
s1453,Movie,Gimme Shelter,Ron Krauss,"['Vanessa Hudgens', 'James Earl Jones', 'Rosario Dawson', 'Ann Dowd', 'Stephanie Szostak', 'Emily Meade', 'Brendan Fraser', 'Dascha Polanco']",United States,"January 1, 2021",2013,PG-13,101 min,"['drama', 'independent']","After running away from her abusive mother, a streetwise teen seeks refuge with her father, but he rejects her when he learns that she's pregnant."
s8357,Movie,The Imaginarium of Doctor Parnassus,Terry Gilliam,"['Heath Ledger', 'Christopher Plummer', 'Andrew Garfield', 'Verne Troyer', 'Lily Cole', 'Tom Waits', 'Johnny Depp', 'Colin Farrell', 'Jude Law']","United Kingdom, Canada, France, United States","March 8, 2019",2009,PG-13,123 min,"['action', 'adventure', 'sci-fi', 'fantasy']","When a deal with the devil comes due, the immortal Doctor Parnassus must renegotiate the pact to save his daughter and right the wrongs of his past."
s6401,Movie,Caida del Cielo,Néstor Sánchez Sotelo,"['Muriel Santa Ana', 'Peto Menahem', 'Héctor Díaz', 'Sebastián Wainraich', 'Karina K.', 'Hernán Jiménez', 'Fabián Forte', 'Verónica Intile']",Argentina,"January 20, 2017",2016,TV-MA,78 min,"['comedy', 'international', 'romance']","When Julia literally falls into Alejandro's backyard from her apartment above, it's just the jolt that's needed to nudge these two loners together."
s4426,Movie,Asees,Rana Ranbir,"['Rana Ranbir', 'Neha Pawar', 'Kuljinder Sidhu', 'Rupinder Roopi', 'Sardar Sohi', 'Pardeep Sran', 'Seema Kaushal', 'Rajvir Boparai']",India,"November 1, 2018",2018,TV-14,123 min,"['drama', 'international', 'music']","When a dispute breaks out between five siblings over their mother’s property, one devoted son will go to any lengths to protect her land."
s1515,TV Show,Diamond City,,"['Noxee Maqashalala', 'Angela Sithole', 'Nambitha Ben-Mazwi', 'Thabang Molaba', 'Lehlohonolo Makoko', 'Ilse Klink', 'Makgano Mamabolo', 'Tshepo Maseko']",South Africa,"December 18, 2020",2019,TV-MA,1 Season,"['crime', 'international', 'drama']",A prominent prosecuting attorney must defend her innocence — and her life — when she's set up and sent to prison as she investigates a conspiracy.
s363,Movie,The Lost Café,Kenneth Gyang,"['Tunde Aladese', 'Omatta Udalor', 'Terje Lien', 'Ann Njemanze', 'Anders Lidin Hansen', 'Jenny Bonden', 'Belinda Effah', 'Anita Daniels', 'Silje Drensgrud', 'Torbjørn Jensen']",,"July 31, 2021",2018,TV-14,76 min,"['drama', 'international']",An aspiring filmmaker grapples with her decision to study abroad in Norway when she meets an insightful but peculiar owner of a curious coffee shop.
s2589,TV Show,Oh Yuck,,"['Kayne Tremills', 'Nia Roam', 'David Collins', 'Shane Dundas']",Canada,"May 1, 2020",2020,TV-G,1 Season,"['family', 'comedy']","Using a concoction of cartoons, comedy and live action, Dr. Yuck and his eccentric lab mates investigate the science behind the planet's ickiest things."
s7871,TV Show,Ripper Street,,"['Matthew Macfadyen', 'Jerome Flynn', 'Adam Rothenberg', 'David Wilmot', 'MyAnna Buring', 'David Dawson', 'Amanda Hale', 'Charlene McKenna', 'Jonathan Barnwell', 'Clive Russell']","United Kingdom, Ireland","September 8, 2017",2017,TV-MA,5 Seasons,"['british', 'crime', 'drama']","It's been six months since the last Jack the Ripper killing, and East London is hopeful that his reign of terror might have run its course."
s8153,Movie,Tarzan 2,Brian Smith,"['Harrison Chad', 'George Carlin', 'Brad Garrett', 'Ron Perlman', 'Estelle Harris', 'Glenn Close', 'Lance Henriksen', 'Brenda Grate', 'Harrison Fahn']",United States,"June 23, 2017",2005,G,72 min,['family'],How did the King of the Jungle ascend to the throne? Find out in this charming prequel to the hit animated movie that catches Tarzan as a young child.
s6095,TV Show,Africa,,['David Attenborough'],United Kingdom,"April 28, 2016",2013,TV-PG,1 Season,"['british', 'documentary', 'international']","This five-part nature series chronicles fascinating stories of survival on the African continent, home to the most diverse animal life on the planet."
s7,Movie,My Little Pony: A New Generation,"Robert Cullen, José Luis Ucha","['Vanessa Hudgens', 'Kimiko Glenn', 'James Marsden', 'Sofia Carson', 'Liza Koshy', 'Ken Jeong', 'Elizabeth Perkins', 'Jane Krakowski', 'Michael McKean', 'Phil LaMarr']",,"September 24, 2021",2021,PG,91 min,['family'],"Equestria's divided. But a bright-eyed hero believes Earth Ponies, Pegasi and Unicorns should be pals — and, hoof to heart, she’s determined to prove it."
s7275,Movie,Leap Year,Anand Tucker,"['Amy Adams', 'Matthew Goode', 'Adam Scott', 'John Lithgow', ""Noel O'Donovan"", 'Tony Rohr', 'Pat Laffan', 'Alan Devlin', 'Ian McElhinney', 'Dominique McElligott']","United States, Ireland","November 15, 2019",2010,PG,100 min,"['comedy', 'romance']","Anna chooses February 29 to propose marriage to her boyfriend, but after meeting a charming innkeeper, she must evaluate her original plans."
s503,Movie,Tango With Me,Mahmood Ali-Balogun,"['Genevieve Nnaji', 'Joseph Benjamin', 'Joke Silva', 'Tina Mba', 'Ahmed Yerima', 'Bimbo Manuel', 'Sade Alder-Hayes']",Nigeria,"July 7, 2021",2010,TV-14,104 min,"['drama', 'international', 'romance']",A newly married couple journeys through self-discovery and healing while dealing with the aftermath of a traumatic event on their wedding night.
s791,Movie,Dream/Killer,Andrew Jenks,"['Bill Ferguson', 'Ryan Ferguson']",United States,"June 2, 2021",2015,TV-MA,109 min,['documentary'],This riveting crime doc follows Bill as he confronts America's broken judicial system after his son is falsely sentenced to 40 years in prison.
s4443,Movie,Himmatwala,Sajid Khan,"['Ajay Devgn', 'Tamannaah Bhatia', 'Paresh Rawal', 'Zarina Wahab', 'Mahesh Manjrekar']",India,"November 1, 2018",2013,TV-14,140 min,"['action', 'adventure', 'comedy', 'international']",A young man returns to his native village on a mission of vengeance after his father commits suicide in the wake of false accusations.
s6460,TV Show,Chewin' the Fat,,"['Ford Kiernan', 'Greg Hemphill', 'Karen Dunbar', 'Mark Cox', 'Paul Riley']",United Kingdom,"October 1, 2016",1999,TV-14,1 Season,"['british', 'comedy']","Petty criminals, dodgy decorators, full-bore Glaswegians and oddball documentary presenters converge in this sketch show that parodies Scottish life."
s3994,Movie,The Unmarried Wife,Maryo J. De los Reyes,"['Angelica Panganiban', 'Dingdong Dantes', 'Paulo Avelino', 'Maricar Reyes', 'Denise Laurel', 'Dimples Romana', 'Justin Cuyugan', 'Mart Escudero', 'Pamu Pamorada', 'Lei Andre Navarro', 'Irma Adlawan']",Philippines,"March 21, 2019",2016,TV-MA,130 min,"['drama', 'international', 'romance']","Tired of her husband's cheating, Anne begins a passionate new relationship – while still wondering if she should give her marriage another chance."
s574,Movie,Kung Fu Panda,"John Stevenson, Mark Osborne","['Jack Black', 'Dustin Hoffman', 'Angelina Jolie', 'Ian McShane', 'Seth Rogen', 'Lucy Liu', 'Jackie Chan', 'David Cross', 'Randall Duk Kim', 'James Hong']","United States, China","July 1, 2021",2008,PG,94 min,"['family', 'comedy']","When a powerful villain comes after peace in his valley, a lazy panda rises to the challenge to realize his destiny and become a kung fu warrior."
s6156,Movie,An Hour and a Half,Wael Ehsan,"['Eyad Nassar', 'Ahmed Bedir', 'Fathy Abdel Wahab', 'Sawsan Badr', 'Maged El Kedwany', 'Tarek Abdel Aziz', 'Karima Mokhtar', 'Yousra El Lozy', 'Somaya El Khashab', 'Mohamed Emam']",Egypt,"April 26, 2019",2012,TV-14,87 min,"['drama', 'international']","Based on the 2002 El Ayyat train accident, this drama begins 90 minutes before the explosion, following the lives of riders in the third-class cars."
s2110,Movie,John Was Trying to Contact Aliens,,,United States,"August 20, 2020",2020,TV-PG,17 min,"['documentary', 'lgbtq']","A rural electronics whiz broadcasts radio signals into space and monitors for signs of aliens, but makes a more important connection here on Earth."
s4265,TV Show,People Just Do Nothing,,"['Allan Mustafa', 'Hugo Chegwin', 'Asim Chaudhry', 'Lily Brazier', 'Olivia Jasmine Edwards', 'Dan Sylvester', 'Steve Stamp', 'Ruth Bratt', 'George Keywood', 'Maria Louis']",United Kingdom,"December 22, 2018",2018,TV-MA,5 Seasons,"['british', 'comedy']",Spinning old-school beats is just another day at the office for the naive DJs of a pirate radio station who juggle family life with their passion.
s5117,Movie,Jeremiah Tower: The Last Magnificent,Lydia Tenaglia,"['Jeremiah Tower', 'Anthony Bourdain', 'Mario Batali', 'Ruth Reichl']","Mexico, United States","December 20, 2017",2016,R,103 min,['documentary'],"This documentary profiles influential chef Jeremiah Tower, who played a pivotal role in the invention of a revolutionary new American cuisine."
s6681,Movie,Elephants Dream 4 Hour,Bassam Kurdali,"['Cas Jansen', 'Tygo Gernandt']",Netherlands,"August 23, 2018",2006,TV-MA,196 min,"['international', 'sci-fi', 'fantasy']","Friends Proog and Emo live in a capricious, seemingly infinite machine with a sinister purpose in this experimental computer-animated short."
s2595,Movie,Thomas & Friends: Marvelous Machinery: World of Tomorrow,Joey So,"['Joseph May', 'Keith Wickham', 'Yvonne Grundy', 'Matt McCooey', 'Joe Swash', 'Jules De Jongh', 'Rob Rackstraw', 'Rachael Louise Miller', 'Mike Grady', 'Siu-See Hung']",,"May 1, 2020",2020,TV-Y,23 min,['family'],"Amid special demonstrations in Sodor, Thomas and the gang worry they'll be replaced by new inventions until a mission shows how useful they really are."
s7997,Movie,Shararat,Gurudev Bhalla,"['Abhishek Bachchan', 'Hrishitaa Bhatt', 'Amrish Puri', 'Mohnish Bahl', 'Helen', 'Om Puri', 'Ashish Vidyarthi', 'A.K. Hangal', 'Tinnu Anand', 'Daisy Irani', 'Dara Singh', 'Viju Khote', 'Shubha Khote']",India,"March 1, 2018",2002,TV-PG,148 min,"['comedy', 'international', 'music']","Unable to bribe his way out of a reckless driving charge, an arrogant rich kid is sentenced to community service at a home for senior citizens."
s2404,Movie,Menahi,Ayman Makram,"['Fayez Al-Malki', 'Mona Wasef', 'Abdel Imam Abdullah', 'Reem Abdel Aziz', 'Dana Jabr', 'Emad Al Youssef', 'Remas Mansoor', 'Khalid Mengah']",Saudi Arabia,"June 11, 2020",2008,TV-14,101 min,"['comedy', 'international']","A stranger to civilian life, a young Saudi farmer travels to Dubai, where he experiences a series of hilarious misadventures."
s3189,Movie,A Cinderella Story: Christmas Wish,Michelle Johnston,"['Laura Marano', 'Gregg Sulkin', 'Isabella Gomez', 'Johannah Newmarch', 'Lillian Doucet-Roche', 'Chanelle Peloso', 'Barclay Hope', 'Garfield Wilson']",United States,"December 1, 2019",2019,PG,86 min,"['family', 'comedy', 'music']","Despite her vain stepmother and mean stepsisters, an aspiring singer works as an elf at a Christmas tree lot and finds her own holiday miracle."
s7528,Movie,Murder Party,Jeremy Saulnier,"['Alex Barnett', 'Macon Blair', 'Paul Goldblatt', 'Stacy Rock', 'William Lacey', 'Beau Sia', 'Skei Saulnier', 'Chris Sharp', 'Bill Tangradi']",United States,"September 1, 2018",2007,NR,79 min,"['comedy', 'cult', 'horror']","A mild-mannered office drone plucks a Halloween party invitation off the street and suddenly finds himself the main event at a ""murder party."""
s2509,TV Show,Sweet Magnolias,,"['JoAnna Garcia Swisher', 'Brooke Elliott', 'Heather Headley', 'Chris Klein', 'Justin Bruening', 'Logan Allen', 'Anneliese Judge', 'Carson Rowland', 'Jamie Lynn Spears', 'Dion Johnstone']",United States,"May 19, 2020",2020,TV-14,1 Season,"['romance', 'drama']","Lifelong friends Maddie, Helen and Dana Sue lift each other up as they juggle relationships, family and careers in the small, Southern town of Serenity."
s8245,Movie,The Chord,Magdy Al-Hawwary,"['Mostafa Shaban', 'Ghada Adel', 'Arwa Gouda', 'Ahmed Salah Al-Saadany', 'Ashraf Zaki', 'Sawsan Badr', 'Fatma Nasser', 'Said Saleh', 'Ali Hassanein', 'Majed Abdulazim']",Egypt,"June 20, 2019",2010,TV-MA,101 min,"['drama', 'international', 'music']","A detective investigates the murder of a young musician, whose philandering lifestyle leaves a long list of suspects and a lot of questions."
s998,TV Show,Life in Color with David Attenborough,,['David Attenborough'],"Australia, United Kingdom","April 22, 2021",2021,TV-PG,1 Season,"['british', 'documentary', 'international']","Using innovative technology, this docuseries explores nature from a fresh perspective as animals use color to survive and thrive in the wild."
s8167,Movie,Terminator 3: Rise of the Machines,Jonathan Mostow,"['Arnold Schwarzenegger', 'Nick Stahl', 'Claire Danes', 'Kristanna Loken', 'David Andrews', 'Mark Famiglietti', 'Earl Boen', 'Moira Sinise', 'Chopper Bernet', 'Christopher Lawford']","United States, Germany, United Kingdom","January 1, 2020",2003,R,109 min,"['action', 'adventure', 'sci-fi', 'fantasy']","Ten years after John Connor saved Earth from Judgment Day, he encounters T-X, a robotic assassin ordered to finish what T-1000 started."
s4950,TV Show,Fallet,,"['Lisa Henni', 'Adam Godley', 'Tomas von Brömssen', 'Lia Boysen', 'Christoffer Nordenrot', 'Stina Rautelin', 'Erik Madsen', 'Magnus Krepper', 'Meliz Karlge', 'Linda Nilarve', 'Björn Granath', 'Richenda Carey', 'Dag Malmberg']",Sweden,"April 1, 2018",2017,TV-MA,1 Season,"['crime', 'international', 'comedy']",A Swedish detective and her timid British colleague's attempt to solve a gruesome murder case nets mixed results and miscommunication.
s7068,Movie,Incredibles 2 (Spanish Version),Brad Bird,"['Víctor Trujillo', 'Consuelo Duval', 'Darío T. Pie', 'Leyla Rangel', 'Oliver Díaz Barba', 'Dulce Guerrero', 'Eli Fucile', 'Martin Hernandez']",United States,"February 8, 2019",2018,PG,118 min,"['family', 'comedy']","When Elastigirl gets recruited for a high-profile crime-fighting mission, Mr. Incredible takes on his toughest assignment ever: full-time parenting."
s3297,Movie,Let It Snow,Luke Snellin,"['Isabela Moner', 'Shameik Moore', 'Kiernan Shipka', 'Odeya Rush', 'Liv Hewson', 'Mitchell Hope', 'Jacob Batalon', 'Joan Cusack', 'Matthew Noszka', 'Anna Akana', 'Miles Robbins', ""D'Arcy Carden"", 'Mason Gooding', 'Andrea De Oliveira', 'Victor Rivers']",United States,"November 8, 2019",2019,PG-13,93 min,"['comedy', 'drama', 'lgbtq']","A snowstorm hits a small town on a cold Christmas Eve, affecting the friendships, love lives and futures of several high school seniors."
s6735,Movie,Fall Girls,Chris Stokes,"['Amara La Negra', 'Erica Hubbard', 'Joely Fisher', 'Paris Phillips', 'Erica Peeples', 'Tami Roman', 'Alfred Thomas II', 'J-Boog', 'Hunter Ives', 'Dylan Mooney']",United States,"January 1, 2020",2019,TV-14,80 min,['comedy'],"Following a night of hard partying that left their tycoon boss dead, four women try to keep it a secret in hopes of closing a billion-dollar deal."
s6227,Movie,Band of Robbers,"Aaron Nee, Adam Nee","['Kyle Gallner', 'Adam Nee', 'Matthew Gray Gubler', 'Melissa Benoist', 'Hannibal Buress', 'Eric Christian Olsen', 'Stephen Lang', 'Daniel Edward Mora', 'Johnny Pemberton', 'Cooper Huckabee', 'Lee Garlington', 'Beth Grant', 'Creed Bratton']",United States,"April 15, 2016",2015,NR,95 min,"['action', 'adventure', 'comedy', 'independent']","Recast as modern-day men, Tom Sawyer and Huck Finn draft their misfit cronies to help find the buried treasure the two have sought since boyhood."
s3716,Movie,Mike Epps: Only One Mike,Kevin Bray,['Mike Epps'],United States,"June 25, 2019",2019,TV-MA,63 min,['comedy'],"In a raw stand-up comedy special, Mike Epps mixes it up as he tackles sexual misconduct, special ed, aging body parts and much more."
s8667,Movie,Used Goods,Mohamed Hamdy,"['Mohamed Ragab', 'Ayten Amer', 'Hassan Abdulfattah']",Egypt,"September 1, 2019",2018,TV-14,95 min,"['action', 'adventure', 'comedy', 'international']","To evade greedy pharmaceutical crooks, a medical scientist disguises himself as a struggling salesman to protect his groundbreaking cancer research."
s5009,Movie,Guru,Mani Ratnam,"['Abhishek Bachchan', 'Mithun Chakraborty', 'Aishwarya Rai Bachchan', 'Madhavan', 'Vidya Balan', 'Roshan Seth', 'Arya Babbar', 'Sachin Khedekar', 'Dhritiman Chatterjee', 'Manoj Joshi']",India,"March 1, 2018",2007,TV-PG,155 min,"['drama', 'international']",Ambitious Gurukant Desai ignores his father's advice and leaves his village to find success in Turkey.
s6786,TV Show,Forces of Nature,,,United Kingdom,"March 1, 2017",2016,TV-PG,1 Season,"['british', 'documentary', 'science', 'nature']","This dynamic series spans the globe to explain the complex natural forces that govern the planet, from shape and color to motion and the elements."
s5411,TV Show,Yours Fatefully,,"['Kingone Wang', 'Jesseca Liu', 'Xiang Yun', 'Chen Shucheng', 'Eelyn Kok', 'Cavin Soh', 'Sora Ma']",Singapore,"July 1, 2017",2012,TV-14,1 Season,"['international', 'romance', 'comedy']","Two lonely singles meet on a blind date and slowly get to know each other, unaware that their parents are friends and may be falling in love."
s6544,Movie,"Crouching Tiger, Hidden Dragon",Ang Lee,"['Chow Yun Fat', 'Michelle Yeoh', 'Zhang Ziyi', 'Chang Chen', 'Lung Hsiung', 'Cheng Pei-pei', 'Fa Zeng Li', 'Xian Gao', 'Yan Hai', 'De Ming Wang']","Taiwan, Hong Kong, United States, China","March 1, 2019",2000,PG-13,120 min,"['action', 'adventure', 'international', 'romance']",A young woman in ancient China longs for an adventurous life rather than a dull arranged marriage in Ang Lee's Oscar-winning martial arts epic.
s3133,Movie,Dil Dhadakne Do,Zoya Akhtar,"['Anil Kapoor', 'Priyanka Chopra', 'Ranveer Singh', 'Anushka Sharma', 'Farhan Akhtar', 'Shefali Shah', 'Rahul Bose', 'Parmeet Sethi', 'Vikrant Massey', 'Zarina Wahab', 'Aamir Khan']",India,"December 15, 2019",2015,TV-MA,174 min,"['comedy', 'drama', 'international']","While hosting a shipboard holiday for relatives and friends, a wealthy but dysfunctional family must face the ugly truths under their flawless facade."
s7983,TV Show,Sensitive Skin,,"['Kim Cattrall', 'Don McKellar', 'Nicolas Wright', 'Joanna Gleason', 'Colm Feore', 'Clé Bennett', 'Bob Martin', 'Elliott Gould']",Canada," December 1, 2019",2016,TV-MA,1 Season,['comedy'],Davina and Al try to revamp their lives as they struggle with the uncertainties of middle age in this darkly comic adaptation of the British hit.
s3602,TV Show,IZombie,,"['Rose McIver', 'Malcolm Goodwin', 'Rahul Kohli', 'Robert Buckley', 'David Anders', 'Aly Michalka']",United States,"August 9, 2019",2019,TV-MA,5 Seasons,"['comedy', 'drama', 'horror']",A medical student-turned-zombie tries to retain her humanity by eating brains at the morgue and finds she has an uncanny new gift for solving crimes.
s2568,Movie,Death Can Wait,Fernando Ayllón,"['Ricardo Quevedo', 'Nelson Polanía', 'Liss Pereira', 'Brian Moreno', 'Ana Cristina Botero', 'Jairo Ordóñez', 'Luis Alberto Saavedra', 'Blanca Ligia Franco', 'Marianne Schaller Romero', 'Shirley Marulanda']",Colombia,"May 2, 2020",2020,TV-14,91 min,"['comedy', 'international']","After learning he may die soon, a modest accountant pulls off a shady money scheme and heads to Europe, where he's faced with a life-or-death situation."
s5460,TV Show,Off Camera,,['Sam Jones'],United States,"June 1, 2017",2015,TV-MA,3 Seasons,"['comedy', 'talkshow']","Photographer, writer and director Sam Jones sets his famous guests at ease with his freewheeling, insightful celebrity interviews without agendas."
s1522,Movie,Rabun,Yasmin Ahmad,"['M. Rajoli', 'Kartina Aziz', 'Rozie Rashid', 'Irwan Iskandar', 'Noor Khiriah', 'Hafiz Ibrahim']",Malaysia,"December 18, 2020",2004,TV-PG,85 min,"['drama', 'independent', 'international']","A free-spirited couple leave the city to retire in the country. But when they're swindled by a relative, life in the countryside loses its luster."
s2849,Movie,Luccas Neto in: The End of Christmas,Lucas Margutti,"['Luccas Neto', 'Giovanna Alparone', 'Cleber Salgado', 'Bruno Bebianno', 'Lucas Margutti', 'Vivian Duarte']",Brazil,"March 3, 2020",2019,TV-Y,71 min,"['family', 'comedy', 'music']","To save Christmas, Luccas and Gi head to the North Pole and are recruited by Santa Claus to find all the gifts that have mysteriously disappeared."
s7849,Movie,Refugee,"Clementine Malpas, Leslie Knott","['Cate Blanchett', 'Lynsey Addario', 'Omar Victor Diop', 'Graciela Iturbide', 'Martin Schoeller', 'Tom Stoddart']",,"March 10, 2017",2016,TV-PG,24 min,['documentary'],Five acclaimed photographers travel the world to provide detailed insight into the difficult conditions faced by refugees who dream of a better life.
s4814,TV Show,Hotel Transylvania,,"['Bryn McAuley', 'Evany Rosen', 'Gage Munroe', 'Joseph Motiki', 'Dan Chameroy', 'David Berni', 'John McGrath']","United States, Canada","June 26, 2018",2017,TV-Y7,1 Season,"['family', 'comedy']","With her dad away, Mavis is so ready for adventure – if strict Aunt Lydia doesn't stop her first. Set four years before the ""Hotel Transylvania"" film."
s1865,TV Show,Kipo and the Age of Wonderbeasts,,"['Karen Fukuhara', 'Sydney Mikayla', 'Deon Cole', 'Coy Stewart', 'Dee Bradley Baker', 'Sterling K. Brown', 'Dan Stevens', 'Jake Green', 'Steve Blum']",United States,"October 12, 2020",2020,TV-Y7,3 Seasons,"['family', 'comedy']","Making her way through a world of mutant animals, a sheltered yet scrappy girl learns how to survive – and get home – with help from her ragtag crew."
s2593,Movie,The Heartbreak Kid,"Bobby Farrelly, Peter Farrelly","['Ben Stiller', 'Michelle Monaghan', 'Jerry Stiller', 'Malin Akerman', 'Stephanie Courtney', 'Rob Corddry', 'Carlos Mencia', 'Ali Hillis', 'Danny McBride', 'Scott Wilson']",United States,"May 1, 2020",2007,R,116 min,"['comedy', 'romance']","Ben Stiller stars as a newlywed who marries a dreamy woman, only to learn on their honeymoon that she's a total nightmare."
s5861,Movie,My Beautiful Broken Brain,"Sophie Robinson, Lotje Sodderland","['Sophie Robinson', 'Lotje Sodderland']",United Kingdom,"March 18, 2016",2016,TV-14,84 min,"['documentary', 'international']","After suffering a stroke at age 34, a woman documents her struggles, setbacks and eventual breakthrough as she relearns to speak, read and write."
s4692,Movie,Mersal,Atlee Kumar,"['Joseph Vijay', 'S.J. Surya', 'Kajal Aggarwal', 'Samantha Ruth Prabhu', 'Nithya Menon', 'Vadivelu', 'Sathyaraj']",India,"August 21, 2018",2017,TV-14,162 min,"['action', 'adventure', 'drama', 'international']","A detective arrests a doctor for crimes targeting medical professionals but later finds the real culprit in a tale of revenge, corruption and magic."
s2825,TV Show,The Valhalla Murders,,"['Nína Dögg Filippusdóttir', 'Björn Thors', 'Bergur Ebbi', 'Aldís Amah Hamilton', 'Sigurður Skúlason', 'Tinna Hrafnsdóttir', 'Arndís Hrönn Egilsdóttir', 'Edda Björgvinsdóttir', 'Valur Freyr Einarsson', 'Damon Younger']",Iceland,"March 13, 2020",2020,TV-MA,1 Season,"['crime', 'international', 'drama']",An Oslo detective with a painful past returns to his native Iceland to help a dedicated cop hunt a serial killer with a link to a mysterious photo.
s4024,TV Show,The Land of Hypocrisy,,"['Mohamed Henedy', 'Dalal Abdel Aziz', 'Hana Shiha', 'Mohammed Tharwat', 'Salwa Mohammed', 'Mohammed Hafiz', 'Ibrahim Issa', 'Leila Ezz Al Arab', 'Mohammed Mahmoud']",Egypt,"March 13, 2019",2018,TV-14,1 Season,"['international', 'comedy', 'sci-fi', 'fantasy']",A hardworking man in a thankless job meets a mysterious doctor who sells him powerful pills that throw his life into disarray.
s3775,TV Show,Black Mirror,,"['Jesse Plemons', 'Cristin Milioti', 'Jimmi Simpson', 'Rosemarie DeWitt', 'Douglas Hodge', 'Andrea Riseborough', 'Brenna Harding', 'Owen Teague', 'Andrew Gower', 'Kiran Sonia Sawar', 'Georgina Campbell', 'Joe Cole', 'Maxine Peake', 'Jake Davies', 'Clint Dyer', 'Letitia Wright', 'Babs Olusanmokun', 'Bryce Dallas Howard', 'Alice Eve', 'Michael Kelly', 'Cherry Jones', 'Gugu Mbatha-Raw', 'Mackenzie Davis', 'Wyatt Russell', 'Benedict Wong', 'Kelly Macdonald', 'Faye Marsay', 'Madeline Brewer', 'Hannah John-Kamen', 'Malachi Kirby', 'Alex Lawther', 'Jerome Flynn', 'James Norton', 'Rory Kinnear', 'Lindsay Duncan', 'Daniel Kaluuya', 'Jessica Brown Findlay', 'Rupert Everett', 'Toby Kebbell', 'Jodie Whittaker', 'Hayley Atwell', 'Domhnall Gleeson', 'Lenora Crichlow', 'Michael Smiley', 'Daniel Rigby', 'Chloe Pirrie', 'Jason Flemyng', 'Jon Hamm', 'Oona Chaplin', 'Rafe Spall']",United Kingdom,"June 5, 2019",2019,TV-MA,5 Seasons,"['british', 'international', 'drama']","This sci-fi anthology series explores a twisted, high-tech near-future where humanity's greatest innovations and darkest instincts collide."
s4049,Movie,River's Edge,Isao Yukisada,"['Fumi Nikaido', 'Ryo Yoshizawa', 'Shuhei Uesugi', 'Sumire', 'Shiori Doi', 'Aoi Morikawa']",Japan,"March 2, 2019",2018,TV-MA,118 min,"['drama', 'international']","High schooler Haruna befriends loner Yamada, then is drawn into the tangled relationship between him, a model and the girl who loves him unreasonably."
s6084,Movie,Acapulco La vida va,Alfonso Serrano Maturino,"['Patricio Castillo', 'Sergio Bustamante', 'Alejandro Suárez', 'Luz María Jerez', 'Bob Isaacs', 'Tere Monroy']",Mexico,"June 3, 2017",2016,TV-MA,89 min,"['comedy', 'drama', 'international']","Three lifelong friends travel to Acapulco ostensibly so one of them can find his lost love, but the real reason behind the trip holds some surprises."
s2284,Movie,Only,Takashi Doscher,"['Freida Pinto', 'Leslie Odom Jr.', 'Chandler Riggs', 'Jayson Warner Smith', 'Joshua Mikel', 'Mark Ashworth', 'Tia Hendricks', 'Richard Hempton', 'Noor Naghmi', 'Maggie Parto']",United States,"July 5, 2020",2019,TV-MA,97 min,"['drama', 'independent', 'romance']",A couple must endure a self-imposed quarantine and elude authorities after a mysterious virus proves lethal to the world’s female population.
s7078,Movie,Inglourious Basterds,Quentin Tarantino,"['Brad Pitt', 'Mélanie Laurent', 'Christoph Waltz', 'Eli Roth', 'Michael Fassbender', 'Diane Kruger', 'Daniel Brühl', 'Til Schweiger', 'Gedeon Burkhard', 'Jacky Ido', 'B.J. Novak', 'Sylvester Groth', 'Martin Wuttke']","Germany, United States","July 22, 2019",2009,R,153 min,"['action', 'adventure']","A Jewish cinema owner in occupied Paris is forced to host a Nazi premiere, where a group of American soldiers called the Basterds plans a face-off."
s2888,Movie,Full Count,Robert Eagar,"['John Paul Kakos', 'Natalia Livingston', 'E. Roger Mitchell', 'Rick Hearst', 'Jason London', 'Victoria Elizabeth Staley', 'Adam Boyer']",United States,"February 23, 2020",2019,TV-PG,110 min,"['family', 'drama', 'faith']","When tragic events force an aspiring baseball player to forgo his big league dreams and return home, saving the family farm grants him renewed purpose."
s1910,Movie,Free State of Jones,Gary Ross,"['Matthew McConaughey', 'Gugu Mbatha-Raw', 'Mahershala Ali', 'Keri Russell', 'Christopher Berry', 'Sean Bridgers', 'Jacob Lofland', 'Thomas Francis Murphy', 'Bill Tangradi']",United States,"October 1, 2020",2016,R,139 min,"['action', 'adventure', 'drama']",A Mississippi farmer turns outlaw as he leads a ragtag band of fellow Civil War deserters and escaped slaves in a rebellion against the Confederacy.
s4468,Movie,Gun City,Dani de la Torre,"['Luis Tosar', 'Michelle Jenner', 'Vicente Romero', 'Manolo Solo', 'Paco Tous', 'Adriana Torrebejano', 'Pep Tosar', 'Jaime Lorente', 'Ernesto Alterio', 'Fernando Cayo']","Spain, France","October 31, 2018",2018,TV-MA,126 min,"['drama', 'international', 'thriller']","In 1921 Barcelona, amid unrest between anarchists and the police, a cop plays both sides to learn who stole army weapons that could ignite a civil war."
s5022,Movie,Yuva,Mani Ratnam,"['Ajay Devgn', 'Abhishek Bachchan', 'Vivek Oberoi', 'Esha Deol', 'Kareena Kapoor', 'Rani Mukerji', 'Loveleen Mishra', 'Anant Nag', 'Om Puri', 'Vijay Raaz', 'Sonu Sood']",India,"March 1, 2018",2004,TV-14,160 min,"['drama', 'international']","An accident on a bridge ties together three young men from different social classes, sparking a course of events that will forever alter their lives."
s1304,Movie,The Most Unknown,Ian Cheney,,United States,"February 17, 2021",2018,TV-PG,92 min,['documentary'],"Traversing disciplines from physics to psychology, nine scientists share ideas and seek common ground by delving into deep existential questions."
s5087,Movie,Tom Segura: Disgraceful,Jay Karas,['Tom Segura'],United States,"January 12, 2018",2018,TV-MA,71 min,['comedy'],"Tom Segura gives voice to the sordid thoughts you'd never say out loud, with blunt musings on porn, parking lot power struggles, parenthood and more."
s7443,Movie,Men in Black,Barry Sonnenfeld,"['Tommy Lee Jones', 'Will Smith', 'Linda Fiorentino', ""Vincent D'Onofrio"", 'Rip Torn', 'Tony Shalhoub', 'Siobhan Fallon Hogan', 'Mike Nussbaum', 'Jon Gries', 'Sergio Calderón']",United States,"October 19, 2019",1997,PG-13,98 min,"['action', 'adventure', 'comedy', 'sci-fi', 'fantasy']","A streetwise cop teams with a veteran government agent to work for a super-secret, extremely dapper team that monitors extraterrestrials on Earth."
s2281,Movie,Mumbai Delhi Mumbai,Satish Rajwade,"['Shiv Pandit', 'Piaa Bajpai']",India,"July 5, 2020",2014,TV-MA,107 min,"['comedy', 'international', 'romance']","In Delhi for the first time, a Mumbai girl loses her phone but gets a surprise chance at true love with a local boy who begrudgingly helps her."
s1475,Movie,Tarung Sarung,Archie Hekagery,"['Panji Zoni', 'Yayan Ruhian', 'Maizura', 'Cemal Farukh', 'Imelda Therinne', 'Surya Saputra', 'Jarot Superdj', 'Doyok Superdj', 'Hajra Romessa', 'Annette Edoarda']",Indonesia,"December 31, 2020",2020,TV-PG,116 min,"['action', 'adventure', 'drama', 'faith']","Wealthy and spoiled, a young man finds something to fight for when he falls in love with an environmental activist protesting his family's business."
s5154,Movie,The Girl from the Song,Ibai Abad,"['Lewis Rainer', 'Josephine Berry', 'Charlotte Atkinson', 'Charles MacGechan']",Spain,"November 24, 2017",2016,TV-MA,101 min,"['drama', 'independent', 'international']","When an aspiring musician falls for a carefree college student, he follows her to the Nevada desert to declare his love to her and find himself."
s4091,TV Show,Z4,,"['Apollo Costa', 'Gabriel Santana', 'Matheus Lustosa', 'Pedro Rezende', 'Werner Schünemann', 'Manu Gavassi', 'Angela Dippe', 'Negra Li', 'Patrícia de Sabrit', 'César Pezzuoli', 'Carol Loback', 'Marina Brandão']",Brazil,"February 22, 2019",2018,TV-PG,2 Seasons,['family'],Fading music biz veteran Zé realizes he has just one more chance at redemption: He must assemble a hit boy band from a ragtag group of pop newbies.
s940,Movie,Motu Patlu in Wonderland,Suhas Kadav,"['Saurav Chakraborty', 'Omi Sharma', 'Sankalp', 'Brian D Costa', 'Renu Sharda', 'Chinmey Sharma', 'Anamay Verma', 'Parminder Ghumman', 'Shailendra Pandey', 'Ravi Rajesh']",,"May 1, 2021",2013,TV-Y7,76 min,"['family', 'music']","When pals Motu and Patlu take a ride in their scientist friend’s newly built plane, a crash-landing on a strange island leads to action and adventure."
s5750,Movie,Bleach the Movie: Hell Verse,Noriyuki Abe,"['Masakazu Morita', 'Fumiko Orikasa', 'Kazuya Nakai', 'Noriaki Sugiyama', 'Kentarô Itô', 'Yuki Matsuoka', 'Ryotaro Okiayu', 'Romi Park']",Japan,"October 15, 2016",2010,TV-14,94 min,"['action', 'adventure', 'anime', 'sci-fi', 'fantasy']","When a group of vicious Sinners plots to escape from this eternal prison in Hell, they discover that Substitute Soul Reaper Ichigo is the key to their freedom. The Sinners launch an attack and in the process kidnap Ichigo's younger sister."
s2650,Movie,This Earth of Mankind,Hanung Bramantyo,"['Iqbaal Ramadhan', 'Mawar de Jongh', 'Sha Ine Febriyanti', 'Giorgino Abraham', 'Bryan Domani', 'Jerome Kurnia', 'Donny Damara', 'Ayu Laksmi']",Indonesia,"April 23, 2020",2019,TV-14,180 min,"['drama', 'international']",A Javanese royal and half-Dutch woman fall in love as Indonesia rises to independence from colonial rule. Based on Pramoedya Ananta Toer's famed novel.
s7932,Movie,Sanai Choughade,Rajeev Patil,"['Shreyas Talpade', 'Subodh Bhave', 'Sai Tamhankar', 'Santosh Juvekar', 'Tushar Dalvi', 'Bharti Aacharekar']",India,"January 1, 2018",2008,TV-14,122 min,"['comedy', 'drama', 'international']","In an effort to honor the family matriarch's dying wish, Urmila and her husband, Shrikant, embark on a quest to find a husband for charismatic yet choosey Sai. But some things are easier said than done."
s6844,Movie,Getting Played,David Silberg,"['Carmen Electra', 'Stacey Dash', 'Vivica A. Fox', 'Bill Bellamy', 'Kathy Najimy', 'Joe Torry', 'Dorian Gregory', 'Mindy Sterling', 'Joseph C. Phillips', 'Larry B. Scott', 'Michael Jai White', 'Sheryl Underwood', 'Earthquake']",United States,"November 1, 2019",2005,PG-13,85 min,"['comedy', 'romance']","Tired of dealing with boyfriends who wrong them, gal pals Lauren, Emily and Andrea decide to turn the tables and become the players themselves."
s4586,Movie,Motor Mitraan Di,Amitoj Mann,"['Gurpreet Guggi', 'Happy Raikoti', 'Vikram Singh', 'Sonia Mann', 'Yograj Singh', 'Sardar Sohi', 'Harsharan Singh', 'Anita Meet', 'Prakash Gadhu', 'Gurmeet Sajan']",India,"October 1, 2018",2016,TV-PG,117 min,"['comedy', 'international']","When three brothers unwittingly get entangled in a murder associated with a fraudulent ashram leader, they set out to expose him to society as a fake."
s2058,Movie,Sky Tour: The Movie,Nguyen Thanh Tung,['Son Tung M-TP'],Vietnam,"September 2, 2020",2020,TV-G,93 min,"['documentary', 'international', 'music']","From the preparations to the performances, this documentary showcases Vietnamese pop idol Sơn Tùng M-TP and the passion behind his Sky Tour concerts."
s7215,TV Show,Kiss The Series,,"['Lapassalal Jiravechsoontornkul', 'Mook Worranit Thawornwong', 'Jirakit Thawornwong', 'Sattaphong Phiangphor']",,"May 26, 2019",2016,TV-14,1 Season,"['international', 'romance', 'drama']","After a night out, Sandee wakes to discover she and her buddy have either taken their platonic friendship to a whole new level or ruined it forever."
s1655,TV Show,Before 30,BB Sasore,"['Damilola Adegbite', 'O.C. Ukeje', 'Beverly Naya', 'Meg Otanwa', 'Anee Icha', 'Patrick Diabuah', 'Tunbosun Aiyedehin', 'Patrick Doyle']",Nigeria,"November 24, 2020",2015,TV-MA,1 Season,"['international', 'romance', 'comedy']","Four female friends in the fast-paced city of Lagos, Nigeria endure public and private pressures to walk down the aisle by the age of 30."
s3084,TV Show,Pucca: Love Recipe,,"['Jeonghwa Yang', 'Yongwoo Shin', 'Doug Erholtz', 'Melissa Fahn', 'Karen Strassman', 'Kirk Thornton', 'Spike Spencer']",,"December 31, 2019",2018,TV-Y7,1 Season,"['family', 'korean']","Faced with a threat to the survival of her family restaurant, as well as a rival for Garu's heart, Pucca fights for all that she loves."
s8507,Movie,The Sign of Venus,Dino Risi,"['Sophia Loren', 'Franca Valeri', 'Vittorio De Sica', 'Raf Vallone', 'Virgilio Riento', 'Tina Pica', 'Lina Gennari', 'Eloisa Cianni', 'Leopoldo Trieste', 'Maurizio Arena', 'Franco Fantasia', 'Peppino De Filippo', 'Alberto Sordi']",Italy,"November 13, 2020",1955,TV-14,97 min,"['classic', 'comedy', 'independent']","While suitors swoon over her cousin, a single woman takes initiative in finding herself a partner after receiving a favorable romantic fortune."
s5696,Movie,#Rucker50,Robert McCullough Jr.,,United States,"December 1, 2016",2016,TV-PG,56 min,"['documentary', 'sport']",This documentary celebrates the 50th anniversary of the Harlem sports program that has inspired countless city kids to become pro basketball players.
s7648,Movie,Oklahoma City,Barak Goodman,,United States,"April 19, 2017",2017,TV-14,102 min,['documentary'],Domestic terrorist Timothy McVeigh's bomb attack on an Oklahoma City federal building in 1995 is chronicled in this examination of the shocking event.
s7540,Movie,My Life as a Zucchini,Claude Barras,"['Gaspard Schlatter', 'Sixtine Murat', 'Paulin Jaccoud', 'Michel Vuillermoz', 'Raul Ribera', 'Estelle Hennard', 'Elliot Sanchez', 'Lou Wick', 'Brigitte Rosset', 'Natacha Koutchoumov', 'Monica Budde', 'Adrien Barazzone', 'Will Forte', 'Nick Offerman', 'Ellen Page', 'Amy Sedaris']","Switzerland, France","October 1, 2017",2016,PG-13,68 min,"['comedy', 'drama', 'international']","A 9-year-old boy finds his life upended when he's sent to live in an orphanage in this stop-motion animated tale of loss, friendship and young love."
s6749,Movie,Figaro Pho,Luke Jurevicius,['Luke Jurevicius'],United Kingdom,"September 1, 2016",2008,TV-Y7,29 min,"['family', 'comedy']",Quirky little Figaro has a whole alphabet's worth of phobias. These wordless animated shorts follow his many fears from A to Z.
s7660,Movie,Once Upon a Time in the West,Sergio Leone,"['Henry Fonda', 'Charles Bronson', 'Claudia Cardinale', 'Jason Robards', 'Gabriele Ferzetti', 'Paolo Stoppa', 'Woody Strode', 'Jack Elam', 'Keenan Wynn', 'Frank Wolff', 'Lionel Stander']","Italy, United States","November 20, 2019",1968,PG-13,166 min,"['action', 'adventure', 'classic', 'international']","In this epic spaghetti Western, a flinty gunslinger is hired by a railroad tycoon to kill anyone standing in the way of his trans-American iron horse."
s6939,Movie,Haunters: The Art of the Scare,Jon Schnitzer,,United States,"January 2, 2018",2017,TV-MA,89 min,"['documentary', 'horror']","This documentary takes us into the world of those who create horror simulations for willing audiences, and examines the culture they have spawned."
s5278,Movie,#realityhigh,Fernando Lebrija,"['Nesta Cooper', 'Kate Walsh', 'John Michael Higgins', 'Keith Powers', 'Alicia Sanz', 'Jake Borelli', 'Kid Ink', 'Yousef Erakat', 'Rebekah Graf', 'Anne Winters', 'Peter Gilroy', 'Patrick Davis']",United States,"September 8, 2017",2017,TV-14,99 min,['comedy'],"When nerdy high schooler Dani finally attracts the interest of her longtime crush, she lands in the cross hairs of his ex, a social media celebrity."
s2764,Movie,Dragons: Rescue Riders: Hunt for the Golden Dragon,"TJ Sullivan, Greg Rankin","['Noah Kaye Bentley', 'Brennley Brown', 'Zach Callison', 'Nicolas Cantu', 'Skai Jackson', 'Marsai Martin', 'Andre Robinson', 'Carlos Alazraqui', 'Jeff Bennett', 'Grey Griffin', 'Mary Elizabeth McGlynn']",United States,"March 27, 2020",2020,TV-Y,46 min,"['family', 'comedy']","It's the treasure hunt of a lifetime for the Rescue Riders, who must race to find a precious golden dragon egg and protect it from evil pirates."
s1273,TV Show,Age of Samurai: Battle for Japan,,"['Masayoshi Haneda', 'Masami Kosaka', 'Hideaki Ito', 'Hayate', 'Wilfred Lee', 'Philippe Koo']",United States,"February 24, 2021",2021,TV-MA,1 Season,"['documentary', 'international']",Dynamic reenactments and expert commentaries bring to life the tumultuous history and power struggles of a warring 16th-century feudal Japan.
s2769,Movie,The Decline,Patrice Laliberté,"['Guillaume Laurin', 'Marie-Evelyne Lessard', 'Réal Bossé', 'Marc-André Grondin', 'Marc Beaupré', 'Marilyn Castonguay', 'Guillaume Cyr', 'Isabelle Giroux', 'Juliette Maxyme Proulx']",Canada,"March 27, 2020",2020,TV-MA,83 min,"['action', 'adventure', 'international']",An accident at a remote training camp leaves a group of survivalists bitterly divided — and caught in a brutal fight for their lives.
s7948,Movie,Savage Raghda,Mahmoud Karim,"['Ramez Galal', 'Riham Hagag', 'Bayyumi Fuad', 'Entessar', 'Ahmed Fathy', 'Mohammed Tharwat']",Egypt,"June 13, 2019",2018,TV-MA,93 min,"['comedy', 'international', 'romance']","Desperate to support his son, a single father uses his talent with makeup to dress up as a woman to try out for a part in a commercial."
s7593,Movie,No Reservations,Scott Hicks,"['Catherine Zeta-Jones', 'Aaron Eckhart', 'Abigail Breslin', 'Patricia Clarkson', 'Jenny Wade', 'Bob Balaban', ""Brían F. O'Byrne"", 'Lily Rabe']",United States,"October 1, 2019",2007,PG,104 min,"['comedy', 'romance']","Kate, an uptight chef, finds her life turned upside down when her sister dies in a car accident and she becomes her niece's sole guardian."
s4165,Movie,Goyo: The Boy General,Jerrold Tarog,"['Paulo Avelino', 'Carlo Aquino', 'Arron Villaflor', 'Mon Confiado', 'Gwen Zamora', 'Jeffrey Quizon', 'Alvin Anson', 'Empress Schuck', 'Perla Bautista', 'Benjamin Alves']",Philippines,"January 26, 2019",2018,TV-MA,150 min,"['drama', 'international']","Brash ladies' man Gregorio ""Goyo"" del Pilar rises to become one of the Philippines' youngest generals in this historical epic sequel to ""Heneral Luna."""
s885,TV Show,Move to Heaven,,"['Lee Je-hoon', 'Tang Jun-sang', 'Hong Seung-hee', 'Ji Jin-hee', 'Lim Won-hee', 'Choi Soo-young']",South Korea,"May 14, 2021",2021,TV-MA,1 Season,"['international', 'drama']","Finding life in all that’s left behind, a detail-oriented trauma cleaner and his estranged uncle deliver untold stories of the departed to loved ones."
s40,TV Show,Chhota Bheem,,"['Vatsal Dubey', 'Julie Tejwani', 'Rupa Bhimani', 'Jigna Bhardwaj', 'Rajesh Kava', 'Mousam', 'Swapnil']",India,"September 16, 2021",2021,TV-Y7,3 Seasons,['family'],"A brave, energetic little boy with superhuman powers leads his friends on exciting adventures to guard their fellow Dholakpur villagers from evil."
s4886,Movie,Ajji,Devashish Makhija,"['Sushama Deshpande', 'Abhishek Banerjee', 'Smita Tambe', 'Sharvani Suryavanshi', 'Vikas Kumar', 'Sadiya Siddiqui', 'Sudhir Pandey', 'Manuj Sharma']",India,"May 1, 2018",2017,TV-MA,105 min,"['drama', 'international']","When her small granddaughter is sexually assaulted by a powerful man and no justice is served, a poor, frail old woman plots her violent revenge."
s8671,Movie,Vantage Point,Pete Travis,"['Dennis Quaid', 'Matthew Fox', 'Forest Whitaker', 'Bruce McGill', 'Edgar Ramírez', 'Saïd Taghmaoui', 'Ayelet Zurer', 'Zoe Saldana', 'Sigourney Weaver', 'William Hurt']",United States,"November 1, 2019",2008,PG-13,90 min,"['action', 'adventure']","Moments after he arrives in Spain for an antiterrorism summit, U.S. President Ashton is shot."
s4817,Movie,Expelled from Paradise,Seiji Mizushima,"['Rie Kugimiya', 'Wendee Lee', 'Shinichiro Miki', 'Steve Blum', 'Hiroshi Kamiya', 'Johnny Yong Bosch']",Japan,"June 25, 2018",2014,TV-MA,103 min,"['action', 'adventure', 'anime', 'sci-fi', 'fantasy']","In the wake of a global catastrophe, the human survivors are ""uploaded"" into a cyber network, but someone or something is infiltrating the system."
s2688,Movie,New Money,Tope Oshin,"['Jemima Osunde', 'Blossom Chukwujekwu', 'Kate Henshaw-Nuttal', 'Dakore Akande', 'Wale Ojo', 'Wofai Fada', 'Osas Ighodaro Ajibade', 'Falz', 'Daniel Effiong', 'Adeolu Adefarasin']",Nigeria,"April 14, 2020",2018,TV-14,107 min,"['drama', 'international']",An aspiring fashion designer's life is transformed after she discovers she’s the heiress of a billion-dollar empire left by her estranged father.
s438,Movie,Cosmic Sin,Edward Drake,"['Frank Grillo', 'Bruce Willis', 'Brandon Thomas Lee', 'Corey Large', 'Perrey Reeves', 'C.J. Perry', 'Lochlyn Munro', 'Costas Mandylor', 'Adelaide Kane', 'Eva De Dominici', 'Sarah May Sommers', 'Trevor Gretzky']",United States,"July 17, 2021",2021,R,88 min,"['action', 'adventure']","In the year 2524, a disgraced retired general is called back into combat to help prevent an interstellar war against a hostile alien fleet."
s4994,Movie,The Outsider,Martin Zandvliet,"['Jared Leto', 'Tadanobu Asano', 'Kippei Shiina', 'Shioli Kutsuna', 'Emile Hirsch', 'Raymond Nicholson', 'Rory Cochrane', 'Nao Omori', 'Min Tanaka']",United States,"March 9, 2018",2018,TV-MA,121 min,"['drama', 'thriller']","An American soldier imprisoned in postwar Japan enters the dark world of the yakuza, adopting their way of life in repayment for his freedom."
s7632,Movie,Nymphomaniac: Volume II,Lars von Trier,"['Charlotte Gainsbourg', 'Stellan Skarsgård', 'Stacy Martin', 'Shia LaBeouf', 'Christian Slater', 'Jamie Bell', 'Uma Thurman', 'Willem Dafoe', 'Mia Goth', 'Sophie Kennedy Clark', 'Michael Pas', 'Stellan Skarsgard']","Denmark, Germany, Belgium, United Kingdom, France, Sweden","August 25, 2018",2013,TV-MA,124 min,"['drama', 'independent', 'international']",The second half of Lars von Trier's epic follows Joe as her reignited sex addiction destroys her family and thrusts her toward a surprising new trade.
s2774,Movie,Willy and the Guardians of the Lake: Tales from the Lakeside Winter Adventure,Zsolt Pálfi,"['Csongor Szalay', 'Anna Kubik', 'Sári Vida', 'András Faragó', 'Róbert Bolla']",Hungary,"March 27, 2020",2019,TV-Y,72 min,['family'],"As winter approaches the lake, a common threat rattles the Verdies and Grimps as Willy Whistle looks to seize his chance to become a guardian."
s2134,TV Show,Teenage Bounty Hunters,,"['Anjelica Bette Fellini', 'Maddie Phillips', 'Kadeem Hardison', 'Virginia Williams', 'Mackenzie Astin', 'Shirley Rumierk', 'Myles Evans', 'Devon Hales', 'Spencer House', 'Eric Graise', 'Charity Cervantes', 'Wynn Everett', 'Method Man']",United States,"August 14, 2020",2020,TV-MA,1 Season,"['crime', 'comedy', 'drama']",Twin sisters Sterling and Blair balance teen life at an elite Southern high school with an unlikely new career as butt-kicking bounty hunters.
s7019,Movie,How to Make an American Quilt,Jocelyn Moorhouse,"['Winona Ryder', 'Anne Bancroft', 'Ellen Burstyn', 'Kate Nelligan', 'Alfre Woodard', 'Kaelynn Craddick', 'Sara Craddick', 'Kate Capshaw', 'Dermot Mulroney', 'Adam Baldwin', 'Maya Angelou', 'Rip Torn', 'Joanna Going', 'Claire Danes', 'Jean Simmons', 'Denis Arndt', 'Johnathon Schaech', 'Samantha Mathis', ""Derrick O'Connor"", 'Jared Leto']",United States,"April 1, 2018",1995,PG-13,116 min,"['drama', 'romance']","A conflicted young woman spends the summer with her grandmother, her great-aunt and their quilting circle, whose life stories captivate her."
s4471,Movie,Dragon Tiger Gate,Wilson Yip,"['Donnie Yen', 'Nicholas Tse', 'Shawn Yue', 'Dong Jie', 'Li Xiaoran', 'Yuen Wah', 'Chen Kuan Tai', 'Xing Yu', 'Vincent Sze', 'Tommy Yuen']","Hong Kong, China","October 27, 2018",2006,TV-14,94 min,"['action', 'adventure', 'international']",Dragon and his fellow students at Dragon Tiger Gate martial arts school team up to battle the ferocious villain Shibumi.
s6575,Movie,De Film van Dylan Haegens,"Dylan Haegens, Bas van Teylingen","['Dylan Haegens', 'Nick Golterman', 'Marit Brugman', 'Ilse Warringa', 'Teun Peters', 'Patrick Stoof', 'Rick Vermeulen', 'Rico Verhoeven']",Netherlands,"April 17, 2019",2018,TV-PG,81 min,"['comedy', 'international']",A YouTuber becomes obsessed with figuring out how his copycat archnemesis manages to steal all of his ideas.
s1222,Movie,Generasi 90an: Melankolia,Mohammad Irfan Ramly,"['Ari Irham', 'Aghniny Haque', 'Taskya Namya', 'Marcella Zalianty', 'Gunawan Sudrajat', 'Jennifer Coppen']",Indonesia,"March 11, 2021",2020,TV-14,94 min,"['drama', 'international']","After the devastating loss of a loved one, Abby forms a bond with his sister's best friend as he struggles to move on."
s6715,TV Show,Everyday Miracles,,['Mark Miodownik'],United Kingdom,"August 1, 2017",2014,TV-PG,1 Season,"['british', 'documentary', 'international']",Materials scientist Mark Miodownik takes us into the world of everyday objects that make our lives more comfortable than those of our ancestors.
s8687,Movie,Waar,Bilal Lashari,"['Shaan Shahid', 'Shamoon Abbasi', 'Ayesha Khan', 'Meesha Shafi', 'Ali Azmat', 'Hamza Abbasi', 'Kamran Lashari']",Pakistan,"July 1, 2017",2013,TV-MA,130 min,"['action', 'adventure', 'international']","When Pakistani authorities learn of a looming terrorist strike, they ask a retired intelligence officer to counter the attack before it's too late."
s2212,Movie,Romance Doll,Yuki Tanada,"['Issey Takahashi', 'Yuu Aoi', 'Kenta Hamano', 'Toko Miura', 'Koji Ohkura', 'Pierre Taki', 'Eri Watanabe', 'Kitaro']",Japan,"July 24, 2020",2020,TV-MA,124 min,"['drama', 'international', 'romance']","Love came naturally for married couple Sonoko and Tetsuo. But his secret profession as a love doll designer clashes with her deeper, darker secret."
s631,Movie,Killing Them Softly,Andrew Dominik,"['Brad Pitt', 'Scoot McNairy', 'Ben Mendelsohn', 'Richard Jenkins', 'James Gandolfini', 'Ray Liotta', 'Vincent Curatola', 'Slaine', 'Max Casella', 'Trevor Long', 'Sam Shepard']",United States,"June 28, 2021",2012,R,97 min,['drama'],"When a couple of low-level crooks rob a Mob-protected poker game, a slick enforcer is hired to track down the offenders and take care of business."
s2195,TV Show,Unlucky Ploy,Nopparoj Chotmunkongsit,"['Anusorn Maneethet', 'Atsadaporn Siriwattanakul', 'Waratthaya Wongchayaporn', 'Thanawetch Siriwattanakul', 'Pokchat Thiamchai', 'Phichikorn Ployphimana', 'Supachai Suwanon', 'Daraneenuch Pasutanavin', 'Kittiphong Dumavibhat', 'Aphiradi Phawaphutanon', 'Attharut Krongrasri', 'Ronnawee Sereerat', 'Lita Janvarapa', 'Sitang Punnapob', 'Yani Tramod']",,"July 30, 2020",2020,TV-MA,1 Season,"['international', 'romance', 'comedy']","In this remake of the Korean series, a man becomes mired in the lives of two women who happen to share the same name."
s5006,Movie,Adel Karam: Live from Beirut,,['Adel Karam'],United States,"March 1, 2018",2018,TV-MA,59 min,['comedy'],"From Casino du Liban, Lebanese actor and comedian Adel Karam delivers earthy punchlines on kissing norms, colonoscopies and a porn star named Rocco."
s6173,Movie,Antar: Son of Shadad,Sherif Ismail,"['Mohamed Henedi', 'Bassem Samra', 'Dorra Zarrouk', 'Lotfy Labib']",Egypt,"May 9, 2019",2017,TV-MA,110 min,"['comedy', 'international']","Learning he is the grandson of a famous knight, a young man hilariously fights a rival gang to win over the most beautiful woman in the tribe."
s5207,TV Show,W1A,,"['Hugh Bonneville', 'Monica Dolan', 'Jessica Hynes', 'Rufus Jones', 'Sarah Parish', 'Nina Sosanya', 'Jason Watkins', 'Hugh Skinner', 'David Westhead', 'Jonathan Bailey', 'Ophelia Lovibond', 'David Tennant']",United Kingdom,"October 24, 2017",2017,TV-MA,3 Seasons,"['british', 'comedy']","The new Head of Values at the BBC deals with redefining the company's purpose, events like the arrival of Prince Charles and issues with new programs."
s4210,Movie,Next Enti?,Kunal Kohli,"['Navdeep', 'Larissa Bonesi', 'Sarathbabu', 'Tamannaah Bhatia', 'Sundeep Kishan', 'Poonam Kaur']",India,"January 9, 2019",2018,TV-14,117 min,"['comedy', 'drama', 'international']","Clashing views on intimacy lead a couple to go their separate ways to reflect on commitment and companionship, before suddenly crossing paths again."
s2151,Movie,"Berlin, Berlin: Lolle on the Run",Franziska Meyer Price,"['Felicitas Woll', 'Janina Uhse', 'Jan Sosniok', 'Matthias Klimsa', 'Sandra Borgmann', 'Kai Lentrodt', 'Armin Rohde', 'Gitta Schweighöfer', 'Kailas Mahadevan']",Germany,"August 7, 2020",2020,TV-MA,82 min,"['comedy', 'international']","In this cinematic sequel to the hit TV series, Lolle has moved on from Sven and is about to marry her friend Hart – until Sven disrupts her plans."
s2086,TV Show,I AM A KILLER: RELEASED,,,"United Kingdom, United States","August 28, 2020",2020,TV-MA,1 Season,"['british', 'crime', 'documentary']","In this crime docuseries spinoff, a convict is paroled 30 years after being sentenced to death for murder. Then he makes a stunning confession."
s1162,Movie,Elizabeth and Margaret: Love and Loyalty,,,United Kingdom,"March 26, 2021",2020,TV-PG,87 min,['documentary'],"This documentary takes an intimate look at the complex, widely misunderstood relationship between Queen Elizabeth II and her sister, Princess Margaret."
s8481,Movie,The Rehearsal,Alison MacLean,"['James Rolleston', 'Kerry Fox', 'Ella Edwards', 'Alice Englert']",New Zealand,"January 1, 2018",2016,TV-MA,102 min,"['drama', 'independent', 'international']",A drama student is torn between creative possibility and ethical boundaries when his girlfriend's family gets caught up in a sex scandal.
s6126,Movie,Alpha and Omega: The Legend of the Saw Tooth Cave,Richard Rich,"['Debi Derryberry', 'Ben Diskin', 'Kate Higgins', 'Lindsay Torrance', 'Larry Thomas', 'Bill Lader', 'Cindy Robinson']","United States, India","January 1, 2020",2014,TV-Y7,45 min,['family'],"When a wolf pup named Runt sneaks off to explore a mysterious cave, he meets and befriends a wolf driven from her pack because she's blind."
s100,TV Show,On the Verge,,"['Julie Delpy', 'Elisabeth Shue', 'Sarah Jones', 'Alexia Landeau', 'Mathieu Demy', 'Troy Garity', 'Timm Sharp', 'Giovanni Ribisi']","France, United States","September 7, 2021",2021,TV-MA,1 Season,"['comedy', 'drama']","Four women — a chef, a single mom, an heiress and a job seeker — dig into love and work, with a generous side of midlife crises, in pre-pandemic LA."
s379,Movie,Fantastic Fungi,Louie Schwartzberg,,United States,"July 28, 2021",2019,TV-14,81 min,['documentary'],"Delve into the magical world of fungi, from mushrooms that clear oil spills to underground fungal networks that help trees communicate."
s4008,Movie,Jeff Dunham: Arguing with Myself,Manny Rodriguez,['Jeff Dunham'],United States,"March 15, 2019",2006,TV-MA,69 min,['comedy'],"Playing straight man to partners half his size, ventriloquist Jeff Dunham – one of America's funniest comics – slays audiences across the country."
s3481,Movie,TUNA GIRL,Mana Yasuda,"['Fuka Koshiba', 'Tom Fujita', 'Hidetoshi Hoshida', 'Hiroto Kanai', 'Ryosuke Yusa', 'Shuri Tanaka', 'Chal Inoue', 'Takashi Taniguchi', 'Takeshi Masu']",Japan,"September 28, 2019",2019,TV-PG,90 min,"['drama', 'international']",A clumsy but cheerful fisheries student struggles to find her place at a research institute renowned for its tuna cultivation. The work isn't easy.
s5351,TV Show,Fartsa,,"['Alexander Petrov', 'Fillip Gorenshtein', 'Maksim Emelyanov', 'Aleksey Vesyolkin', 'Zoya Berber', 'Ieva Andrejevaite']",Russia,"August 1, 2017",2015,TV-14,1 Season,"['crime', 'international', 'drama']","As four Russian friends grow up in the early '60s, life, love and the curse of success threaten to derail their dreams."
s6973,Movie,Hiroshima: The Real History,Lucy van Beek,['John Sessions'],United Kingdom,"March 31, 2017",2015,TV-PG,95 min,['documentary'],This detailed examination of the 1945 Hiroshima bombing includes the prelude to and aftermath of history's controversial first use of atomic weapons.
s1752,Movie,Elf Pets: A Fox Cub’s Christmas Tale,Chanda Bell,"['Leslie Bellair', 'Brad Hyland', 'Brody Rose', 'Carol Aebersold']",United States,"November 1, 2020",2020,TV-Y,28 min,['family'],An elite team of elves – and their furry fox cub friends – help bring the Christmas spirit to a boy whose mom may not make it home for the holidays.
s8447,Movie,The Parole Officer,John Duigan,"['Steve Coogan', 'Emma Gilmour', 'Susan Jane Tanner', 'Iain Mitchell', 'James Smith', 'Om Puri', 'Steven Waddington', 'Ben Miller', 'Lena Headey', 'Jenny Agutter']",United Kingdom,"August 1, 2018",2001,R,94 min,"['action', 'adventure', 'comedy']","After witnessing a murder, Simon Garden is framed – and the only evidence that proves his innocence is a videotape locked inside a bank vault."
s1112,Movie,Wild Child,Nick Moore,"['Emma Roberts', 'Kimberley Nixon', 'Juno Temple', 'Linzey Cocker', 'Sophie Wu', 'Alex Pettyfer', 'Georgia King', 'Natasha Richardson', 'Aidan Quinn', 'Lexi Ainsworth']","United States, United Kingdom, France","April 2, 2021",2008,PG-13,98 min,"['comedy', 'romance']","Accustomed to getting her way, a wealthy teenage girl from Los Angeles is sent to a strict boarding school in England to clean up her act."
s3432,Movie,The Bling Lagosians,Bolanle Austen-Peters,"['Gbenga Titiloye', 'Elvina Ibru', 'Sharon Ooja', 'Osas Ighodaro Ajibade', 'Monalisa Chinda', 'Toyin Abraham', 'Bisola Aiyeola', 'Oladele Ogunlana', 'Jimmy Odukoya', 'Alex Ekubo']",Nigeria,"October 11, 2019",2019,TV-14,99 min,"['drama', 'international']","With a matriarch bent on having a lavish 51st birthday party, her family's debt is on the verge of exposure, threatening their business – and legacy."
s2201,Movie,Tread,Paul Solet,,United States,"July 29, 2020",2019,TV-MA,88 min,['documentary'],This documentary reconstructs the pivotal moments that drove a man on a rampage to destroy a small town with a bulldozer he fortified in secret.
s1586,TV Show,Manhunt: Deadly Games,,"['Cameron Britton', 'Jack Huston', 'Judith Light', 'Carla Gugino', 'Gethin Anthony', 'Kelly Jenrette', 'Arliss Howard', 'Jay O. Sanders', 'Nick Searcy', 'Marley Shelton', 'Becky Ann Baker', 'Brad William Henke']",,"December 7, 2020",2020,TV-14,1 Season,"['crime', 'drama', 'mystery']","Despite his heroics, security guard Richard Jewell becomes a suspect in the FBI investigation of a foiled terrorist attack at the 1996 Olympics."
s3181,Movie,A Christmas Prince: The Royal Baby,John Schultz,"['Rose McIver', 'Ben Lamb', 'Alice Krige', 'Honor Kneafsey', 'Sarah Douglas', 'Andy Lucas', 'Raj Bajaj', 'Richard Ashton', 'Tahirah Sharif', 'Joel McVeagh', 'Theo Devaney', 'Kevin Shen', 'Momo Yeung', 'Crystal Yu', 'Billy Angel']",United States,"December 5, 2019",2019,TV-PG,85 min,"['family', 'drama', 'romance']","Christmas brings the ultimate gift to Aldovia: a royal baby. But first, Queen Amber must save her family and kingdom by unwrapping a monarchy mystery."
s1295,TV Show,Tribes of Europa,,"['Henriette Confurius', 'Emilio Sakraya', 'David Ali Rashed', 'Oliver Masucci', 'Melika Foroutan', 'Ana Ularu', 'Robert Finster']",Germany,"February 19, 2021",2021,TV-MA,1 Season,"['international', 'action', 'adventure', 'drama']","In post-apocalyptic Europe, amid wars among microstates, three siblings fight for survival as a greater threat looms over the continent."
s7369,TV Show,Mad Men,,"['Jon Hamm', 'Elisabeth Moss', 'Vincent Kartheiser', 'January Jones', 'Christina Hendricks', 'Aaron Staton', 'Rich Sommer', 'John Slattery', 'Kiernan Shipka', 'Robert Morse', 'Michael Gladis', 'Christopher Stanley', 'Bryan Batt', 'Jared Harris', 'Jessica Paré', 'Alison Brie', 'Jay R. Ferguson', 'Ben Feldman', 'Mark Moses', 'Alexa Alemanni', 'Julie McNiven']",United States," March 22, 2015",2014,TV-14,7 Seasons,['drama'],"Set in 1960s New York City, this award-winning series takes a peek inside an ad agency during an era when the cutthroat business had a glamorous lure."
s553,Movie,Holiday on Mars,Neri Parenti,"['Christian De Sica', 'Massimo Boldi', 'Lucia Mascino', 'Milena Vukotic', 'Paola Minaccioni', 'Herbert Ballerina', 'Denise Tantucci', 'Fiammetta Cicogna', 'Francesco Bruni', 'Alessandro Bisegna']",,"July 2, 2021",2020,TV-MA,94 min,"['comedy', 'international']",A scoundrel's mission to escape his family and remarry on Mars is hilariously scrubbed when a mishap with a black hole turns his son into an old man.
s223,TV Show,Clickbait,Brad Anderson,"['Zoe Kazan', 'Betty Gabriel', 'Adrian Grenier', 'Phoenix Raei', 'Abraham Lim', 'Jessica Collins', 'Camaron Engels', 'Jaylin Fletcher', 'Liz Alexander', 'Joyce Guy', 'Daniel Henshall', 'Ian Meadows', 'Jamie Timony', 'Steve Mouzakis', 'Becca Lish']",,"August 25, 2021",2021,TV-MA,1 Season,"['crime', 'drama', 'mystery']","When family man Nick Brewer is abducted in a crime with a sinister online twist, those closest to him race to uncover who is behind it and why."
s3510,Movie,Kabir Singh,Sandeep Reddy Vanga,"['Shahid Kapoor', 'Kiara Advani', 'Suresh Oberoi', 'Arjan Bajwa', 'Adil Hussain', 'Nikita Dutta', 'Kamini Kaushal', 'Anurag Arora']",India,"September 19, 2019",2019,TV-MA,171 min,"['drama', 'international', 'romance']","An exalted but short-fused surgeon plunges into a spiral of drugs, alcohol and rage after his intense relationship with his girlfriend turbulently ends."
s3744,TV Show,The Alcàsser Murders,Elías León,,Spain,"June 15, 2019",2019,TV-MA,1 Season,"['crime', 'documentary', 'international']",New interviews and an up-to-date analysis of evidence shed light on the 1992 murders of three girls in Spain and their profound impact on the nation.
s1772,TV Show,Afronta! Facing It!,Juliana Vicente,"['Loo Nascimento', 'Ingrid Silva', 'Rincon Sapiência', 'Batekoo', 'Gabriel Martins', 'Benjamin Abras', 'Daniele DaMata', 'Tasha & Tracie Okereke', 'Mariana de Matos', 'André Novais', 'Mahal Pita', 'Grace Passô', 'Thamyra Thâmara', 'Xenia França', 'Criola', 'Dani Ornellas', 'Anelis Assumpção', 'Magá Moura', 'Tássia Reis', 'Liniker', 'Yasmin Thayná', 'Raquel Virgínia', 'Juliana Luna', 'Erica Malunguinho', 'Diane Lima', 'Karol Conká']",Brazil,"October 31, 2020",2017,TV-PG,1 Season,"['documentary', 'international']","This docuseries spotlights Afro-Brazilian thinkers sharing their individual journeys and discussing representation, entrepreneurship and community."
s1547,TV Show,Song Exploder,,['Hrishikesh Hirway'],United States,"December 15, 2020",2020,TV-MA,2 Seasons,['documentary'],Get inspired as musicians dig deep into the creative process of songwriting and reveal their intimate thoughts in a series based on the hit podcast.
s2158,TV Show,Wizards: Tales of Arcadia,,"[""Colin O'Donoghue"", 'David Bradley', 'Lena Headey', 'Emile Hirsch', 'Lexi Medrano', 'Steven Yeun', 'Alfred Molina', 'James Faulkner', 'Stephanie Beatriz', 'John Rhys-Davies']",United States,"August 7, 2020",2020,TV-Y7,1 Season,"['family', 'action', 'adventure', 'sci-fi', 'fantasy']","Merlin’s apprentice joins Arcadia’s heroes on a time-bending adventure in Camelot, where conflict is brewing between the human, troll and magical worlds."
s7089,Movie,Inuyasha the Movie - L'isola del fuoco scarlatto,Toshiya Shinohara,"['Kappei Yamaguchi', 'Satsuki Yukino', 'Koji Tsujitani', 'Houko Kuwashima', 'Kumiko Watanabe', 'Noriko Hidaka', 'Ken Narita', 'Cho', 'Mamiko Noto', 'Nobutoshi Canna', 'Fumiko Orikasa', 'Richard Ian Cox', 'Moneca Stori']",Japan,"September 1, 2017",2004,TV-PG,88 min,"['action', 'adventure', 'anime', 'international']","Ai, a young half-demon who has escaped from Horai Island to try to help his people, returns with potential saviors InuYasha, Sesshomaru and Kikyo."
s5180,Movie,Jerry Seinfeld: Comedian,Christian Charles,"['Jerry Seinfeld', 'Orny Adams', 'Colin Quinn', 'Bill Cosby', 'Robert Klein', 'Chris Rock', 'Garry Shandling', 'Jay Leno', 'Kevin Nealon', 'Ray Romano']",United States,"November 7, 2017",2002,R,81 min,['documentary'],Christian Charles's documentary follows established comedian Jerry Seinfeld and up-and-comer Orny Adams as they navigate the stand-up circuit.
s7590,TV Show,Ninja Turtles: The Next Mutation,,"['Jarred Blancard', 'Mitchell A. Lee Yuen', 'Dean Choe', 'Richard Yee', 'Gabe Khouth', 'Nicole Parker', 'Kirby Morrow', 'Matt Hill', 'Jason Gray-Stanford', 'Michael Dobson', 'Lalainia Lindbjerg', 'Shishir Inocalla', 'Fiona Scott', 'Stephen Mendel', 'Larry Lam', 'Geoff Wong']","Canada, United States","January 1, 2016",1997,TV-G,1 Season,"['family', 'comedy']",Everyone's favorite teenage mutants are back in live action to fight crime with help from a new ninja turtle – a female named Venus De Milo.
s1567,Movie,She's the One,Mae Czarina Cruz,"['Bea Alonzo', 'Dingdong Dantes', 'Enrique Gil']",Philippines,"December 10, 2020",2013,TV-14,111 min,"['drama', 'international', 'romance']","When his best friend gets stranded in the rain and becomes the subject of a romantic viral video, a morning show host must confront his true feelings."
s5881,Movie,"Trailer Park Boys: Drunk, High and Unemployed: Live in Austin","Gary Howsam, Mike Smith, John Paul Tremblay, Robb Wells","['Mike Smith', 'John Paul Tremblay', 'Robb Wells', 'John Dunsworth', 'Pat Roach', 'Tom Green', 'Verne Troyer', 'Jonathan Torrens']",Canada,"December 9, 2015",2015,TV-MA,74 min,"['comedy', 'international']","Ricky, Julian and Bubbles bring their trailer park humor out onto the stage for a night of bravado, schemes and an intoxicated acting demo."
s3734,Movie,Adam Devine: Best Time of Our Lives,Jay Karas,['Adam Devine'],United States,"June 18, 2019",2019,TV-MA,59 min,['comedy'],"Frenetic comic Adam Devine talks teen awkwardness, celebrity encounters, his ""Pitch Perfect"" audition and more in a special from his hometown of Omaha."
s4587,Movie,Mugamoodi,Mysskin,"['Jiiva', 'Pooja Hegde', 'Narain', 'Nasser', 'Girish Karnad', 'Anupama Kumar', 'Selvaah']",India,"October 1, 2018",2012,TV-14,150 min,"['action', 'adventure', 'international']",A martial arts specialist accidentally becomes a superhero when he steps in – in costume – to help the cops catch a criminal.
s3250,TV Show,Bangkok Buddies,,"['Vayu Kessuvit', 'Ekapol Deebunmee', 'Nuttapong Boonyuen', 'Thanadol Auepongs', 'Martin Sidel', 'Nichaphat Chatchaipholrat', 'Narupornkamol Chaisang', 'Jidapa Siribunchawan', 'Hortnarong Teng', 'Everest Moe', 'Le Trung Hieu']",Thailand,"November 20, 2019",2019,TV-MA,1 Season,"['international', 'comedy', 'drama']","Living under the same roof, a group of unabashed friends wrestle with everyday issues from financial woes and shared quarters to romantic misfires."
s3912,Movie,Ek Khiladi Ek Haseena,Suparn Verma,"['Koena Mitra', 'Fardeen Khan', 'Kay Kay Menon', 'Mumait Khan', 'Rakhi Sawant', 'Feroz Khan', 'Zabyn Khan', 'Rohit Roy', 'Gulshan Grover', 'Amin Hajee']",India,"April 15, 2019",2005,TV-14,141 min,"['international', 'music', 'thriller']","Indebted to a gangster, a grifter assembles a band of fellow swindlers to attempt his biggest scam yet, but it's soon clear that no one can be trusted."
s3767,Movie,Pachamama,Juan Antin,"['Adam Moussamih', 'Charli Birdgenau', 'Vlastra Vrana', 'Sonja Ball', 'Alexandre Harough']","France, Luxembourg, Canada","June 7, 2019",2019,PG,71 min,['family'],"When a sacred statue is taken from his Andean village, a spirited boy who dreams of becoming a shaman goes on a brave mission to get it back."
s7764,TV Show,Power Rangers Dino Thunder,,"['James Napier', 'Kevin Duhaney', 'Emma Lahana', 'Jason David Frank', 'Jeffrey Parazzo', 'Katrina Devine', 'Tom Hern', 'Miriama Smith', 'Latham Gaines', 'James Gaylyn']",United States,"January 1, 2016",2004,TV-Y7,1 Season,['family'],"Dr. Tommy Oliver returns when his students discover the Dino Gems that morph them into the Dino Power Rangers, enabling them to stop the evil Mesogog."
s8226,Movie,The Breadwinner,Nora Twomey,"['Saara Chaudry', 'Soma Chhaya', 'Ali Badshah', 'Soma Bhatia', 'Shaista Latif', 'Laara Sadiq', 'Kawa Ada', 'Noorin Gulamgaus']","Ireland, Canada, Luxembourg, United States, United Kingdom, Philippines, India","February 20, 2018",2017,PG-13,93 min,"['family', 'drama', 'international']",A courageous 11-year-old Afghan girl disguises herself as a boy and takes on odd jobs to provide for her family when her father is arrested.
s668,TV Show,Glee,,"['Lea Michele', 'Chris Colfer', 'Jane Lynch', 'Matthew Morrison', 'Cory Monteith', 'Naya Rivera', 'Kevin McHale', 'Jenna Ushkowitz', 'Amber Riley', 'Mark Salling', 'Heather Morris', 'Harry Shum Jr.', 'Jayma Mays', 'Dianna Agron']",United States,"June 19, 2021",2015,TV-14,6 Seasons,"['comedy', 'drama', 'teen']","Amid relationship woes and personal attacks from a wicked cheerleading coach, a teacher fights to turn underdog glee club members into winners."
s6556,Movie,Dallas Buyers Club,Jean-Marc Vallée,"['Matthew McConaughey', 'Jennifer Garner', 'Jared Leto', ""Denis O'Hare"", 'Steve Zahn', ""Michael O'Neill"", 'Dallas Roberts', 'Griffin Dunne', 'Kevin Rankin', 'Donna DuPlantier']",United States,"January 16, 2018",2013,R,117 min,"['drama', 'independent', 'lgbtq']","Refusing to accept a death sentence from his doctor after being diagnosed with AIDS in 1986, Ron Woodroof smuggles medications from abroad."
s8285,Movie,The Dukes of Hazzard,Jay Chandrasekhar,"['Johnny Knoxville', 'Seann William Scott', 'Jessica Simpson', 'Burt Reynolds', 'M.C. Gainey', 'David Koechner', 'Kevin Heffernan', 'James Roday', 'Michael Roof', 'Joe Don Baker']",United States,"January 1, 2020",2005,PG-13,104 min,"['action', 'adventure', 'comedy']","The Duke boys are back in this comedy based on the TV series, following Bo and Luke as they tear around Hazzard County in their trusty Dodge Charger."
s5386,Movie,Take Me,Pat Healy,"['Taylor Schilling', 'Pat Healy', 'Alycia Delmore', ""Jim O'Heir"", 'Brooke Dillman', 'Mark Kelly', 'Toby Huss', 'Alejandro Patiño']",United States,"July 7, 2017",2017,TV-MA,84 min,"['comedy', 'independent']","With his simulated kidnapping business flagging, an entrepreneur jumps at a weekend abduction opportunity – only to find the job isn't what it seems."
s6260,Movie,Beak & Brain: Genius Birds From Down Under,"Volker Arzt, Angelika Sigl",,Germany,"March 1, 2017",2013,TV-G,52 min,"['documentary', 'international']","Whoever came up with the term ""bird brain"" never met these feathered thinkers, who use their claws and beaks to solve puzzles, make tools and more."
s6312,Movie,Billy Elliot,Stephen Daldry,"['Jamie Bell', 'Gary Lewis', 'Stuart Wells', 'Billy Fane', 'Colin MacLachlan', 'Nicola Blackwell', 'Carol McGuigan', 'Joe Renton', 'Janine Birkett', 'Charlie Hardwick', 'Mike Elliot', 'Jean Heywood', 'Jamie Draven', 'Julie Walters', 'Trevor Fox', 'Adam Cooper']","United Kingdom, France","February 1, 2019",2000,R,110 min,"['drama', 'independent', 'international']","When a boy trades boxing school for ballet lessons, he may take his newfound talent all the way to the top - and win over his disapproving father."
s7806,Movie,Pyaar Ka Punchnama,Luv Ranjan,"['Kartik Aaryan', 'Divyendu Sharma', 'Raayo S. Bakhirta', 'Nushrat Bharucha', 'Sonalli Sehgall', 'Ishita Raj']",India,"May 1, 2017",2011,TV-14,149 min,"['comedy', 'drama', 'international']",Matters of the heart introduce chaos into the once-idyllic bachelor existence of three young men who share an apartment.
s213,TV Show,Rebellion,,"['Charlie Murphy', 'Ruth Bradley', 'Sarah Greene', 'Brian Gleeson', 'Michelle Fairley', 'Ian McElhinney', 'Michael Ford-FitzGerald', 'Paul Reid', 'Barry Ward', 'Tom Turner', 'Perdita Weeks', 'Andrew Simpson', 'Sophie Robinson']",Ireland,"August 27, 2021",2016,TV-MA,2 Seasons,"['international', 'drama']","As World War I rages, three women and their families in Dublin choose sides in the violent Easter Rising revolt against British rule."
s6293,Movie,Beyond All Boundaries,Sushrut Jain,['Kunal Nayyar'],"United States, India","April 1, 2017",2013,TV-14,98 min,"['documentary', 'international', 'sport']","As the 2011 Cricket World Cup begins, three Indians demonstrate their passion and the sacrifices they've made for the country's most popular sport."
s6434,Movie,Cats & Dogs: The Revenge of Kitty Galore,Brad Peyton,"['James Marsden', 'Nick Nolte', 'Christina Applegate', 'Katt Williams', 'Bette Midler', 'Neil Patrick Harris', 'Sean Hayes', 'Wallace Shawn', 'Roger Moore', 'Joe Pantoliano', 'Michael Clarke Duncan', ""Chris O'Donnell"", 'Jack McBrayer', 'Kiernan Shipka']","United States, Australia","February 1, 2019",2010,PG,82 min,"['family', 'comedy']",Cats and dogs must set aside their differences and merge animal instincts when Kitty Galore decides to claw her way to global domination.
s2347,TV Show,"Roswell, New Mexico",,"['Jeanine Mason', 'Nathan Parsons', 'Michael Vlamis', 'Lily Cowles', 'Tyler Blackburn', 'Heather Hemmens', 'Michael Trevino', 'Trevor St. John']",United States,"June 23, 2020",2020,TV-14,2 Seasons,"['classic', 'cult', 'drama', 'sci-fi', 'fantasy']","After 10 years, a woman returns to her sleepy tourist-occupied hometown and discovers her high-school crush is also an unusual foreigner."
s1405,TV Show,Henry Danger,,"['Jace Norman', 'Cooper Barnes', 'Riele Downs', 'Sean Ryan Fox', 'Ella Anderson', 'Michael D. Cohen']",United States,"January 15, 2021",2016,TV-G,3 Seasons,"['family', 'comedy']","A new part-time job forces Henry Hart to balance two lives, one as a typical teenager and the other as secret superhero sidekick Kid Danger."
s4696,Movie,Party Monster: Scratching the Surface,,"['Ellie Kemper', 'Jane Krakowski', 'Tituss Burgess', 'Carol Kane', 'Jon Hamm', 'Bobby Moynihan', 'Lauren Adams', 'Sara Chase', 'Sol Miranda', 'Derek Klena', 'Aidy Bryant']",United States,"August 17, 2018",2018,TV-14,33 min,['comedy'],"In the probing documentary ""Party Monster,"" DJ Fingablast investigates what became of his childhood hero, DJ Slizzard."
s4303,Movie,Sad Hill Unearthed,Guillermo de Oliveira,,Spain,"December 15, 2018",2017,TV-14,83 min,"['documentary', 'international']","An eclectic group of fans of 1966's ""The Good, the Bad and the Ugly"" attempt to restore the cemetery set in Spain where the movie's climax was filmed."
s8712,Movie,Weeds on Fire,Chi Fat Chan,"['Liu Kai Chi', 'Lam Yiu-sing', 'Tony Tsz-Tung Wu', 'Poon Chan-leung', 'Sun Li Man', 'Tam Sin Yin', 'Sham Ka Ki', 'Wang Simin', 'Jan Lamb']",Hong Kong,"September 27, 2018",2016,TV-MA,95 min,"['drama', 'independent', 'international']","In 1980s Hong Kong, a school principal forms a baseball team with an eclectic crew of local students who soon fight their way to the top of the league."
s6186,Movie,Arthur,Jason Winer,"['Russell Brand', 'Helen Mirren', 'Greta Gerwig', 'Jennifer Garner', 'Geraldine James', 'Luis Guzmán', 'Nick Nolte', 'Christina Jacquelyn Calph', 'Murphy Guyer', 'José Ramón Rosario']",United States,"April 1, 2019",2011,PG-13,110 min,"['comedy', 'romance']",Russell Brand stars in this remake as a philanderer who must decide whether to give up an inheritance of millions for the sake of romance.
s8806,Movie,Zoom,Peter Hewitt,"['Tim Allen', 'Courteney Cox', 'Chevy Chase', 'Kate Mara', 'Ryan Newman', 'Michael Cassidy', 'Spencer Breslin', 'Rip Torn', 'Kevin Zegers']",United States,"January 11, 2020",2006,PG,88 min,"['family', 'comedy']","Dragged from civilian life, a former superhero must train a new crop of youthful saviors when the military preps for an attack by a familiar villain."
s2800,Movie,Altered Carbon: Resleeved,"Takeru Nakajima, Yoshiyuki Okada","['Tatsuhisa Suzuki', 'Rina Satou', 'Ayaka Asai', 'Jouji Nakata', 'Kenji Yamauchi', 'Kanehira Yamamoto', 'Koji Ishii']","Japan, United States","March 19, 2020",2020,TV-MA,75 min,"['action', 'adventure', 'anime', 'international']","On the planet Latimer, Takeshi Kovacs must protect a tattooist while investigating the death of a yakuza boss alongside a no-nonsense CTAC."
s5843,Movie,Bo Burnham: Make Happy,"Bo Burnham, Christopher Storer",['Bo Burnham'],United States,"June 3, 2016",2016,TV-MA,60 min,"['music', 'comedy']","Combining his trademark wit and self-deprecating humor with original music, Bo Burnham offers up his unique twist on life in this stand-up special."
s7755,Movie,Pope Francis: A Man of His Word,Wim Wenders,['Pope Francis'],"Switzerland, Vatican City, Italy, Germany, France","January 3, 2019",2018,PG,96 min,"['documentary', 'faith', 'international']","Documentary filmmaker Wim Wenders travels the world with Pope Francis, recording the controversial pontiff's humanist views in a sharply divided age."
s8102,Movie,Stranger than Fiction,Marc Forster,"['Will Ferrell', 'Maggie Gyllenhaal', 'Dustin Hoffman', 'Queen Latifah', 'Emma Thompson', 'Kristin Chenoweth', 'Tony Hale', 'Tom Hulce', 'Linda Hunt']","United States, United Kingdom","October 1, 2020",2006,PG-13,113 min,"['comedy', 'romance']","As a writer ponders how to kill off her main character, the man begins hearing her voice in his head and realizes that his days are numbered."
s3124,Movie,Ronny Chieng: Asian Comedian Destroys America!,Sebastian DiNatale,['Ronny Chieng'],United States,"December 17, 2019",2019,TV-MA,63 min,['comedy'],"Ronny Chieng (""The Daily Show,"" ""Crazy Rich Asians"") takes center stage in this stand-up special and riffs on modern American life and more."
s2420,Movie,Big Stone Gap,Adriana Trigiani,"['Ashley Judd', 'Patrick Wilson', 'Whoopi Goldberg', 'John Benjamin Hickey', 'Jane Krakowski', 'Judith Ivey', 'Jasmine Guy', 'Chris Sarandon', 'Anthony LaPaglia', 'Jenna Elfman', 'Angelina Fiordellisi', 'Mary Testa', 'Dagmara Dominczyk', 'Mary Pat Gleason', 'Joe Inscoe', 'James Hampton', 'Paul Wilson']",United States,"June 5, 2020",2014,PG-13,103 min,"['comedy', 'romance']",A single middle-aged woman who has lived her whole life in a small Virginia mining town uncovers a family secret that alters her profoundly.
s3273,Movie,K-on! the movie,Naoko Yamada,"['Aki Toyosaki', 'Yoko Hikasa', 'Satomi Sato', 'Minako Kotobuki', 'Ayana Taketatsu', 'Asami Sanada', 'Madoka Yonezawa', 'Chika Fujito', 'Yoriko Nagata']",Japan,"November 15, 2019",2011,TV-PG,110 min,"['anime', 'music']",The seniors in Sakuragaoka High School's music club live out the graduation trip of their dreams when they celebrate by performing in London.
s6561,TV Show,Dangerous Roads,,"['Adrian Dunbar', 'Sue Perkins', 'Charley Boorman', 'Rhod Gilbert', 'Greg Davies', 'Ben Fogle', 'Hugh Dennis', 'Ed Byrne', 'Andy Parsons', 'Liza Tarbuck', 'David Baddiel']",United Kingdom," February 1, 2019",2012,TV-MA,2 Seasons,"['british', 'documentary']","Using various 4x4 vehicles, celebrities steer their way across some of the most infamous roads and trickiest terrains on earth."
s8103,TV Show,Strawberry Shortcake: Berry Bitty Adventures,,"['Anna Cummer', 'Janyse Jaud', 'Andrea Libman', 'Britt McKillip', 'Ingrid Nilson', 'Ashleigh Ball']","France, United States, Canada","January 1, 2016",2015,TV-Y,1 Season,['family'],"Join Strawberry Shortcake and her berry best friends in the whimsical land of Berry Bitty City, where they learn about teamwork and decision-making."
s1725,TV Show,Bakugan: Battle Planet,,"['Jonah Wineberg', 'Deven Christian Mack', 'Margarita Valderrama', 'Ticoon Kim', 'Jason Deline', 'Will Bowes']","Japan, Canada, United States","November 6, 2020",2018,TV-PG,1 Season,"['anime', 'family']",Dan Kouzo and his pals bond with mysterious creatures known as Bakugan while fighting sinister forces out to control the world.
s8303,TV Show,The Five,Mark Tonderai,"['Tom Cullen', 'O.T. Fagbenle', 'Lee Ingleby', 'Sarah Solemani', 'Hannah Arterton', 'Geraldine James', 'Michael Maloney', 'Rade Serbedzija', 'Jonathan Kerrigan', 'Don Warrington', 'Sophia La Porta']",United Kingdom,"September 15, 2017",2016,TV-MA,1 Season,"['british', 'crime', 'drama']","Twenty years after 5-year-old Jesse disappears near his home, his DNA turns up at the scene of a woman's murder, baffling his family and the police."
s8395,Movie,The Little Mermaid,"Blake Harris, Chris Bouchard","['William Moseley', 'Poppy Drayton', 'Loreto Peralta', 'Armando Gutierrez', 'Shirley MacLaine', 'Gina Gershon', 'Shanna Collins', 'Chris Yong', 'Jo Marie Payton', 'Tom Nowicki']",United States,"December 1, 2018",2018,PG,85 min,"['family', 'drama']","In this take on the classic tale, a captive circus mermaid transforms the lives of a skeptical journalist and his wide-eyed young sister."
s5547,Movie,Five Nights in Maine,Maris Curran,"['David Oyelowo', 'Dianne Wiest', 'Rosie Perez', 'Teyonah Parris', 'Hani Furstenberg', 'Bill Raymond']",United States,"April 1, 2017",2015,TV-MA,83 min,"['drama', 'independent']","After his wife dies in a car accident, a grief-stricken man visits his estranged mother-in-law in Maine, where they try to help each other heal."
s7352,Movie,Love Station,Ahmad Samir Farag,"['Menna Shalaby', 'Sherif Salama', 'Yousra El Lozy', 'Mona Hala', 'Edward Fouad', 'Lotfy Labib', 'Ashraf Hamdy']",Egypt,"April 25, 2019",2011,TV-14,97 min,"['comedy', 'international', 'romance']","Single coworkers at a radio station are brought together by mutual friends, but their starry-eyed notions about love may scuttle their romance."
s7444,Movie,Men in Black II,Barry Sonnenfeld,"['Tommy Lee Jones', 'Will Smith', 'Rip Torn', 'Lara Flynn Boyle', 'Johnny Knoxville', 'Rosario Dawson', 'Tony Shalhoub', 'Patrick Warburton', 'Jack Kehler', 'David Cross']",United States,"October 1, 2019",2002,PG-13,88 min,"['action', 'adventure', 'comedy', 'sci-fi', 'fantasy']",Will Smith and Tommy Lee Jones reprise their roles as two highly secretive and unofficial government agents dealing with all things evil and alien.
s8384,Movie,The Last Days of Chez Nous,Gillian Armstrong,"['Lisa Harrow', 'Bruno Ganz', 'Kerry Fox', 'Miranda Otto', 'Kiri Paramore', 'Bill Hunter']",Australia,"November 1, 2016",1992,R,93 min,"['classic', 'drama']",Successful writer Beth's tepid marriage and home life face a new round of challenges when her footloose younger sister arrives for an extended visit.
s4108,Movie,Pyaar Ke Side Effects,Saket Chaudhary,"['Rahul Bose', 'Mallika Sherawat', 'Ranvir Shorey', 'Sharat Saxena', 'Aamir Bashir', 'Taraana Raja', 'Jas Arora', 'Suchitra Pillai', 'Sapna Bhavnani', 'Sophiya Chaudhary']",India,"February 15, 2019",2006,TV-MA,120 min,"['comedy', 'international', 'romance']","A commitment-phobe agrees to marry his girlfriend, setting in motion a series of hilarious mishaps that has him questioning what he got himself into."
s5651,TV Show,Star Trek: Deep Space Nine,,"['Avery Brooks', 'Nana Visitor', 'Rene Auberjonois', 'Cirroc Lofton', 'Alexander Siddig', 'Colm Meaney', 'Armin Shimerman', 'Terry Farrell', 'Michael Dorn']",United States,"January 1, 2017",1999,TV-14,7 Seasons,"['action', 'adventure', 'sci-fi', 'fantasy']","In this ""Star Trek"" spin-off, Commander Sisko leads the multi-species crew of Deep Space Nine, a Federation space station with a complex mission."
s267,TV Show,The Creative Indians,,,India,"August 15, 2021",2020,TV-MA,1 Season,"['documentary', 'international']","From chefs and comedians to filmmakers and fashion designers, India’s most notable imaginative minds share their artistic journeys."
s7971,Movie,Secrets of Althorp - The Spencers,Kasia Uscinska,['Samuel West'],United States,"April 22, 2017",2013,TV-PG,54 min,"['documentary', 'international']","Princess Diana's brother, Charles, the ninth Earl Spencer, leads a tour of Althorp House, the manor the Spencer family has called home for 500 years."
s864,Movie,Spy Kids: All the Time in the World,Robert Rodriguez,"['Jessica Alba', 'Joel McHale', 'Rowan Blanchard', 'Mason Cook', 'Jeremy Piven', 'Alexa PenaVega', 'Daryl Sabara', 'Ricky Gervais', 'Danny Trejo']",United States,"May 20, 2021",2011,PG,88 min,"['family', 'comedy']",Twins Rebecca and Cecil spring into action with their retired secret agent stepmother to stop a time-manipulating mastermind and his nefarious plans.
s5476,Movie,Hasan Minhaj: Homecoming King,Christopher Storer,['Hasan Minhaj'],,"May 23, 2017",2017,TV-MA,73 min,['comedy'],"Comic Hasan Minhaj of ""The Daily Show"" shares personal stories about racism, immigrant parents, prom night horrors and more in this stand-up special."
s6131,Movie,Amar Akbar Anthony,Manmohan Desai,"['Vinod Khanna', 'Rishi Kapoor', 'Amitabh Bachchan', 'Neetu Singh', 'Parveen Babi', 'Shabana Azmi', 'Nirupa Roy', 'Pran']",India,"December 31, 2019",1977,TV-14,172 min,"['action', 'adventure', 'classic', 'comedy']","Abandoned in a park by their father, Amar, Akbar and Anthony grow up independently and have no knowledge of one another. They're reunited as adults when, by coincidence, they all give blood at the same hospital."
s4296,Movie,F.R.E.D.I.,Sean Olson,"['Kelly Hu', 'Angus Macfadyen', 'Candace Cameron Bure', 'Lucius Hoyos', 'Reid Miller', 'Tyler Christopher', 'Casimere Jollette', 'Christina Cox', 'Texas Battle', 'Harvey Guillen']",United States,"December 15, 2018",2018,TV-PG,90 min,"['family', 'sci-fi', 'fantasy']","Venturing into the woods, high schooler James discovers an intelligent robot that he must save from the hands of a businessman with an evil scheme."
s6185,Movie,Arisan 2,Nia Dinata,"['Surya Saputra', 'Cut Mini Theo', 'Tora Sudiro']",Indonesia,"September 15, 2018",2011,TV-14,113 min,"['comedy', 'drama', 'international']","A group of friends reunites for a vacation amid nature, where they laugh about their shared history and bond over difficult truths."
s8579,Movie,Thithi,Raam Reddy,"['Thammegowda S.', 'Channegowda', 'Abhishek H.N.', 'Pooja', 'Singri Gowda']","India, United States","March 9, 2017",2015,TV-MA,123 min,"['drama', 'independent', 'international']","In a South Indian village, a centenarian's funeral brings together his free-spirited son, inheritance-hungry grandson and girl-crazy great-grandson."
s7499,Movie,Monster High: Haunted,"Dan Fraga, William Lau",,United States,"March 24, 2018",2015,TV-Y7,76 min,['family'],"Hearing that their old school is being haunted, Spectra Vondergeist and her pals head back to Monster High to get to the bottom of the scary spookery."
s3390,Movie,Free Fire,Ben Wheatley,"['Sharlto Copley', 'Armie Hammer', 'Brie Larson', 'Cillian Murphy', 'Jack Reynor', 'Babou Ceesay', 'Enzo Cilenti', 'Sam Riley', 'Michael Smiley', 'Noah Taylor', 'Patrick Bergin', 'Mark Monero']",United Kingdom,"October 21, 2019",2016,R,91 min,"['action', 'adventure', 'comedy', 'independent']",A sketchy arms transaction in a deserted warehouse turns into a free-for-all when the two sides engage in a take-no-prisoners shootout.
s2622,Movie,Organize Isler,Yılmaz Erdoğan,"['Yılmaz Erdoğan', 'Tolga Çevik', 'Demet Akbağ', 'Altan Erkekli', 'Özgü Namal', 'Erdal Tosun', 'Tuncer Salman', 'Öner Erkan', 'Ebru Akel', 'Başak Köklükaya', 'Cem Yılmaz']",Turkey,"April 28, 2020",2005,TV-14,104 min,"['action', 'adventure', 'comedy', 'international']","A gang leader recruits a suicidal Superman impersonator, while a woman driving a hot car linked to the gang plots revenge against them and their hero."
s3708,TV Show,Motown Magic,,,"Australia, United States","June 28, 2019",2019,TV-Y,2 Seasons,"['family', 'sci-fi', 'fantasy']","Imaginative boy Ben transforms his city by bringing colorful street art to life, armed with a magic paintbrush – and the classic sounds of Motown."
s1792,TV Show,Chico Bon Bon: Monkey with a Tool Belt,,"['Robbie Daymond', 'Dayci Brookshire', 'Anthony Tedesco', 'Andy Abbott', 'Roberta Lemons', 'Cole Seaver']",United States,"October 27, 2020",2020,TV-Y,4 Seasons,['family'],"Armed with tools and engineering smarts, monkey mechanic Chico Bon Bon and his Fix-It Force help the people of Blunderburg solve all of their problems."
s2982,Movie,Close Enemies,David Oelhoffen,"['Matthias Schoenaerts', 'Reda Kateb', 'Adel Bencherif', 'Sofiane Zermani', 'Sabrina Ouazani', 'Gwendolyn Gourvenec', 'Nicolas Giraud', 'Yann Goven', 'Astrid Whettnall', 'Ahmed Benaissa', 'Marc Barbé']","France, Belgium","January 29, 2020",2018,TV-MA,112 min,"['drama', 'international']","After an ambush leaves his partner dead, drug dealer Manuel reluctantly teams up with childhood friend Driss – now a cop – to hunt down the culprits."
s1393,TV Show,Daughter From Another Mother,,"['Ludwika Paleta', 'Paulina Goto', 'Martín Altomaro', 'Liz Gallardo', 'Javier Ponce', 'Oka Giner', 'Zaide Silvia Gutiérrez', 'Dalexa Meneses', 'Emilio Beltrán Ulrich', 'Fernando Memije', 'Elena del Río', 'Christian Chávez']",Mexico,"January 20, 2021",2021,TV-MA,1 Season,"['international', 'spanish', 'language', 'comedy']","After realizing their babies were exchanged at birth, two women develop a plan to adjust to their new lives: creating a single —and peculiar— family."
s8191,Movie,The Angry Birds Movie 2,"Thurop Van Orman, John Rice","['Jason Sudeikis', 'Rachel Bloom', 'Leslie Jones', 'Josh Gad', 'Bill Hader', 'Danny McBride', 'Awkwafina', 'Sterling K. Brown', 'Tiffany Haddish', 'Eugenio Derbez']","Finland, United States","February 27, 2020",2019,PG,97 min,"['family', 'comedy']",Enemies turn into frenemies when the Pigs call for a truce with the Birds to unite against a formidable new foe that’s threatening all of their homes.
s5123,Movie,Muramba,Varun Narvekar,"['Mithila Palkar', 'Amey Wagh', 'Sachin Khedekar', 'Chinmayi Sumit']",India,"December 15, 2017",2017,TV-MA,128 min,"['comedy', 'drama', 'international']",A young man and his parents ponder the reasons behind the recent breakdown of a relationship he was in – and the possibility of reconciliation.
s1769,Movie,The Next Karate Kid,Christopher Cain,"['Pat Morita', 'Hilary Swank', 'Michael Ironside', 'Constance Towers', 'Chris Conrad', 'Arsenio ""Sonny"" Trinidad', 'Michael Cavalieri', 'Walton Goggins']",United States,"November 1, 2020",1994,PG,107 min,"['action', 'adventure', 'drama', 'sport']","In Boston, karate master Mr. Miyagi finds a new pupil in troubled teen Julie Pierce when she gets bullied by a group of relentless classmates."
s5790,Movie,"Rafał Banaś, Michał Leja Laugh out Loud",,"['Rafał Banaś', 'Michał Leja']",,"September 19, 2016",2016,TV-MA,64 min,['comedy'],Young Polish comedians Rafał Banaś and Michał Leja present a high-energy stand-up show at Warsaw's Klub Hybrydy.
s8188,Movie,The American President,Rob Reiner,"['Michael Douglas', 'Annette Bening', 'Martin Sheen', 'Michael J. Fox', 'David Paymer', 'Samantha Mathis', 'John Mahoney', 'Anna Deavere Smith', 'Nina Siemaszko', 'Wendie Malick', 'Shawna Waldron', 'Richard Dreyfuss', 'Joshua Malina']",United States,"January 1, 2021",1995,PG-13,113 min,"['comedy', 'drama', 'romance']",The widowed president strikes up a romance with a beautiful Washington lobbyist – but can the couple keep their private and political lives separate?
s3487,Movie,Malaal,Mangesh Hadawale,"['Meezaan Jaffrey', 'Sharmin Segal', 'Chinmaya Surve', 'Anil Gawas', 'Sonal Jha', 'Sanjay Gurbaxani', 'Sameer Dharmadhikari', 'Deepak Damle']",India,"September 26, 2019",2019,TV-14,133 min,"['drama', 'international', 'romance']","Class divides become thorns in the budding romance between the crony of a nativist Mumbai politician and the new, North Indian resident of his chawl."
s588,TV Show,Quarantine Tales,"Sidharta Tata, Aco Tenriyagelli, Dian Sastrowardoyo, Ifa Isfansyah, Jason Iskandar","['Adinia Wirasti', 'Marissa Anita', 'Faradina Mufti', 'Teuku Rifnu Wikana', 'Arawinda Kirana', 'Abdurrahman Arif', 'Verdi Solaiman', 'Kiki Narendra', 'Brigitta Cynthia', 'Roy Sungkono', 'Windy Apsari']",,"July 1, 2021",2020,TV-MA,1 Season,"['international', 'comedy', 'drama']","Traversing genres, five separate stories offer unique, whimsical and thought-provoking takes on life during the pandemic in 2020."
s8775,Movie,يوم الدين,Abu Bakr Shawky,"['Rady Gamal', 'Ahmed Abdelhafiz', 'Shahira Fahmy', 'Shehab Ibrahim', 'Mohamed Abd El Azim', 'Osama Abdullah', 'Khaled Raafat', 'Mohamed Qishta', 'Shoq Emara', 'Mahmoud Fares']","Egypt, Austria, United States","October 22, 2019",2018,TV-14,97 min,"['drama', 'independent', 'international']","A man cured of leprosy and a young orphan leave their colony for the first time to travel across Egypt, hoping to find the families they lost."
s297,TV Show,Hit & Run,,"['Lior Raz', 'Kaelen Ohm', 'Sanaa Lathan', 'Moran Rosenblatt', 'Lior Ashkenazi', 'Gregg Henry', 'Gal Toren']","Israel, United States","August 6, 2021",2021,TV-MA,1 Season,"['action', 'adventure', 'drama', 'mystery']",A man searching for the truth behind his wife's death becomes caught up in a dangerous web of secrets and intrigue stretching from New York to Tel Aviv.
s8391,Movie,The Legend of 420,Peter Spirer,,United States,"December 1, 2017",2017,TV-MA,87 min,['documentary'],"This documentary explores the growing trend of marijuana decriminalization in the U.S. and the use of cannabis in medicine, art, fine dining and more."
s8759,TV Show,World's Busiest Cities,,"['Anita Rani', 'Ade Adepitan', 'Dan Snow']",United Kingdom,"February 1, 2019",2017,TV-PG,1 Season,"['british', 'documentary']","From Moscow to Mexico City, three BBC journalists delve into the inner workings of some of the most burgeoning metropolises on Earth."
s8398,TV Show,The Lizzie Borden Chronicles,,"['Christina Ricci', 'Clea DuVall', 'Cole Hauser', 'Dylan Taylor', 'John Ralston', 'Bradley Stryker', 'Olivia Llewellyn', 'Jeff Wincott', 'Jessy Schram', 'Martha Irving', 'Gabrielle Trudel']",United States,"February 1, 2016",2015,TV-14,1 Season,"['crime', 'drama', 'thriller']","Exonerated in the murder of her father and stepmother, Lizzie Borden takes on crime lords, detectives and other foes as she savors her new infamy."
s4120,TV Show,The Break,,"['Yoann Blanc', 'Guillaume Kerbush', 'Anne Coesens', 'Jasmina Douieb', 'Tom Audenaert', 'Sam Louwyck', 'Catherine Salée', 'Jean-Henri Compère']",Belgium,"February 9, 2019",2018,TV-MA,2 Seasons,"['crime', 'international', 'drama']","A police detective mourning a painful loss moves back to his peaceful hometown, only to be drawn into a murder case that dredges up dark secrets."
s33,TV Show,Sex Education,,"['Asa Butterfield', 'Gillian Anderson', 'Ncuti Gatwa', 'Emma Mackey', 'Connor Swindells', 'Kedar Williams-Stirling', 'Alistair Petrie']",United Kingdom,"September 17, 2021",2020,TV-MA,3 Seasons,"['british', 'international', 'comedy']","Insecure Otis has all the answers when it comes to sex advice, thanks to his therapist mom. So rebel Maeve proposes a school sex-therapy clinic."
s3459,TV Show,Living Undocumented,,,United States,"October 2, 2019",2019,TV-MA,1 Season,['documentary'],Eight undocumented families' fates roller-coast as the United States' immigration policies are transformed.
s2024,Movie,Kaagar,Makarand Mane,"['Rinku Rajguru', 'Shubhankar Tawde', 'Shashank Shende', 'Suhas Palshikar', 'Bharati Patil', 'Milind Pathak', 'Umesh Jagtap', 'Shantanu Gangane', 'Vitthal Kale', 'Mahesh Bhosale']",India,"September 10, 2020",2019,TV-MA,130 min,"['drama', 'international', 'romance']","When an activist begins aiding a shrewd political advisor — also his girlfriend’s father, personal agendas lead to betrayal as love and duty clash."
s3793,TV Show,When They See Us,,"['Asante Blackk', 'Caleel Harris', 'Ethan Herisse', 'Jharrel Jerome', 'Marquis Rodriguez', 'Jovan Adepo', 'Chris Chalk', 'Justin Cunningham', 'Freddy Miyares', 'Michael Kenneth Williams', 'Marsha Stephanie Blake', 'Kylie Bunbury', 'Aunjanue Ellis', 'Vera Farmiga', 'Felicity Huffman', 'John Leguizamo', 'Niecy Nash']",United States,"May 31, 2019",2019,TV-MA,1 Season,"['crime', 'drama']",Five teens from Harlem become trapped in a nightmare when they're falsely accused of a brutal attack in Central Park. Based on the true story.
s3076,TV Show,Spinning Out,,"['Kaya Scodelario', 'January Jones', 'Will Kemp', 'Willow Shields', 'Evan Roderick', 'David James Elliott', 'Sarah Wright Olsen', 'Svetlana Efremova', 'Amanda Zhou', 'Mitchell Edwards', 'Kaitlyn Leeb', 'Johnny Weir']",United States,"January 1, 2020",2020,TV-MA,1 Season,['drama'],"A figure skating Olympic hopeful struggles to balance love, family and fragile mental health as her dream of winning takes a dizzying hold."
s8602,Movie,Tokyo Idols,Kyoko Miyake,,"United Kingdom, Canada, Japan","October 1, 2017",2017,TV-14,89 min,"['documentary', 'international', 'music']","This documentary follows J-Pop idol Rio and her predominantly middle-aged fans, and their seemingly transactional interactions."
s3073,Movie,Riot,John Lyde,"['Matthew Reese', 'Dolph Lundgren', 'Danielle Chuchran', 'Chuck Liddell', 'Michael Flynn', 'Renny Grames', 'Eve Mauro', 'Melanie Stone', 'Michaela McAllister', 'Amy Sturdivant']",,"January 1, 2020",2015,TV-MA,88 min,"['action', 'adventure']","Seeking vengeance for the murder of his wife, a cop robs a bank in order to be thrown into prison with the Russian kingpin who ruined his life."
s450,Movie,The Twilight Saga: Eclipse,David Slade,"['Kristen Stewart', 'Robert Pattinson', 'Taylor Lautner', 'Bryce Dallas Howard', 'Billy Burke', 'Dakota Fanning', 'Peter Facinelli', 'Elizabeth Reaser', 'Jackson Rathbone', 'Kellan Lutz', 'Ashley Greene', 'Nikki Reed']",United States,"July 16, 2021",2010,PG-13,124 min,"['drama', 'romance']","With a bloodthirsty enemy on a quest for revenge, Bella must reconcile her love for vampire Edward and her growing feelings for werewolf Jacob."
s8669,Movie,V for Vendetta,James McTeigue,"['Natalie Portman', 'Hugo Weaving', 'Stephen Rea', 'Stephen Fry', 'John Hurt', 'Tim Pigott-Smith', 'Rupert Graves', 'Roger Allam', 'Ben Miles', 'Sinéad Cusack', 'Natasha Wightman']","United States, United Kingdom, Germany","October 1, 2018",2005,R,132 min,"['action', 'adventure', 'drama', 'sci-fi', 'fantasy']","A masked freedom fighter known as ""V"" takes up arms against a totalitarian government and finds an unlikely ally in a young woman."
s939,Movie,Motu Patlu in the Game of Zones,Suhas Kadav,['Saurav Chakraborty'],,"May 1, 2021",2019,TV-Y7,87 min,"['family', 'comedy', 'music']","A board game becomes all too real for buddies Motu and Patlu when they get transported into its world of monsters, magic and mayhem."
s4065,Movie,The Last Runway,"Rodrigo Salomón, Pietro Scappini","['Luis Aguirre', 'Andrea Quattrocchi', 'Silvio Rodas', 'Felix Medina', 'Gonzalo Vivanco', 'Bruno Sosa', 'Andrea Frigerio', 'Mauricio A. Jortack', 'Rafael Rojas Doria', 'Roberto Weiss', 'Fabio Chamorro', 'Sergio Quiñonez Román', 'David Gerber']","Paraguay, Argentina","March 1, 2019",2018,TV-MA,107 min,"['action', 'adventure', 'international']",An ex-colonel forms a special paramilitary group focused on combatting drug trafficking on the Paraguayan border.
s2748,Movie,Ungli,Renzil D'Silva,"['Emraan Hashmi', 'Randeep Hooda', 'Kangana Ranaut', 'Sanjay Dutt', 'Neha Dhupia', 'Angad Bedi', 'Neil Bhoopalam', 'Shraddha Kapoor']",India,"April 1, 2020",2014,TV-14,114 min,"['comedy', 'drama', 'international']","An undercover cop finds himself in a strange position after infiltrating a ""gang"" that pulls wildly popular pranks on corrupt officials in Mumbai."
s1173,Movie,Loyiso Gola: Unlearning,Kagiso Lediga,['Loyiso Gola'],South Africa,"March 23, 2021",2021,TV-MA,60 min,['comedy'],"South African comedian Loyiso Gola serves up filter-free humor as he riffs about race, identity, politics, and a school prank gone embarrassingly wrong!"
s7337,Movie,Look Who's Back,David Wnendt,"['Oliver Masucci', 'Fabian Busch', 'Christoph Maria Herbst', 'Katja Riemann', 'Franziska Wulf', 'Lars Rudolph', 'Michael Kessler', 'Thomas Thieme']",Germany,"April 9, 2016",2015,NR,116 min,"['comedy', 'international']","When Adolf Hitler reawakens at the site of his former bunker 70 years later, he's mistaken for a brilliant comedian and becomes a media phenomenon."
s2050,Movie,You're My Boss,Antoinette Jadaone,"['Toni Gonzaga', 'Coco Martin', 'Freddie Webb', 'JM de Guzman', 'Gloria Sevilla', 'Noel Trinidad', 'Adam Chan', 'Pepe Herrera', 'Jerald Napoles']",Philippines,"September 4, 2020",2015,TV-14,117 min,"['comedy', 'international', 'romance']","Pong, a corporate assistant, poses as his company’s president in order to help Georgina, a marketing executive, close a crucial business deal."
s4327,TV Show,The Sound of Your Heart: Reboot,,"['Sung Hoon', 'Kwon Yuri', 'Tae Hang-ho', 'Joo Jin-mo', 'Shim Hye-jin', 'Ji Su-won', 'Park Cheol-min', 'Kim Seong-won', 'Kang Yoon', 'Seo Eun-ah', 'Bae Yoon-kyung']",South Korea,"December 3, 2018",2018,TV-14,2 Seasons,"['international', 'korean', 'comedy']","Webtoonist Cho Seok is back with more anecdotes of mix-ups, unintended antics, and bathroom blunders in this reboot starring an all-new cast."
s2448,TV Show,Dear My Friends,,"['Shin Gu', 'Kim Yeong-ok', 'Kim Hye-ja', 'Na Mun-hee', 'Ju Hyun', 'Youn Yuh-jung', 'Park Won-suk', 'Go Du-sim', 'Ko Hyun-jung']",South Korea,"June 1, 2020",2016,TV-MA,1 Season,"['international', 'korean', 'drama']",Life is ever-delightful — and ever-challenging — for a group of friends in their twilight years as they rediscover themselves through love and family.
s6222,Movie,Balto 2: Wolf Quest,Phil Weinstein,"['Maurice LaMarche', 'Jodi Benson', 'Lacey Chabert', 'David Carradine', 'Mark Hamill', 'Charles Fleischer', 'Peter MacNicol', 'Rob Paulsen', 'Nicolette Little', 'Melanie Stone']",United States,"April 1, 2018",2001,G,75 min,['family'],"Half-dog, half-wolf Balto (voiced by Maurice LaMarche) and his wife proudly put their pups up for adoption to humans, but when nobody takes daughter Aleu because she looks too much like a wolf, she runs away to search for her place in the world."
s3514,Movie,Los Tigres del Norte at Folsom Prison,Tom Donahue,['Los Tigres del Norte'],United States,"September 15, 2019",2019,TV-PG,64 min,"['documentary', 'international', 'music']",The beloved norteño band Los Tigres del Norte performs for the inmates of Folsom Prison on the 50th anniversary of Johnny Cash's iconic concert.
s612,Movie,Underworld: Awakening,"Måns Mårlind, Björn Stein","['Kate Beckinsale', 'Stephen Rea', 'Michael Ealy', 'Theo James', 'India Eisley', 'Sandrine Holt', 'Charles Dance', 'Kris Holden-Ried', 'Jacob Blair', 'Adam Greydon Reid']","United States, Canada","July 1, 2021",2012,R,89 min,"['action', 'adventure', 'horror', 'sci-fi', 'fantasy']","As the war between vampires and Lycans rages on, Selene awakens from a prolonged, forced cryogenic sleep to face a harrowing new enemy: humans."
s2933,Movie,Fronteras,Andrew Dean,"['Steve Oropeza', 'Steven Sean Garland', 'Wade Everett', 'Randy Green', 'Cortez Chappell', 'Tori Osborn', 'Larry Coulter', 'Cris Acosta']",United States,"February 9, 2020",2018,TV-MA,106 min,"['drama', 'independent', 'thriller']","When a new, deadly narcotic sweeps the American Southwest, a Border Patrol agent must contend with a task force that challenges his duties and morals."
s5257,Movie,Out of Thin Air,Dylan Howitt,,,"September 29, 2017",2017,TV-MA,85 min,"['documentary', 'international']","Picking up 40 years after six were convicted for two strange murders in Iceland, this chilling documentary proves confessions can’t always be trusted."
s6070,Movie,A.X.L.,Oliver Daly,"['Alex Neustaedter', 'Becky G.', 'Alex MacNicoll', 'Dominic Rains', 'Thomas Jane', 'Lou Taylor Pucci', 'Patricia De Leon', 'Niko Guardado', 'Ted McGinley', 'Marie-Françoise Theodore', 'Eric Etebari', 'Dorian Kingi']",United States,"March 20, 2019",2018,PG,99 min,"['action', 'adventure', 'family', 'independent']","Young motocross racer Miles Hill helps a top-secret robotic combat dog evade its ruthless creator and the military, who are in hot pursuit."
s4753,TV Show,Smoking,,"['Ryo Ishibashi', 'Nobuaki Kaneko', 'Tomomi Maruyama', 'Kaito Yoshimura']",Japan,"July 27, 2018",2018,TV-MA,1 Season,"['crime', 'international', 'action', 'adventure']","Seeking a greater justice, a band of homeless assassins flays their human targets and delivers the tattooed skins as proof of a contract fulfilled."
s2324,Movie,The Mirror Boy,Obi Emelonye,"['Edward Kagutuzi', 'Genevieve Nnaji', 'Osita Iheme', 'Fatima Jabbe', 'Victor Carvalho', 'Felix Ceesay', 'John Charles Njie', 'Momodu Musa Ceesay']","United Kingdom, Nigeria","June 30, 2020",2011,TV-14,86 min,"['action', 'adventure', 'drama', 'international']","A young boy is taken to his mother's birth home in Africa, where a mystical adventure in an ominous forest turns into a journey of self-discovery."
s3424,TV Show,Black Money Love,Ahmet Katıksız,"['Güler Ökten', 'Hazal Türesan', 'İlkin Tüfekçi', 'Bedia Ener', 'Erkan Can', 'Öykü Karayel', 'Emre Kızılırmak', 'Bestemsu Özdemir', 'Engin Akyürek', 'Burak Tamdoğan', 'Saygın Soysal', 'Tuba Büyüküstün', 'Ali Yörenç', 'Ahmet Tansu Taşanlar', 'Elif İnci']",Turkey,"October 15, 2019",2014,TV-MA,1 Season,"['crime', 'international', 'drama']","After a cop's fiancée and a jewelry designer's father are found dead together, the two bereaved ones face a perilous aftermath of a theft gone wrong."
s6818,Movie,Furthest Witness,Adam Del Giudice,"['Aaron Stanford', 'Teri Reeves', 'Sean Patrick Flanery', 'Forrest Fyre', 'Steven Michael Quezada', 'Paul Blott', 'Travis Hammer', 'Ryan Begay', 'Jermaine Washington', 'Vincent McDaniel']","United States, United Kingdom","April 24, 2019",2017,TV-MA,88 min,"['drama', 'thriller']","Kyle helps people disappear, but when a crazed killer starts hunting down his latest client, he has to decide what he's willing to do to keep her safe."
s4374,Movie,Puppy Star Christmas,Robert Vince,"['Kaitlyn Maher', 'Mackenzie Sol', 'Makenzie Moss', 'David DeLuise', 'George Newbern', 'Reggie De Leon', 'Diedrich Bader', 'Chloe Coleman', 'Oakley Bull', 'Dillon Fontana', 'vivienne Rutherford', 'Tyreese Burnett']","United States, Canada","November 20, 2018",2018,PG,91 min,"['family', 'comedy']","A new pack of Pup Star pooches stumbles upon a rival team’s plan to ruin Christmas, then ends up at the North Pole to try and save the holiday spirit."
s8572,Movie,Theeram,Saheed Arafath,"['Pranav Ratheesh', 'Maria Yohannan', 'Askar Ameer', 'Tini Tom', 'Anjali Nair', 'Krishna Prabha', 'Sudhi Koppa', 'Nandhan Unni']",India,"July 1, 2018",2017,TV-14,104 min,"['drama', 'international', 'romance']","An auto rickshaw driver harbors a deep affection for a young woman, but his troubled past threatens to stand between them."
s5349,TV Show,Close Your Eyes Before It’s Dark,,"['Bryan Shu-Hao Chang', 'Jian Man-shu', 'Yen Tsao', 'Sun Ke-fang', 'Allen Chen', 'Jake Hsu', 'Chu Sheng-ping', 'Blue Lan']",Taiwan,"August 1, 2017",2016,TV-14,1 Season,"['crime', 'international', 'drama']","While vacationing at a mountain cabin, a group of longtime friends uncovers an old scandal that could have deadly consequences."
s4424,Movie,ABCD: Any Body Can Dance,Remo D'Souza,"['Prabhu Deva', 'Kay Kay Menon', 'Ganesh Acharya', 'Dharmesh Yelande', 'Salman', 'Lauren Gottlieb', 'Noorin Sha', 'Punit Pathak']",India,"November 1, 2018",2013,TV-14,136 min,"['drama', 'international']","Thrown out of the elite dance studio he founded, Vishnu's spirits rebound when he sees young street dancers prepping for an annual contest."
s4005,Movie,Edoardo Ferrario: Temi Caldi,Francesco Imperato,['Edoardo Ferrario'],Italy,"March 15, 2019",2019,TV-MA,65 min,['comedy'],"Italian comedian Edoardo Ferrario riffs on life at 30 and unpacks the peculiarities of global travel, social media and people who like craft beer."
s3407,TV Show,Spirit Riding Free: Pony Tales,,"['Amber Frank', 'Bailey Gambertoglio', 'Sydney Park', 'Darcy Rose Byrnes', 'Gabriella Graves', 'Duncan Joiner', 'Nolan North']",United States,"October 18, 2019",2019,TV-Y7,2 Seasons,['family'],"Find the fun and adventure of ""Spirit Riding Free"" in this mix of music videos and short episodes featuring Lucky and all of her friends!"
s7698,Movie,Painted Faces,Alex Law,"['Sammo Kam-Bo Hung', 'Ching-Ying Lam', 'Cheng Pei-pei']",Hong Kong,"August 16, 2018",1988,TV-PG,108 min,"['drama', 'international']","In this dramatized rendition, students undergo rigorous study at Master Yu's Peking Opera school, a cradle for future Hong Kong film stars."
s1672,Movie,The App That Stole Christmas,Monica Floyd,"['Jackie Long', 'Diane Marie Howard', 'Jaylin Hall', 'Miguel A. Núñez Jr.', 'Ray J', 'JayQ The Legend', 'J. Anthony Brown', 'Kenny Rhodes', 'Amber Cosich']",United States,"November 20, 2020",2020,TV-PG,64 min,"['family', 'comedy']","A tech entrepreneur's Christmas shopping app is a smashing success, but he starts to realize his invention might be ruining the holiday spirit."
s1081,Movie,New Gods: Nezha Reborn,Zhao Ji,"['Yang Tianxiang', 'Zhang He', 'Xuan Xiaoming', 'Li Shimeng']",China,"April 12, 2021",2021,TV-14,118 min,"['action', 'adventure', 'anime', 'international']","While living as an ordinary deliveryman and motor racing fan, Nezha encounters old nemeses and must rediscover his powers to protect his loved ones."
s6860,Movie,God Knows Where I Am,"Jedd Wider, Todd Wider",['Lori Singer'],United States,"October 22, 2018",2016,TV-PG,103 min,['documentary'],"Through diary entries, this documentary follows the life and death of homeless woman Linda Bishop and her struggles with starvation, sanity and God."
s168,Movie,Open Season 2,"Matthew O'Callaghan, Todd Wilderman","['Joel McHale', 'Mike Epps', 'Jane Krakowski', 'Billy Connolly', 'Crispin Glover', 'Steve Schirripa', 'Georgia Engel', 'Diedrich Bader', 'Cody Cameron', 'Fred Stoller', 'Olivia Hack']","United States, Canada","September 1, 2021",2008,PG,76 min,"['family', 'comedy']",Elliot the buck and his forest-dwelling cohorts must rescue their dachshund pal from some spoiled pets bent on returning him to domesticity.
s8425,TV Show,The Ministry of Time,,"['Rodolfo Sancho', 'Aura Garrido', 'Nacho Fresneda', 'Cayetana Guillén Cuervo', 'Juan Gea', 'Jaime Blanch', 'Natalia Millan', 'Julián Villagrán', 'Hugo Silva', 'Francesca Piñón', 'Mar Saura', 'Ramón Langa', 'Andrés Gertrúdix', 'Macarena García']",Spain," January 28, 2018",2017,TV-MA,3 Seasons,"['international', 'spanish', 'language', 'action', 'adventure']",Three officers from different eras work for a secret agency guarding Spain's past from time-traveling intruders trying to manipulate history.
s6206,Movie,Babel,Alejandro G. Iñárritu,"['Brad Pitt', 'Cate Blanchett', 'Gael García Bernal', 'Koji Yakusho', 'Adriana Barraza', 'Rinko Kikuchi', 'Said Tarchani', 'Boubker Ait El Caid', 'Elle Fanning', 'Nathan Gamble', 'Mohamed Akhzam']","France, United States, Mexico","January 1, 2019",2006,R,143 min,"['drama', 'independent']","When an American couple vacationing in Morocco falls victim to a random act of violence, a series of events unfolds across four countries."
s7067,Movie,Incorruptible,Elizabeth Chai Vasarhelyi,,"United States, Senegal","September 1, 2017",2015,TV-MA,90 min,['documentary'],"In the streets of Senegal, a youth movement rises up against a regime bent on retaining power in this chronicle of the nation's stormy 2012 elections."
s4109,Movie,Sur: The Melody of Life,Tanuja Chandra,"['Lucky Ali', 'Simone Singh', 'Achint Kaur', 'Ehsan Khan', 'Harsh Vasisht', 'Yashodhan Bal', 'Gauri Karnik', 'Divya Dutta']",India,"February 15, 2019",2002,TV-14,137 min,"['drama', 'international']","A renowned music teacher mentors a promising young singer, but when her fame begins to overshadow his own, he lets jealousy and competition take over."
s690,Movie,Mobile Suit Gundam I,"Yoshiyuki Tomino, Yoshikazu Yasuhiko","['Toru Furuya', 'Shuichi Ikeda', 'Hirotaka Suzuoki', 'Rumiko Ukai', 'Fuyumi Shiraishi', 'Yo Inoue', 'Toshio Furukawa', 'Kiyonobu Suzuki', 'Keiko Toda', 'Shozo Iizuka']",,"June 18, 2021",1981,TV-14,139 min,"['action', 'adventure', 'anime', 'classic']","The Earth Federation's last hope in its fight against the Principality of Zeon is the prototype mobile suit Gundam, piloted by civilian Amur Ray."
s7627,Movie,Numero Zero. The Roots of Italian Rap,Enrico Bisi,,Italy,"April 15, 2018",2015,TV-MA,91 min,"['documentary', 'international', 'music']","In the '90s, the explosive popularity of hip-hop music in Italy impacts the nation's character while creating a new kind of renegade artist."
s8489,Movie,The River Thief,N.D. Wilson,"['Joel Courtney', 'Tommy Cash', 'Paul Johansson', 'Bas Rutten', 'Raleigh Cain', 'David Shannon']",United States,"January 14, 2017",2016,NR,87 min,"['drama', 'independent']","A heedless teen drifter who falls for a small-town waitress makes the mistake of robbing a drug lord, putting his life and newfound love in jeopardy."
s4795,Movie,Duck Butter,Miguel Arteta,"['Alia Shawkat', 'Laia Costa', 'Mae Whitman', 'Hong Chau', 'Kate Berlant', 'Lindsay Burdge', 'Kumail Nanjiani', 'Mark Duplass', 'Jay Duplass', ""Jenny O'Hara""]",United States,"July 1, 2018",2018,TV-MA,94 min,"['drama', 'independent', 'lgbtq']","Wary of dishonesty in relationships, two young women embark on a 24-hour experiment on intimacy, but their romance flounders as the clock winds down."
s1943,Movie,Ishqiya,Abhishek Chaubey,"['Naseeruddin Shah', 'Vidya Balan', 'Arshad Warsi', 'Salman Shahid', 'Anupama Kumar']",India,"September 28, 2020",2009,TV-14,115 min,"['comedy', 'international', 'romance']",A deceitful woman seduces two of her late husband’s crooked friends into helping her hatch a nefarious kidnapping plot for a hefty ransom.
s90,TV Show,Mighty Raju,,"['Julie Tejwani', 'Sabina Malik', 'Jigna Bhardwaj', 'Rupa Bhimani', 'Lalit Agarwal', 'Rajesh Shukla', 'Rajesh Kava']",,"September 9, 2021",2017,TV-Y7,4 Seasons,['family'],"Born with superhuman abilities, young Raju wants to use his powers to make the world a better place — but that will mean facing plenty of challenges!"
s2205,Movie,Door Ke Darshan,Gagan Puri,"['Dolly Ahluwalia', 'Manu Rishi Chadha', 'Mahie Gill', 'Shardul Rana', 'Archita Sharma', 'Rajesh Sharma', 'Supriya Shukla', 'Mehak Manwani']",India,"July 25, 2020",2020,TV-14,114 min,"['comedy', 'international']","When a matriarch wakes from a 30-year coma, her wacky family frantically recreates a bygone era to keep her from noticing how much time has passed."
s2799,Movie,3022,John Suits,"['Omar Epps', 'Kate Walsh', 'Miranda Cosgrove', 'Angus Macfadyen', 'Jorja Fox', 'Enver Gjokaj', 'Haaz Sleiman']",United States,"March 19, 2020",2019,R,91 min,"['independent', 'sci-fi', 'fantasy', 'thriller']","Stranded when the Earth is suddenly destroyed in a mysterious cataclysm, the astronauts aboard a marooned space station slowly lose their minds."
s4363,TV Show,Bumping Mics with Jeff Ross & Dave Attell,,"['Jeff Ross', 'Dave Attell']",United States,"November 27, 2018",2018,TV-MA,1 Season,"['comedy', 'talkshow', 'comedy']","When Jeff Ross and Dave Attell take the stage, no one is safe. With the help of special guests, they're packing a lot of laughs into one epic weekend."
s4081,Movie,Zach Galifianakis: Live at the Purple Onion,Michael Blieden,"['Zach Galifianakis', 'Brian Unger']",United States,"February 26, 2019",2006,TV-MA,61 min,['comedy'],"The unorthodox, piano-playing stand-up star Zach Galifianakis makes a splash on the scene and serves up a healthy dose of his signature wit."
s7338,Movie,Lorai: Play to Live,Parambrata Chatterjee,"['Prasenjit Chatterjee', 'Payel Sarkar', 'Indrasish Roy', 'Kanchan Mullick', 'Kharaj Mukherjee', 'Gargi Roychowdhury', 'Deepankar De', 'Biswajit Chakraborty', 'Bharat Kaul', 'Rajat Ganguly']",India,"September 1, 2017",2015,TV-14,155 min,"['drama', 'international', 'sport']","Under a government initiative, a retired alcoholic soccer player is sent to establish a soccer team in a politically troubled area."
s6723,Movie,Exit Wounds,Andrzej Bartkowiak,"['Steven Seagal', 'DMX', 'Isaiah Washington', 'Anthony Anderson', 'Michael Jai White', 'Bill Duke', 'Jill Hennessy', 'Tom Arnold', 'Bruce McGill', 'David Vadim', 'Eva Mendes']",United States,"October 1, 2019",2001,R,101 min,"['action', 'adventure']",Maverick cop Orin Boyd joins forces with an unlikely ally in gangster Latrell Walker to take down a group of dirty Detroit cops.
s6824,Movie,Galih dan Ratna,Lucky Kuswandi,"['Refal Hady', 'Sheryl Sheinafia', 'Ayu Dyah Pasha', 'Joko Anwar', 'Hengky Tarnando', 'Marissa Anita', 'Sari Koeswoyo']",Indonesia,"September 15, 2018",2017,TV-PG,111 min,"['drama', 'international', 'romance']",Sparks fly between the new girl at school and the misfit with a passion for music. Yet the world threatens to put a stop to their innocent love song.
s4476,Movie,Shirkers,Sandi Tan,,"United States, United Kingdom","October 26, 2018",2018,TV-14,97 min,['documentary'],"In 1992, Sandi Tan and her friends shot a quirky film on the streets of Singapore. Then the footage disappeared, sending her on a hunt for answers."
s531,TV Show,Richie Rich,,"['Jake Brennan', 'Joshua Carlon', 'Lauren Taylor', 'Jenna Ortega', 'Kiff VandenHeuvel', 'Brooke Wexler']",United States,"July 6, 2021",2015,TV-G,2 Seasons,"['family', 'comedy']","After turning his veggies into green energy, Richie Rich earns a trillion dollars overnight and a new life filled with nonstop fun and adventure."
s232,Movie,The Water Man,David Oyelowo,"['David Oyelowo', 'Rosario Dawson', 'Lonnie Chavis', 'Amiah Miller', 'Alfred Molina', 'Maria Bello']",United States,"August 25, 2021",2021,PG,92 min,"['family', 'drama']","Desperate to save his ailing mother, 11-year-old Gunner runs away from home on a quest to find a mythic figure rumored to have the power to cheat death."
s4450,Movie,Life in a ... Metro,Anurag Basu,"['Dharmendra', 'Irrfan Khan', 'Konkona Sen Sharma', 'Kay Kay Menon', 'Shilpa Shetty', 'Shiney Ahuja', 'Sharman Joshi', 'Kangana Ranaut', 'Nafisa Ali', 'Manoj Pahwa']",India,"November 1, 2018",2007,TV-14,126 min,"['drama', 'international', 'music']",A group of Mumbai up-and-comers search for love and struggle for success in this ensemble drama that centers on an eager young call-center executive.
s4858,TV Show,Inspector Gadget,,"['Ivan Sherry', 'Tara Strong', 'Martin Roach', 'Scott McCord', 'Lyon Smith', 'Derek McGrath']","Canada, United States, France","May 18, 2018",2017,TV-Y7,4 Seasons,"['crime', 'family', 'comedy']","Inspector Gadget is back and must face his old enemy, the evil Dr. Claw, who has reactivated MAD, his global crime syndicate."
s4054,Movie,Budapest,Xavier Gens,"['Manu Payet', 'Jonathan Cohen', 'Monsieur Poulpe', 'Alice Belaïdi', 'Alix Poisson']","France, Belgium","March 1, 2019",2018,TV-MA,103 min,"['comedy', 'international']","Two best friends put their careers and marriages on the line when they launch a business hosting outrageous, anything-goes bachelor parties in Hungary."
s4990,Movie,Ricky Gervais: Humanity,John L. Spencer,['Ricky Gervais'],United Kingdom,"March 13, 2018",2018,TV-MA,79 min,['comedy'],"In his first special in seven years, Ricky Gervais slings his trademark snark at celebrity, mortality and a society that takes everything personally."
s4224,Movie,Pokémon the Movie: I Choose You!,Kunihiko Yuyama,"['Ikue Otani', 'Sarah Natochenny', 'David Oliver Nelson', 'Mike Pollock', 'Kate Bristol', 'Suzy Myers', 'Rodger Parsons']",Japan,"January 1, 2019",2017,TV-Y7,97 min,"['anime', 'family']","When Ash tries to pick his first Pokémon on his birthday, he ends up with a stubborn Pikachu and they embark on a journey to find the legendary Ho-Oh."
s484,Movie,Last Summer,,"['Fatih Şahin', 'Ece Çeşmioğlu', 'Halit Özgür Sarı', 'Aslıhan Malbora', 'Eray Ertüren', 'Eren Ören', 'Ozan Kaya Oktu', 'Talha Öztürk', 'Merve Nur Bengi', 'Sümeyye Aydoğan']",,"July 9, 2021",2021,TV-MA,102 min,"['drama', 'international', 'romance']","During summer vacation in a beachside town, 16-year-old Deniz seeks the affection of his childhood crush and navigates a love triangle."
s4478,Movie,W/O Ram,Vijay Yelakanti,"['Lakshmi Manchu', 'Aadarsh Balakrishna', 'Priyadarshi Pullikonda', 'Samrat Reddy', 'Shrikanth Iyyangar', 'Shrusti Dange']",India,"October 26, 2018",2018,TV-MA,115 min,"['drama', 'international', 'thriller']","Frustrated with the stalled investigation into her husband's murder, a woman searches for the killer on her own, putting herself in grave danger."
s8223,Movie,The Boy in the Striped Pajamas,Mark Herman,"['Asa Butterfield', 'Vera Farmiga', 'David Thewlis', 'Rupert Friend', 'David Hayman', 'Jack Scanlon', 'Amber Beattie', 'Sheila Hancock', 'Richard Johnson', 'Jim Norton']","United Kingdom, United States","January 1, 2019",2008,PG-13,95 min,"['drama', 'independent', 'international']","When his family moves from Berlin to Poland, a young boy befriends a boy who lives on the other side of the fence, unaware he's a Jewish prisoner."
s6793,Movie,Four Weddings and a Funeral,Mike Newell,"['Hugh Grant', 'Andie MacDowell', 'James Fleet', 'Simon Callow', 'John Hannah', 'Kristin Scott Thomas', 'David Bower', 'Charlotte Coleman', 'David Haig', 'Rowan Atkinson', 'Sophie Thompson', 'Anna Chancellor', 'Corin Redgrave']",United Kingdom,"August 1, 2019",1994,R,118 min,"['classic', 'comedy', 'international']","A commitment-phobic Brit tries to reconnect with an alluring American who's about to make a seemingly awful mistake by marrying a wealthy, boring man."
s1675,Movie,Bodyguard,Siddique,"['Salman Khan', 'Kareena Kapoor', 'Raj Babbar', 'Asrani', 'Vidya Sinha', 'Hazel Keech', 'Chetan Hansraj', 'Salim Baig']",India,"November 19, 2020",2011,TV-14,130 min,"['action', 'adventure', 'comedy', 'international']","Irked by her bodyguard, an heiress invents a secret admirer to throw him off his duties, but the plan may backfire when she falls for him."
s5993,Movie,16 Blocks,Richard Donner,"['Bruce Willis', 'Mos Def', 'David Morse', 'Jenna Stern', 'Cylk Cozart', 'Casey Sander', 'David Zayas', 'Robert Racki', 'Patrick Garrow', 'Sasha Roiz']","United States, Germany","November 1, 2019",2006,PG-13,102 min,"['action', 'adventure']","Tasked with escorting a prosecution witness to court, an aging cop gears up for the 16-block trek – but they'll be lucky to make it there alive."
s6500,Movie,Clive Davis: The Soundtrack of Our Lives,Chris Perkel,['Clive Davis'],United States,"September 17, 2019",2017,TV-MA,124 min,"['documentary', 'music']",This music-driven documentary charts Clive Davis' 50-year career as one of the world's most influential record moguls.
s812,Movie,Super Monsters: Once Upon a Rhyme,Steve Ball,"['Elyse Maloway', 'Vincent Tong', 'Andrea Libman', 'Alessandro Juliani', 'Nicole Anthony', 'Erin Mathews', 'Diana Kaarina', 'Gigi Saul Guerrero', 'Asia Mattu', 'Rukiya Bernard', 'Ian James Corlett', 'Britt McKillip']",,"June 2, 2021",2021,TV-Y,25 min,['family'],"From Goldilocks to Hansel and Gretel, the Super Monsters reimagine classic fairy tales and favorite nursery rhymes with a musical, magical spin!"
s4859,Movie,Katt Williams: American Hustle (The Movie),Brit McAdams,"['Katt Williams', 'Da Brat', 'Snoop Dogg', 'Tamala Jones', 'Jeremy Piven', 'Ludacris', 'Melanie Comarcho', 'Red Grant', 'Alphonso Mcauley', 'Damaine Radcliff', 'Taran Killam']",United States,"May 17, 2018",2007,TV-MA,89 min,['comedy'],"An aspiring actor leaves Hollywood and takes to the road to do stand-up after he's cast in a series of increasingly stereotypical ""black"" roles."
s8202,Movie,The Bad Education Movie,Elliot Hegarty,"['Jack Whitehall', 'Joanna Scanlan', 'Iain Glen', 'Ethan Lawrence', 'Layton Williams', 'Kae Alexander', 'Weruche Opia', 'Nikki Runeckles', 'Charlie Wernham', 'Jack Binstead']",United Kingdom,"December 15, 2018",2015,TV-MA,87 min,['comedy'],"Britain's most ineffective but caring teacher takes his class to Cornwall for one last school trip, where anything could happen –
 and probably will."
s1777,Movie,In Line,Tope Oshin,"['Chris Attoh', 'Adesua Etomi', 'Uzor Arukwe', 'Sika Osei', 'Leonora Okien', 'Shawn Faqua', 'Tina Mba']",Nigeria,"October 30, 2020",2017,TV-14,114 min,"['drama', 'international']","A convicted murderer gets out of prison and reunites with his wife, who is plotting revenge against him after years of physical and emotional abuse."
s7838,Movie,Ready,Anees Bazmee,"['Salman Khan', 'Asin', 'Paresh Rawal', 'Mahesh Manjrekar', 'Anuradha Patel', 'Manoj Pahwa', 'Manoj Joshi', 'Puneet Issar', 'Sharat Saxena', 'Akhilendra Mishra', 'Zarine Khan', 'Arya Babbar']",India,"October 22, 2017",2011,TV-PG,144 min,"['comedy', 'international', 'romance']","Bollywood superstar Salman Khan plays Prem, an heir to a perfume fortune who falls in love with the wrong woman in this romantic comedy."
s1618,Movie,Natalie Palamides: Nate - A One Man Show,Phil Burgers,['Natalie Palamides'],United States,"December 1, 2020",2020,TV-MA,60 min,['comedy'],"Tough talk takes a soft turn as Nate, played by comedian Natalie Palamides, explores humor, heartbreak, sexuality and consent — with a live audience."
s7459,Movie,Minnaminugu the FireFly,Anil Thomas,"['Surabhi Lakshmi', 'Krishnan Balakrishnan', 'Rebecca Santhosh', 'Prem Prakash', 'Archana Padmini']",India,"August 1, 2018",2017,TV-14,128 min,"['drama', 'international']","A nameless widow juggles multiple jobs to support her daughter’s decision to study abroad, only to discover that she has other plans."
s5228,Movie,The Meyerowitz Stories (New and Selected),Noah Baumbach,"['Adam Sandler', 'Ben Stiller', 'Dustin Hoffman', 'Elizabeth Marvel', 'Grace Van Patten', 'Emma Thompson', 'Candice Bergen', 'Rebecca Miller', 'Danny Flaherty', 'Sakina Jaffrey', 'Adam David Thompson']",United States,"October 13, 2017",2017,TV-MA,113 min,"['comedy', 'drama', 'independent']",Grudges and rivalries abound as three adult siblings converge in New York to contend with their prickly artist father – and his fading legacy.
s5498,Movie,Maria Bamford: Old Baby,Jessica Yu,['Maria Bamford'],United States,"May 2, 2017",2017,TV-MA,64 min,['comedy'],"Maria Bamford performs a rapid-fire, playful stand-up set for crowds at park benches, bowling alleys and LA theaters in this roving comedy special."
s2971,Movie,37 Seconds,Hikari,"['Mei Kayama', 'Misuzu Kanno', 'Shunsuke Daitoh', 'Makiko Watanabe', 'Yoshihiko Kumashino', 'Minori Hagiwara', 'Shohei Uno', 'Yuka Itaya', 'Kiyohiko Shibukawa', 'Eita Okuno', 'Haruka Imou', 'Toshinori Omi']",Japan,"January 31, 2020",2020,TV-MA,116 min,"['drama', 'international']","Trapped by society and familial obligations, a young manga artist goes on an unconventional journey for sexual freedom and personal liberation."
s3310,Movie,Undercover Brother 2,Leslie Small,"['Michael Jai White', 'Vince Swann', 'Barry Bostwick', 'Laila Odom', 'Gary Owen', 'Affion Crockett', 'Steven Lee Johnson', 'Lindsay Lamb', 'Zac Zedalis', 'Cj Sykes']",United States,"November 5, 2019",2019,R,85 min,['comedy'],"When a beloved secret agent falls deep into a coma, his bumbling brother must defend their community from a divisive political threat."
s8131,Movie,Superstar,Bruce McCulloch,"['Molly Shannon', 'Will Ferrell', 'Elaine Hendrix', 'Harland Williams', 'Mark McKinney', 'Glynis Johns', 'Jason Blicker', 'Gerry Bamman', 'Emmy Laybourne', 'Jennifer Irwin', 'Tom Green']",United States,"November 20, 2019",1999,PG-13,82 min,['comedy'],A socially awkward Catholic schoolgirl vows to win a dreamy classmate’s affections by taking first prize at an upcoming talent show.
s2399,Movie,Okko's Inn,Kitaro Kosaka,"['Seiran Kobayashi', 'Nana Mizuki', 'Satsumi Matsuda', 'Rina Endo', 'Etsuko Kozakura', 'Yoko Asagami', 'Teiyu Ichiryusai', 'Masaki Terasoma', 'Hirohide Yakumaru', 'Anju Suzuki', 'Osamu Shitara', 'Mikako Komatsu', 'Horan Chiaki', 'Koichi Yamadera', 'Fumiko Orikasa']",Japan,"June 12, 2020",2018,PG,96 min,"['anime', 'family']","After losing her parents, a young girl learns about grief and healing from a friendly ghost who lives in her grandmother's traditional Japanese inn."
s8001,Movie,She Did That,,"['Luvvie Ajayi', 'Renae Bluitt', 'Melissa Butler', 'Lisa Price', 'Tonya Rapley']",United States,"February 4, 2020",2019,TV-PG,71 min,['documentary'],"Go inside the lives of extraordinary, black female entrepreneurs as they discuss building legacies and pioneering a new future for the next generation."
s8054,Movie,Solomon Kane,Michael J. Bassett,"['James Purefoy', 'Pete Postlethwaite', 'Rachel Hurd-Wood', 'Alice Krige', 'Jason Flemyng', 'Mackenzie Crook', 'Patrick Hurd-Wood', 'Max von Sydow']","Czech Republic, United Kingdom, France","February 15, 2018",2009,R,104 min,"['action', 'adventure', 'international', 'sci-fi', 'fantasy']","In this epic tale, a once-murderous sea captain is holed up in a monastery in retreat from the devil, whom the captain fears is coming for his soul."
s787,Movie,Company of Heroes,Don Michael Paul,"['Tom Sizemore', 'Chad Michael Collins', 'Vinnie Jones', 'Dimitri Diatchenko', 'Neal McDonough', 'Jürgen Prochnow', 'Sam Spruell', 'Richard Sammel', 'Philip Rham', 'Alastair Mackenzie']",United States,"June 2, 2021",2013,R,101 min,"['action', 'adventure', 'drama']","During the last major German offensive of World War II, a group of Allied soldiers sets out against all odds to turn the war around."
s6871,Movie,Golmaal: Fun Unlimited,Rohit Shetty,"['Ajay Devgn', 'Tusshar Kapoor', 'Arshad Warsi', 'Sharman Joshi', 'Paresh Rawal', 'Rimi Sen', 'Sushmita Mukherjee', 'Vrajesh Hirjee']",India,"December 31, 2019",2006,TV-14,148 min,"['comedy', 'international']","Between thwarting crooks and wooing the belle next door, four pranksters get in over their heads when they bamboozle their way into a couple’s bungalow."
s539,TV Show,The A List,,"['Lisa Ambalavanar', 'Ellie Duckles', 'Savannah Baker', 'Cian Barry', 'Eleanor Bennett', 'Jacob Dudman', 'Rosie Dwyer', 'Jack Kane', 'Max Lohan', 'Nneka Okoye', 'Micheal Ward', 'Georgina Sadler', 'Indianna Ryan']",United Kingdom,"July 6, 2021",2021,TV-PG,2 Seasons,"['british', 'international', 'drama']","Romance, rivalry and radical mystery collide as a group of teens attend a remote island sleepaway camp in this suspenseful, supernatural drama."
s5918,Movie,Ralphie May: Unruly,John Asher,['Ralphie May'],United States,"February 27, 2015",2015,TV-MA,83 min,['comedy'],"Filmed in front of a raucous crowd, comedian Ralphie May unleashes his hilariously raunchy perspective in his first Netflix original stand-up special."
s4766,Movie,Nothing to Lose,Alexandre Avancini,"['Petrônio Gontijo', 'Day Mesquita', 'Beth Goulart', 'Dalton Vigh', 'Eduardo Galvão', 'André Gonçalves', 'Marcello Airoldi']",Brazil,"July 20, 2018",2018,PG,133 min,"['drama', 'faith', 'international']",This biographical drama traces the rise to fame of controversial Brazilian evangelical leader and business titan Edir Macedo.
s7546,Movie,My Scientology Movie,John Dower,['Louis Theroux'],United Kingdom,"July 13, 2017",2015,TV-MA,99 min,['documentary'],"After speaking with former Scientology members and being stonewalled by higher-ups, filmmaker Louis Theroux hires actors to re-create alleged events."
s4222,Movie,Merku Thodarchi Malai,Lenin Bharathi,"['Antony', 'Gayathri Krishna', 'Abu Valayamkulam', 'Anthony Vaathiyaar', 'Aarubala', 'Sornam']",India,"January 1, 2019",2018,TV-MA,115 min,"['drama', 'independent', 'international']","In southern India, a laborer's dreams of owning a piece of land to farm is complicated by political corruption."
s987,Movie,Kocan Kadar Konus 2: Dirilis,Kıvanç Baruönü,"['Ezgi Mola', 'Murat Yıldırım', 'Gülenay Kalkan', 'Nevra Serezli', 'Eda Ece']",Turkey,"April 23, 2021",2016,TV-14,104 min,"['comedy', 'international', 'romance']","Efsun has found Mr. Right in Sinan, and their relationship is taking a serious turn. But their eccentric families quickly complicate the romance."
s1531,TV Show,Schulz Saves America,Alexx Media,['Andrew Schulz'],United States,"December 17, 2020",2020,TV-MA,1 Season,"['comedy', 'talkshow', 'comedy']",Comedian Andrew Schulz takes on the year's most divisive topics in this fearlessly unfiltered and irreverent four-part special.
s32,TV Show,Chicago Party Aunt,,"['Lauren Ash', ""Rory O'Malley"", 'RuPaul Charles', 'Jill Talley', 'Ike Barinholtz', 'Jon Barinholtz', 'Matthew Craig', 'Bob Odenkirk', 'Mike Hagerty', 'Katie Rich', 'Chris Witaske']",,"September 17, 2021",2021,TV-MA,1 Season,['comedy'],Chicago Party Aunt Diane is an idolized troublemaker with a talent for avoiding adulthood — and a soft spot for her soul-searching nephew.
s4961,Movie,Happy Anniversary,Jared Stern,"['Noël Wells', 'Ben Schwartz', 'Joe Pantoliano', 'Annie Potts', 'Rahul Kohli', 'Kristin Bauer van Straten', 'David Walton', 'Leonardo Nam', 'Kate Berlant']",United States,"March 30, 2018",2018,TV-MA,78 min,"['comedy', 'romance']",A quirky couple spends their three-year dating anniversary looking back at their relationship and contemplating whether they should break up.
s1558,Movie,Canvas,Frank E. Abney III,,United States,"December 11, 2020",2020,G,9 min,"['family', 'drama']","After a heartbreaking loss, a grandfather struggling to reclaim his passion for painting finds the inspiration to create again."
s1572,Movie,Rose Island,Sydney Sibilia,"['Elio Germano', 'Matilda De Angelis', 'Tom Wlaschiha', 'Luca Zingaretti', 'Fabrizio Bentivoglio', 'Leonardo Lidi', 'François Cluzet']",Italy,"December 9, 2020",2020,TV-14,119 min,"['comedy', 'drama', 'international']","An idealistic engineer builds his own island off the coast of Italy and declares it a nation, drawing the attention of the world — and the government."
s4162,Movie,Surga Yang Tak Dirindukan 2,"Hanung Bramantyo, Meisa Felaroze","['Fedi Nuril', 'Raline Shah', 'Laudya Cynthia Bella', 'Reza Rahadian', 'Nora Danish']",Indonesia,"January 28, 2019",2017,TV-14,119 min,"['drama', 'faith', 'international']","In this sequel to the award-winning 2015 film, Pras, Arini and Meirose face new challenges that could change the dynamic of their unique love triangle."
s7937,Movie,Sardaar ji,Rohit Jugraj,"['Diljit Dosanjh', 'Neeru Bajwa', 'Mandy Takhar', 'Jaswinder Bhalla', 'Ali Kazmi', 'Anita Kailey', 'Daman Singh', 'Sanju Salonki', 'Amrit Pal', 'Jatinder Lall', 'Avy Randhawa']",Canada,"December 1, 2017",2015,TV-14,140 min,"['comedy', 'international', 'music']","When a palatial wedding venue turns out to be haunted, one of the families hosting the wedding hires a fearless Sikh to deal with the ghost."
s50,TV Show,Castle and Castle,,"['Richard Mofe-Damijo', 'Dakore Akande', 'Bimbo Manuel', 'Blossom Chukwujekwu', 'Deyemi Okanlawon', 'Etim Effiong', 'Denola Grey', 'Duke Akintola', 'Eku Edewor', 'Ade Laoye', 'Anee Icha', 'Kevin Ushi', 'Jude Chukwuka', 'Amanda Afolabi']",Nigeria,"September 15, 2021",2021,TV-MA,2 Seasons,"['international', 'drama']","A pair of high-powered, successful lawyers find themselves defending opposite interests of the justice system, causing a strain on their happy marriage."
s4010,Movie,Jeff Dunham: Minding the Monsters,Manny Rodriguez,['Jeff Dunham'],United States,"March 15, 2019",2012,TV-MA,80 min,['comedy'],"Jeff Dunham returns with a haunted house full of his hysterical entourage, and each character stars in its own horror movie trailer."
s4001,Movie,5 Flights Up,Richard Loncraine,"['Josh Pais', 'Claire van der Boom', 'Morgan Freeman', 'Diane Keaton', 'Carrie Preston', 'Cynthia Nixon', 'Korey Jackson', 'Diane Ciesla', 'Michael Cristofer']",United States,"March 17, 2019",2014,PG-13,92 min,"['comedy', 'drama', 'independent']","A couple finds unexpected drama when, after 40 years of living in the same Brooklyn walk-up, they attempt to sell their apartment and buy a new one."
s2816,Movie,Jai Mummy Di,Navjot Gulati,"['Poonam Dhillon', 'Supriya Pathak', 'Sunny Singh', 'Sonalli Sehgall', 'Rajendra Sethi', 'Veer Rajwant Singh', 'Danish Husain', 'Alok Nath']",India,"March 14, 2020",2020,TV-MA,101 min,"['comedy', 'international', 'romance']","Sick of keeping their love a secret from their constantly bickering mothers, a young couple seeks to uncover the cause of the women’s longstanding war."
s2793,TV Show,She,,"['Aaditi Pohankar', 'Vijay Varma', 'Vishwas Kini', 'Kishore Kumar G.', 'Shivani Rangole', 'Suhita Thatte', 'Sandeep Dhabale', 'Saqib Ayub']",India,"March 20, 2020",2020,TV-MA,1 Season,"['crime', 'international', 'drama']",An undercover assignment to expose a drug ring becomes a timid Mumbai constable’s road to empowerment as she realizes her dormant sexuality's potential.
s4507,Movie,Meghnadbodh Rohoshyo,Anik Datta,"['Barun Chanda', 'Sabyasachi Chakraborty']",India,"October 15, 2018",2017,TV-MA,150 min,"['drama', 'international']","A professor mysteriously vanishes, leaving behind a host of suspects, a shadowy history and a clue: the anonymous birthday gift of a Bengali classic."
s3355,Movie,Grego Rossello: Disculpe las molestias,Juani Libonatti,['Grego Rossello'],Argentina,"October 31, 2019",2019,TV-MA,65 min,['comedy'],"Argentine comedian Grego Rossello takes the stage in Buenos Aires to share his takes on modern stardom, airline dining, brotherly love and more."
s1949,TV Show,Van Helsing,,"['Kelly Overton', 'Jonathan Scarfe', 'Christopher Heyerdahl', 'Paul Johansson', 'David Cubitt', 'Tim Guinee']",United States,"September 27, 2020",2019,TV-MA,4 Seasons,"['international', 'action', 'adventure', 'drama']","After three years in a coma, Vanessa awakens to a world ravaged by vampires. Now, she and a motley band of fellow survivors fight to stay alive."
s5081,Movie,Pyar Ke Do Pal,Rajiv Mehra,"['Mithun Chakraborty', 'Jayapradha', 'Simple Kapadia', 'Krishan Dhawan', 'Jagdeep', 'Bindu', 'Satyendra Kapoor', 'Shubha Khote', 'Amrit Pal', 'Lalita Pawar']",India,"January 15, 2018",1986,TV-14,153 min,"['drama', 'international', 'music']","Twins separated by a court order meet at camp and decide to reunite their parents, unaware of the dark secret that drove them apart years before."
s4094,Movie,Transformer,Michael Del Monte,['Janae Marie Kroczaleski'],Canada,"February 20, 2019",2017,TV-MA,79 min,"['documentary', 'lgbtq']",Powerlifter Matt Kroczaleski faced his greatest challenge when he came out as transgender. This documentary captures his transition into a woman.
s8500,Movie,The Sea of Trees,Gus Van Sant,"['Matthew McConaughey', 'Naomi Watts', 'Ken Watanabe', 'Katie Aselton', 'Jordan Gavaris']",United States,"November 8, 2018",2015,PG-13,111 min,['drama'],"A brooding American unable to cope with personal crisis travels to ""suicide forest"" near Mount Fuji, where he meets a fellow lost wanderer."
s4956,Movie,Paheli,Amol Palekar,"['Shah Rukh Khan', 'Rani Mukerji', 'Anupam Kher', 'Dilip Prabhavalkar', 'Amitabh Bachchan', 'Juhi Chawla', 'Nina Kulkarni', 'Rajpal Yadav']",India,"April 1, 2018",2005,TV-PG,134 min,"['drama', 'international', 'romance']",Traditional Indian folklore comes alive in this charming film based on a story by Statwart Vijaydan Detha.
s8187,Movie,The Age of Shadows,Jee-woon Kim,"['Kang-ho Song', 'Gong Yoo', 'Ji-min Han', 'Tae-goo Eom', 'Sung-rok Shin', 'Hee-soon Park', 'Young-ju Seo', 'Song Kang-ho']",South Korea,"January 1, 2018",2016,TV-MA,140 min,"['action', 'adventure', 'drama', 'international']","Formerly a Korean resistance fighter, a policeman working for Japan is tasked with tracking down resistance leaders before they acquire explosives."
s8159,Movie,Teenage Mutant Ninja Turtles,Kevin Munroe,"['Chris Evans', 'Sarah Michelle Gellar', 'Mako Iwamatsu', 'Kevin Smith', 'Patrick Stewart', 'Zhang Ziyi', 'Laurence Fishburne', 'Mitchell Whitfield', 'James Arnold Taylor', 'Mikey Kelley', 'Nolan North']","Hong Kong, United States","May 1, 2019",2007,PG,87 min,"['family', 'comedy']","In this animated adventure, Master Splinter whips the four Ninja Turtles back into shape to defeat monsters running amok in New York."
s3847,TV Show,Cinta Iris,,"['Raja Ilya', 'Nazim Othman', 'Zain Hamid', 'Ungku Ismail', 'Tunku Hanis']",,"May 8, 2019",2015,TV-PG,1 Season,"['international', 'romance', 'drama']","Dedicated engineering student Iris succumbs to love and marries, but fate holds both tragedies and triumphs for her personal and professional life."
s2006,Movie,Lara and the Beat,Tosin Coker,"['Seyi Shay', 'Somkele Iyamah', 'Vector', 'Chioma Chukwuka Akpotha', 'Uche Jumbo', 'Sharon Ooja', 'Shaffy Bello', 'Saidi Balogun', 'Kemi Lala Akindoju', 'Ademola Adedoyin']",Nigeria,"September 14, 2020",2018,TV-MA,140 min,"['drama', 'international', 'music']","When their glamorous, fast-paced lifestyle comes to a screeching halt, two sisters try to rebuild their fortunes through music and enterprise."
s1251,Movie,Connected,Milton Kremer,"['Hernán Cattáneo', 'Richard Coleman']",,"March 1, 2021",2021,TV-G,42 min,"['documentary', 'international', 'music']","Argentine DJ Hernán Cattáneo, known for his house music innovations, invites a symphonic orchestra for a four-night run at Buenos Aires' Teatro Colón."
s4816,TV Show,Borges,,"['Thati Lopes', 'Antonio Pedro Tabet', 'Karina Ramil', 'Rafael Portugal', 'Luis Lobianco']",Brazil,"June 25, 2018",2018,TV-MA,1 Season,"['international', 'comedy']","Left deeply in debt after their boss flees the country, four import company employees start producing online video content to keep themselves afloat."
s4141,Movie,LEGO Marvel Super Heroes: Guardians of the Galaxy,,,United States,"February 1, 2019",2017,TV-Y,22 min,['family'],"The Guardians are on a mission to deliver the Build Stone to the Avengers before the Ravagers, Thanos and his underlings steal it from them."
s3165,Movie,Nothing to Lose 2,Alexandre Avancini,"['Petrônio Gontijo', 'Day Mesquita', 'Beth Goulart', 'Dalton Vigh', 'Eduardo Galvão', 'César Mello', 'Leonardo Franco', 'Raphael Viana', 'Otávio Martins']",Brazil,"December 7, 2019",2019,PG-13,97 min,"['drama', 'faith', 'international']","As controversy surrounds the evangelical church he helped found, Edir Macedo must juggle betrayals, politics and personal loss in this biopic sequel."
s1659,TV Show,Valentino,,"['Adel Imam', 'Dalal Abdelaziz', 'Hamdy Al-Merghany', 'Mohamed al-Kilani', 'Tarek El Ebiary', 'Huda El Mufti', 'Soleiman Eid', 'Badria Tolba', 'Reda Idrees', 'Enaam Al-Gritly', 'Wafaa Sadeq', 'Rania Mahmoud Yassin']",Egypt,"November 24, 2020",2020,TV-14,1 Season,"['international', 'comedy', 'drama']","As the owner of a group of international schools, a man gets caught in a series of scams as his wife, a principal, rules his life with an iron fist."
s4107,Movie,Neevevaro,Hari Nath,"['Aadhi', 'Tapsee Pannu', 'Ritika Singh', 'Vennela Kishore', 'Sapthagiri']",India,"February 15, 2019",2018,TV-14,132 min,"['drama', 'international', 'romance']","When a blind chef’s girlfriend goes missing, his unnerving search for her leads him to find there's more to her disappearance than what meets the eye."
s3604,Movie,Rocko's Modern Life: Static Cling,"Joe Murray, Cosmo Segurson","['Carlos Alazraqui', 'Tom Kenny', 'Charlie Adler', 'Jill Talley', 'Mr. Lawrence', 'Joe Murray']",United States,"August 9, 2019",2019,TV-Y7,46 min,"['family', 'comedy', 'lgbtq']","After 20 years in space, Rocko struggles to adjust to life in 21st century O-Town and makes it his mission to get his favorite show back on the air."
s7402,Movie,Mantra,Nicholas Kharkongor,"['Rajat Kapoor', 'Lushin Dubey', 'Kalki Koechlin', 'Shiv Pandit', 'Adil Hussain', 'Rohan Joshi', 'Yuri Suri', 'Maya Krishna Rao']",India,"December 15, 2017",2017,TV-14,89 min,"['drama', 'independent', 'international']",An Indian business owner struggles to keep his company afloat amid global competition while trying to make up for lost time with his family.
s2491,Movie,The Married Couples,Hassan AbdulSalam,"['Samir Ghanem', 'George Sidhum', 'Sherine', 'Nagah El-Mogui']",Egypt,"May 21, 2020",1981,TV-14,195 min,"['comedy', 'international', 'romance']","Hailing from different classes, a young man and his wife try to find their version of happily married when both yearn to leave their old lives behind."
s4062,Movie,Sarvam Thaala Mayam (Tamil Version),Rajiv Menon,"['G.V. Prakash Kumar', 'Nedumudi Venu', 'Aparna Balamurali', 'Divyadarshini', 'Vineeth', 'Kumaravel', 'Ravi Prakash', 'Sumesh']",,"March 1, 2019",2018,TV-14,131 min,"['drama', 'international', 'music']","An aspiring musician battles age-old caste divides to be able to learn the art of a classical instrument from a traditionalist, veteran percussionist."
s7848,TV Show,Red vs. Blue,,"['Burnie Burns', 'Jason Saldaña', 'Gustavo Sorola', 'Geoff Lazer Ramsey', 'Joel Heyman', 'Matt Hullum', 'Dan Godwin', 'Kathleen Zuelch', 'Yomary Cruz', 'Nathan Zellner']",United States,,2015,NR,13 Seasons,"['action', 'adventure', 'comedy', 'sci-fi', 'fantasy']","This parody of first-person shooter games, military life and science-fiction films centers on a civil war fought in the middle of a desolate canyon."
s2263,Movie,A Kid from Coney Island,"Coodie, Chike",['Stephon Marbury'],"United States, China","July 6, 2020",2019,TV-MA,89 min,"['documentary', 'sport']","From gifted athlete to professional NBA hooper, Coney Island's Stephon Marbury navigates the pressures, pitfalls and peaks of his basketball journey."
s1667,Movie,Alien Xmas,Stephen Chiodo,"['Keythe Farley', 'Dee Bradley Baker', 'Kaliayh Rhambo', 'Michelle Deco', 'Barbara Goodson']",United States,"November 20, 2020",2020,TV-Y,42 min,['family'],"A young elf mistakes a tiny alien for a Christmas gift, not knowing her new plaything has plans to destroy Earth's gravity — and steal all the presents."
s6661,TV Show,Earth's Natural Wonders: Life at the Extremes,,['Corey Johnson'],,"October 1, 2018",2018,TV-14,1 Season,"['british', 'documentary', 'science', 'nature']","From the Arctic to the Outback, humans battle the elements and use their ingenuity to survive in the most extreme environments in the world."
s1150,TV Show,Yu-Gi-Oh!,,"['Dan Green', 'Eric Stuart', 'Amy Birnbaum', 'Darren Dunstan', 'Wayne Grayson', 'Tara Sands', 'Lisa Ortiz', 'Megan Hollingshead', 'Madeleine Blaustein', 'Sam Riegel', 'Ted Lewis', 'Gregory Abbey', 'Jimmy Zoppi']",Japan,"March 31, 2021",2005,TV-Y7,1 Season,"['anime', 'family']","The lives of young Yugi Moto and his friends Joey, Tristan, and Téa are forever changed when a fantasy card game becomes their reality."
s6709,Movie,Euphoria,Valeria Golino,"['Riccardo Scamarcio', 'Valerio Mastandrea', 'Isabella Ferrari', 'Valentina Cervi', 'Jasmine Trinca', 'Andrea Germani', 'Marzia Ubaldi', 'Iaia Forte']",Italy,"November 1, 2019",2018,R,110 min,"['drama', 'international', 'lgbtq']","An entrepreneur prone to partying and his estranged brother, a teacher resigned to a humdrum life, begin to bond under fragile circumstances."
s8422,TV Show,The Messengers,,"['Shantel VanSanten', 'Diogo Morgado', 'JD Pardo', 'Joel Courtney', 'Jon Fletcher', ""Sofia Black D'Elia"", 'Anna Diop', 'Craig Frank']",United States,"April 17, 2016",2015,TV-14,1 Season,"['drama', 'mystery', 'sci-fi', 'fantasy']",A group of strangers who are killed by a mysterious object soon come back to life and learn they have been chosen to prevent the apocalypse.
s4465,Movie,Welcome to Sajjanpur,Shyam Benegal,"['Shreyas Talpade', 'Amrita Rao', 'Ravi Kishan', 'Ila Arun', 'Rajeshwari Sachdev', 'Divya Dutta', 'Yashpal Sharma', 'Ravi Jhankal', 'Lalit Mohan Tiwari']",India,"November 1, 2018",2008,TV-14,131 min,"['comedy', 'drama', 'international']","An educated man assists the illiterate residents of his village with written correspondence, sometimes manipulating the letters to suit his interests."
s4916,Movie,Enissa Amani: Ehrenwort,Max Amini,['Enissa Amani'],Germany,"April 26, 2018",2018,TV-MA,66 min,['comedy'],"Live from Hamburg, Iranian-German comedian Enissa Amani shares her take on German engineering, tax deductions and online fan-mail etiquette."
s426,TV Show,Chicago Med,,"['Colin Donnell', 'Torrey DeVitto', 'Oliver Platt', 'S. Epatha Merkerson', 'Nick Gehlfuss', 'Yaya DaCosta', 'Laurie Holden']",United States,"July 22, 2021",2019,TV-14,5 Seasons,['drama'],"The doctors and nurses of Gaffney Chicago Medical Center juggle the busy ER's dramas and dangers in this spinoff of ""Chicago Fire"" and ""Chicago P.D."""
s2495,Movie,Ben Platt Live from Radio City Music Hall,"Alex Timbers, Sam Wrench",['Ben Platt'],United States,"May 20, 2020",2020,TV-PG,85 min,['music'],"Backed by a full band and a ready wit, actor Ben Platt opens up a very personal songbook onstage —numbers from his debut LP, ""Sing to Me Instead.”"
s518,TV Show,Good Morning Call,,"['Haruka Fukuhara', 'Shunya Shiraishi', 'Dori Sakurada', 'Moe Arai', 'Kentaro', 'Shugo Nagashima', 'Koya Nagasawa', 'Hinako Tanaka', 'Tomoharu Hasegawa', 'Tomoko Fujita', 'Erika Mori', 'Kei Tanaka', 'Yosuke Sugino', 'Maryjun Takahashi', 'Itsuki Sagara', 'Madoka Yoshida']",Japan,"July 6, 2021",2017,TV-14,2 Seasons,"['international', 'romance', 'comedy']","A high school girl finally gets her own apartment, but she has to share it with the most popular boy in school. No one can know they're living together."
s3860,Movie,All In My Family,Hao Wu,,United States,"May 3, 2019",2019,TV-14,40 min,"['documentary', 'lgbtq']","After starting a family of his very own in America, a gay filmmaker documents his loving, traditional Chinese family's process of acceptance."
s1227,TV Show,The Houseboat,,"['Olli Schulz', 'Fynn Kliemann']",Germany,"March 9, 2021",2021,TV-14,1 Season,"['documentary', 'international']","With plenty of passion and little know-how, two musicians undertake a daunting project: turn a late singer's houseboat into a creative musical space."
s1766,TV Show,The Garfield Show,,"['Frank Welker', 'Wally Wingert', 'Gregg Berger']","France, United States","November 1, 2020",2018,TV-Y,4 Seasons,"['family', 'comedy']","Lazy, lasagna-loving fat cat Garfield lives life on his own terms, which includes teasing his geeky owner, Jon, and tormenting dimwitted dog Odie."
s4572,Movie,Jagga Jasoos,Anurag Basu,"['Ranbir Kapoor', 'Katrina Kaif', 'Saurabh Shukla', 'Saswata Chatterjee', 'Rajatabha Dutta', 'Saravajeet Tiwari']",India,"October 1, 2018",2017,TV-14,155 min,"['action', 'adventure', 'comedy', 'international']","An eccentric, self-proclaimed detective goes on an action-packed hunt for his missing father, with an awkward but adventurous journalist by his side."
s316,Movie,Ije: The Journey,Chineze Anyaene,"['Genevieve Nnaji', 'Omotola Jalade-Ekeinde', 'Odalys Garcia', 'Ulrich Que', 'Jeff Swarthout', 'Clem Ohameze', 'Ann D. Carey', 'Anahit Setian', 'Danielle Soibelman', 'Jon Morgan Woodward']","United States, Nigeria","August 3, 2021",2010,TV-MA,106 min,"['drama', 'international']","When her sister is accused of multiple murders, a Nigerian woman travels to Los Angeles to uncover the truth and fight for her sibling’s freedom."
s5774,Movie,My Little Pony Equestria Girls: Legend of Everfree,Ishi Rudell,"['Tara Strong', 'Rebecca Shoichet', 'Ashleigh Ball', 'Andrea Libman', 'Tabitha St. Germain', 'Cathy Weseluck', 'Enid-Raye Adams', 'Brian Doe', 'Nicole Oliver']","United States, Canada","October 1, 2016",2016,TV-Y7,73 min,"['family', 'comedy']","The Equestria Girls, human teen counterparts to My Little Pony characters, head to Camp Everfree, where they need a little magic to help save summer."
s7204,Movie,Killer Klowns from Outer Space,Stephen Chiodo,"['Grant Cramer', 'Suzanne Snyder', 'John Allen Nelson', 'John Vernon', 'Michael S. Siegel', 'Peter Licassi', 'Royal Dano', 'Christopher Titus', 'Irene Michaels', 'Karla Sue Krull']",United States,"April 1, 2020",1988,PG-13,86 min,"['comedy', 'cult', 'horror']","An alien band of killer clowns descends from the cosmos to harvest scores of small-town victims, cocooning their prey in cotton candy to eat later."
s6810,Movie,Froning: The Fittest Man in History,Heber Cannon,['Rich Froning'],United States,"July 15, 2018",2016,PG,99 min,"['documentary', 'international', 'sport']",Follow the grueling training regimen of Rich Froning Jr. as he sets his sights on winning an unprecedented fourth CrossFit Games title.
s3023,Movie,Bulbul Can Sing,Rima Das,"['Arnali Das', 'Manoranjan Das', 'Banita Thakuriya', 'Manabendra Das', 'Deepjyoti Kalita', 'Pakija Begum']",India,"January 15, 2020",2018,TV-14,95 min,"['drama', 'independent', 'international']","Exploring their sexual identities in the face of the patriarchal rules of their Assamese village, a teenager and her two friends are rocked by tragedy."
s1825,Movie,Taxi Ballad,Daniel Joseph,"['Talal El-Jordi', 'Karina Logue', 'Badih Abou Chakra', 'Tariq Tamim', 'Omar Mikati', 'Hiam Abou Chedid', 'Mahmoud Mabsout', 'Aida Sabra']","Lebanon, United States, United Arab Emirates","October 19, 2020",2012,TV-MA,81 min,"['drama', 'international']",A taxi driver new to Beirut forms an unlikely bond with a bored American Pilates instructor who loves hearing him tell stories about his past.
s2693,Movie,LA Originals,,,"United States, Argentina","April 10, 2020",2020,TV-MA,92 min,"['documentary', 'international', 'music']","Photographer Estevan Oriol and artist Mister Cartoon turned their Chicano roots into gritty art, impacting street culture, hip hop and beyond."
s1869,TV Show,Deaf U,,,United States,"October 9, 2020",2020,TV-MA,1 Season,['documentary'],"In this reality series, a tight-knit group of Deaf and hard of hearing students share their stories and explore life at Gallaudet University."
s5691,TV Show,From Dusk Till Dawn,,"['D.J. Cotrona', 'Zane Holtz', 'Eiza Gonzalez', 'Jesse Garcia', 'Madison Davenport', 'Brandon Soo Hoo', 'Wilmer Valderrama', 'Robert Patrick', 'Jake Busey', 'Samantha Esteban', 'Don Johnson']",United States,"December 5, 2016",2016,TV-MA,3 Seasons,"['classic', 'cult', 'action', 'adventure', 'horror']",Bank-robbing brothers encounter vengeful lawmen and demons south of the border in this original series based on Robert Rodriguez' cult horror film.
s2483,Movie,Bye Bye London,Almunsif Alsuwaisi,"['Abdulhussain Abdulredah', 'Ghanem Al-Saleh', 'Mariam Al-Ghadban', 'Dawood Hussain', 'Entesar Alsharah', 'Mohamed Gaber']",Kuwait,"May 21, 2020",1981,TV-14,177 min,"['comedy', 'drama', 'international']","In this satirical play, a wealthy Kuwaiti businessman travels to London for pleasure and encounters a host of eccentric characters."
s195,TV Show,Deadly Sins,,"['Frank Ramirez', 'Patricia Castañeda', 'Chela del Río', 'Patrick Delmas', 'María José Martínez', 'Robinson Díaz', 'Juan Ángel', 'Guillermo Olarte', 'Constanza Duque', 'Marcela Carvajal']",,"August 27, 2021",2002,TV-MA,1 Season,"['international', 'spanish', 'language', 'drama']",A multimillionaire fakes his death and forces his relatives to live together in his mansion for one year to see who's worthy of inheriting his fortune.
s1743,Movie,Felix Lobrecht: Hype,Jan-Peter Horns,['Felix Lobrecht'],Germany,"November 3, 2020",2020,TV-MA,60 min,['comedy'],"Felix Lobrecht aims his dark humor at overly polite culture, weird laughter, the sheer awkwardness of a walking baby and more in this stand-up special."
s6763,Movie,Fishtail,Andrew Renzi,['Harry Dean Stanton'],United States,"October 1, 2018",2015,NR,61 min,['documentary'],Harry Dean Stanton narrates this documentary that follows two modern-day cowboys as they welcome new calves at Montana's Fishtail Basin Ranch.
s2516,TV Show,Patriot Act with Hasan Minhaj,,['Hasan Minhaj'],United States,"May 17, 2020",2020,TV-MA,6 Seasons,"['comedy', 'talkshow', 'comedy']","Every Sunday, Hasan Minhaj brings an incisive and nuanced perspective to global news, politics and culture in his unique comedy series."
s1603,Movie,Must Be... Love,Dado C. Lumibao,"['Kathryn Bernardo', 'Daniel Padilla', 'Liza Soberano', 'John Estrada', 'John Lapus']",Philippines,"December 3, 2020",2013,TV-14,106 min,"['comedy', 'drama', 'international']","When a teenage girl develops romantic feelings for her childhood best friend, she finds herself changing her ways to win him over."
s6217,TV Show,Badalte Rishton Ki Dastaan,,"['Additi Gupta', 'Sanjeeda Sheikh', 'Kiran Karmarkar', 'Abhinav Shukla', 'Tanushree Kaushal', 'Mona Ambegaonkar']",India,"April 1, 2017",2013,TV-14,1 Season,"['international', 'drama']","When a man is killed, his wife and his lover – both of whom are pregnant with his children – come under the thumb of his brutal, dictatorial father."
s615,Movie,What Dreams May Come,Vincent Ward,"['Robin Williams', 'Cuba Gooding Jr.', 'Annabella Sciorra', 'Max von Sydow', 'Jessica Brooks Grant', 'Josh Paddock', 'Rosalind Chao', 'Lucinda Jenney', 'Maggie McCarthy', 'Wilma Bonet', 'Matt Salinger', 'Carin Sprague', 'June Carryl', 'Paul P. Card IV', 'Werner Herzog']","United States, New Zealand","July 1, 2021",1998,PG-13,114 min,"['drama', 'romance', 'sci-fi', 'fantasy']","A physician finds himself in heaven after an accident, inhabiting the landscape of his wife's paintings while seeking to rescue her from the underworld."
s6476,Movie,Chris Brown: Welcome to My Life,Andrew Sandler,['Chris Brown'],United States,"October 7, 2017",2017,TV-MA,80 min,"['documentary', 'music']","Featuring interviews, concert footage and behind-the-scenes access, this documentary delivers fans an all-access look at the life of Chris Brown."
s8294,TV Show,The Fear,Michael Samuels,"['Peter Mullan', 'Anastasia Hille', 'Harry Lloyd', 'Paul Nicholls', 'Demosthenes Chrysan', 'Dragos Bucur', 'Shaban Arifi', 'Julia Ragnarsson', 'Danny Sapani', 'Nigel Lindsay', 'Osy Ikhile', 'Sidney Kean', 'Lisa McAllister', 'Catherine Winter', 'Amarildo Kola', 'Julius Peter Wells']",United Kingdom,"March 31, 2017",2012,TV-MA,1 Season,"['british', 'crime', 'drama']","Richie Beckett is an aging Brighton crime boss who's struggling with the onset of dementia, just as a rival gang is trying to take over his territory."
s5184,Movie,Mubarakan,Anees Bazmee,"['Anil Kapoor', 'Arjun Kapoor', ""Ileana D'Cruz"", 'Athiya Shetty', 'Neha Sharma', 'Vineet Kumar Singh', 'Pavan Malhotra', 'Ratna Pathak Shah', 'Karan Kundra', 'Anil Mange', 'Rahul Dev', 'Sanjay Kapoor']",India,"November 5, 2017",2017,PG-13,153 min,"['comedy', 'drama', 'international']","Chaos ensues after two orphaned twin brothers raised apart team up with their eccentric, unmarried uncle to find a solution to their romantic woes."
s1179,Movie,Jiu Jitsu,Dimitri Logothetis,"['Alain Moussi', 'Nicolas Cage', 'Tony Jaa', 'Rick Yune', 'Frank Grillo', 'Marie Avgeropoulos', 'JuJu Chan', 'Ryan Tarran', 'Eddie Steeples', 'Raymond Pinharry', 'Mary Makariou']",United States,"March 20, 2021",2020,R,102 min,"['action', 'adventure']","After the defeat of a celebrated war hero, an ancient order of fighters battles powerful space invaders as the fate of humanity hangs in the balance."
s7119,Movie,Jalpari: The Desert Mermaid,Nila Madhab Panda,"['Lehar Khan', 'Krishang Trivedi', 'Parvin Dabas', 'Suhasini Mulay', 'V.M. Badola', 'Tannishtha Chatterjee', 'Rahul Singh', 'Harsh Mayar']",India,"May 19, 2018",2012,TV-14,94 min,"['drama', 'independent', 'international']","When they travel to their father's ancestral village, city kids expecting a natural paradise instead find a poor, dusty town that harbors secrets."
s6338,Movie,Blow,Ted Demme,"['Johnny Depp', 'Penélope Cruz', 'Franka Potente', 'Rachel Griffiths', 'Paul Reubens', 'Jordi Mollà', 'Cliff Curtis', 'Miguel Sandoval', 'Ethan Suplee', 'Ray Liotta']",United States,"October 1, 2019",2001,R,123 min,['drama'],Cocaine smuggler George rises from poverty to become one of the biggest drug dealers in America before his eventual downfall.
s5686,Movie,Other People,Chris Kelly,"['Jesse Plemons', 'Molly Shannon', 'Bradley Whitford', 'Maude Apatow', 'Madisen Beaty', 'John Early', 'Zach Woods', 'Paul Dooley', 'June Squibb']",United States,"December 8, 2016",2016,TV-MA,97 min,"['comedy', 'drama', 'independent']","After a bad breakup, a struggling New York comedy writer tries to don a brave face and care for his dying mother in Sacramento."
s4635,TV Show,Transformers: Rescue Bots,,"['Lacey Chabert', 'Elan Garfias', 'Maurice LaMarche', 'Jason Marsden', 'Shannon McKain', 'Steve Blum', 'Parvesh Cheena', 'D.C. Douglas', 'Imari Williams', 'LeVar Burton', 'Diamond White']","Canada, United States","September 19, 2018",2016,TV-Y7,1 Season,['family'],"Follow the adventure of four young transformers, Heatwave, Chase, Blades and Boulder, and their human counterparts: a family of emergency responders."
s4662,Movie,The Debt Collector,Jesse V. Johnson,"['Scott Adkins', 'Louis Mandylor', 'Vladimir Kulich', 'Michael Paré', 'Rachel Brann', 'Selina Lo', 'Tony Todd']","United Kingdom, United States","September 3, 2018",2018,TV-MA,96 min,"['action', 'adventure']","A broke martial arts instructor takes a side gig with a mobster, who pairs him with a veteran thug for a weekend of fisticuffs-fueled debt collection."
s2823,Movie,Lost Girls,Liz Garbus,"['Amy Ryan', 'Gabriel Byrne', 'Thomasin McKenzie', 'Lola Kirke', 'Oona Laurence', 'Dean Winters', 'Miriam Shor', 'Reed Birney', 'Kevin Corrigan', 'Stan Carp']",United States,"March 13, 2020",2020,R,95 min,['drama'],"Desperate to find her missing daughter, a mother fights to uncover the truth — and helps expose a string of unsolved murders. Based on a true story."
s7708,Movie,Pareeth Pandaari,Gafoor Y. Elliyaas,"['Kalabhavan Shajohn', 'Sajitha Madathil', 'Jaffer Idukki', 'Sunil Sukhada', 'Joy Mathew', 'Ansiba']",India,"July 1, 2018",2017,TV-PG,109 min,"['drama', 'independent', 'international']","As the parents of three unmarried daughters, a humble cook and his wife contend with the challenges of matchmaking and social expectations."
s7212,Movie,Kings,Deniz Gamze Ergüven,"['Halle Berry', 'Daniel Craig', 'Lamar Johnson', 'Kaalan Walker', 'Rachel Hilson', 'Issac Ryan Brown', 'Callan Farris', 'Serenity Reign Brown', 'Reece Cody', 'Aiden Akpan']","France, Belgium, China, United States","October 29, 2018",2017,R,87 min,['drama'],A foster mom and her houseful of kids befriend a bitter neighbor after the Rodney King verdict is handed down in 1992 Los Angeles.
s3244,TV Show,Nobody's Looking,,"['Victor Lamoglia', 'Júlia Rabello', 'Kéfera Buchmann', 'Augusto Madeira', 'Danilo de Moura', 'Leandro Ramos', 'Telma Souza', 'Priscila Sol', 'Wallie Ruy', 'Maurício de Barros', 'Hermínio Ribeiro']",Brazil,"November 22, 2019",2019,TV-MA,1 Season,"['international', 'comedy', 'drama']","A new guardian ""angelus"" uncovers a secret behind the Angelus System's bureaucracy that leads him to break its official rules about protecting humans."
s3763,TV Show,Designated Survivor,,"['Kiefer Sutherland', 'Natascha McElhone', 'Maggie Q', 'Kal Penn', 'Adan Canto', 'Italia Ricci', 'LaMonica Garrett', 'Tanner Buchanan', 'Ben Lawson', 'Paulo Costanzo', 'Zoe McLellan']",United States,"June 7, 2019",2019,TV-MA,3 Seasons,"['crime', 'drama', 'thriller']",America's fate rests in the hands of a low-level official after an attack on Washington decimates the government in this gripping political thriller.
s2456,Movie,The Stolen,Niall Johnson,"['Alice Eve', 'Jack Davenport', 'Graham McTavish', 'Stan Walker', ""Richard O'Brien"", 'Cohen Holloway', 'Stig Eldred', 'Emily Corcoran', 'Gillian MacGregor', 'Mikaela Ruegg']","United Kingdom, Germany, United Arab Emirates, New Zealand","June 1, 2020",2016,TV-14,98 min,['drama'],A well-to-do British woman must venture into New Zealand's wild and dangerous unknown when her baby son is kidnapped and held for ransom.
s8710,Movie,Weather forecast,Antoni Krauze,"['Halina Buyno-Łoza', 'Zofia Cegiełkowa', 'Barbara Chojecka', 'Eugenia Horecka', 'Zygmunt Zintel', 'Henryka Janikowska', 'Lena Wilczyńska', 'Jerzy Block']",Poland,"October 1, 2019",1983,TV-MA,91 min,"['drama', 'international']","When a delivery of coffins foreshadows a harsh winter, residents of a retirement home escape their confines and rediscover the world outside."
s7964,Movie,Seal Team Six: The Raid on Osama Bin Laden,John Stockwell,"['Cam Gigandet', 'Anson Mount', 'Freddy Rodríguez', 'Xzibit', 'Kathleen Robertson', 'Robert Knepper', 'Eddie Kaye Thomas', 'Kenneth Miller', 'William Fichtner', 'Jenny Gabrielle', 'Mo Gallini']",United States,"January 1, 2020",2012,TV-MA,90 min,"['action', 'adventure']","In this dramatic recreation, U.S. Navy SEAL Team 6 trains for a critical mission, then executes a tough nighttime raid on Osama Bin Laden's compound."
s4913,Movie,The Week Of,Robert Smigel,"['Adam Sandler', 'Chris Rock', 'Steve Buscemi', 'Rachel Dratch', 'Allison Strong', 'Roland Buck III', 'Katie Hartman', 'Chloe Himmelman', 'Jake Lippmann', 'Jim Barone', 'June Gable']",United States,"April 27, 2018",2018,TV-14,117 min,['comedy'],Two fathers with clashing views about their children's upcoming wedding struggle to keep it together during the chaotic week before the big day.
s4779,TV Show,Drug Lords,,,United States,"July 10, 2018",2018,TV-MA,2 Seasons,"['crime', 'documentary']","Witness the stories of history's most notorious kingpins, their terrifying enforcers, and the men and women who've sworn to bring them down."
s8695,Movie,War,Philip G. Atwell,"['Jet Li', 'Jason Statham', 'John Lone', 'Devon Aoki', 'Luis Guzmán', 'Saul Rubinek', 'Sung Kang', 'Mathew St. Patrick', 'Nadine Velazquez', 'Andrea Roth', 'Mark Cheng', 'Kane Kosugi', 'Ryo Ishibashi', 'Steph Song']","United States, Canada","April 1, 2019",2007,R,103 min,"['action', 'adventure']","When his partner is killed and all clues point to a notorious assassin, FBI agent Jack Crawford sets out for revenge in this taut action-thriller."
s2829,Movie,Carmen Sandiego: To Steal or Not to Steal,Jos Humphrey,"['Gina Rodriguez', 'Finn Wolfhard', 'Abby Trott', 'Michael Hawley', ""Liam O'Brien"", 'Mary Elizabeth McGlynn', 'Toks Olagundoye', 'Sharon Muthu']","Canada, United States","March 10, 2020",2020,TV-Y7,82 min,['family'],"You drive the action in this interactive adventure, helping Carmen save Ivy and Zack when V.I.L.E. captures them during a heist in Shanghai."
s7111,Movie,Jack and the Cuckoo-Clock Heart,"Mathias Malzieu, Stéphane Berla","['Orlando Seale', 'Samantha Barks', 'Harry Sadeghi', 'Stephane Cornicard', 'Jessie Buckley', 'Sophia Ellis', 'Barbara Scaff', 'Michelle Fairley', 'Richard Ridings', 'Howard Samuels']","France, Belgium","February 8, 2017",2013,PG,93 min,"['family', 'music']","Equipped with a mechanical heart and determined to stay out of death's shadow, young Jack understands that love could prove fatal."
s8611,Movie,Tracers,Daniel Benmayor,"['Luciano Acuna Jr.', 'Adam Rayner', 'Marie Avgeropoulos', 'Rafi Gavron', 'Taylor Lautner', 'Sam Medina', 'Amirah Vann', 'Johnny M. Wu', 'Josh Yadon', 'Christian Steel']",United States,"October 22, 2019",2015,PG-13,94 min,"['action', 'adventure']","When a bike messenger falls into debt with organized criminals, a sexy woman draws him into her high-stakes world of parkour, teaching him new skills."
s5683,Movie,Spectral,Nic Mathieu,"['James Badge Dale', 'Emily Mortimer', 'Bruce Greenwood', 'Max Martini', 'Clayne Crawford', 'Cory Hardrict', 'Louis Ozawa Changchien', 'Jimmy Akingbola', 'Dylan Smith', 'Philip Bulcock']","United States, Hungary","December 9, 2016",2016,TV-14,108 min,"['action', 'adventure', 'sci-fi', 'fantasy']","When an otherworldly force wreaks havoc on a war-torn European city, an engineer teams up with an elite Special Ops unit to stop it."
s3402,TV Show,Little Baby Bum: Nursery Rhyme Friends,,"['Chloe Marsden', 'Aaron Marsden', 'María Esnoz']",United Kingdom,"October 18, 2019",2019,TV-Y,2 Seasons,"['british', 'family']","Twinkle, Mia, Jacus and the rest of the Nursery Rhyme Friends perform catchy tunes for the little ones."
s7103,Movie,Issaq,Manish Tiwary,"['Prateik', 'Amyra Dastur', 'Ravi Kishan', 'Prashant Narayanan', 'Rajeshwari Sachdev', 'Neena Gupta', 'Makarand Deshpande', 'Vineet Kumar Singh', 'Amit Sial', 'Prashantt Guptha', 'Sudhir Pandey', 'Evelyn Sharma', 'Sandeep Bose']",India,"March 1, 2018",2013,TV-MA,140 min,"['drama', 'international', 'music']",Two young lovers in Banaras are caught in the crossfire of a feud between their powerful families and a political climate destroying their city.
s2627,Movie,The Lift Boy,Jonathan Augustin,"['Moin Khan', 'Nyla Masood', 'Saagar Kale', 'Neha Bam', 'Aneesha Shah', ""Damian Alexander D'Souza"", 'Kaustubh Narain', 'Shilpa Iyer', 'Nil Mani', 'Pallas Prajapati']",India,"April 27, 2020",2020,TV-MA,107 min,"['drama', 'independent', 'international']","When a lazy young man replaces his father as the elevator operator of a posh residential complex, what he sees as menial work soon takes on new meaning."
s6941,Movie,Have You Seen the Listers?,Eddie Martin,['Anthony Lister'],Australia,"February 1, 2019",2017,TV-MA,86 min,"['documentary', 'international']",This documentary paints a candid picture of Australian street artist Anthony Lister as he navigates his burgeoning career and personal hardships.
s5834,Movie,Brahman Naman,Qaushiq Mukherjee,"['Shashank Arora', 'Tanmay Dhanania', 'Chaitanya Varad', 'Vaishwath Shankar', 'Sindhu Sreenivasa Murthy', 'Sid Mallya', 'Denzil Smith']","India, United Kingdom","July 6, 2016",2016,TV-MA,96 min,"['comedy', 'independent', 'international']",This homage to 1980s teen sex comedies follows a college quiz bowl champion who knows almost everything – except how to talk to women.
s5960,Movie,21,Robert Luketic,"['Jim Sturgess', 'Kevin Spacey', 'Kate Bosworth', 'Aaron Yoo', 'Liza Lapira', 'Jacob Pitts', 'Laurence Fishburne', 'Jack McGee', 'Josh Gad', 'Sam Golzari', 'Helen Carey', 'Jack Gilpin']",United States,"January 1, 2020",2008,PG-13,123 min,['drama'],A brilliant group of students become card-counting experts with the intent of swindling millions out of Las Vegas casinos by playing blackjack.
s365,TV Show,Centaurworld,,"['Kimiko Glenn', 'Megan Hilty', 'Parvesh Cheena', 'Chris Diamantopoulos', 'Megan Nicole Dong', 'Jessie Mueller', 'Josh Radnor']",,"July 30, 2021",2021,TV-Y7,1 Season,"['family', 'comedy']","On a quest to reunite with her trusty rider, a fearless war horse journeys through a whimsical world filled with magic, adventure and singing centaurs."
s7780,TV Show,Power Rangers Super Samurai,,"['Alex Heartman', 'Erika Fong', 'Hector David Jr.', 'Najee De-Tiege', 'Brittany Anne Pirtle', 'Steven Skyler', 'Rene Naufahu', 'Felix Ryan', 'Paul Schrier', 'Jeff Szusterman', 'Kate Elliott', 'Ricardo Medina Jr.', 'Derek Judge', 'Stig Alred']",,"January 1, 2016",2012,TV-Y7,1 Season,['family'],"The Samurai Power Rangers continue their battle against the evil Master Xandred, who has now joined forces with the malevolent Serrator."
s5346,TV Show,Wet Hot American Summer: Ten Years Later,,"['Elizabeth Banks', 'Lake Bell', 'H. Jon Benjamin', 'Michael Ian Black', 'Sarah Burns', 'Josh Charles', 'Jai Courtney', 'Beth Dover', 'John Early', 'Mark Feuerstein', 'Janeane Garofalo', 'Skyler Gisondo', 'Nina Hellman', 'Samm Levine', 'Joe Lo Truglio', 'Ken Marino', 'Christopher Meloni', 'Alyssa Milano', 'A.D. Miles', 'Marguerite Moreau', 'Eric Nenninger', 'Zak Orth', 'David Hyde Pierce', 'Chris Pine', 'Amy Poehler', 'Paul Rudd', 'Jason Schwartzman', 'Adam Scott', 'Molly Shannon', 'Michael Showalter', 'Rich Sommer', 'David Wain', 'Kristen Wiig']",United States,"August 4, 2017",2017,TV-MA,1 Season,['comedy'],"A decade after their wild summer as junior counselors, the gang reunites for a weekend of bonding, hanky-panky and hair-raising adventures."
s1816,Movie,The Magic School Bus Rides Again The Frizz Connection,Richard Weston,"['Kate McKinnon', 'Roman Lutterotti', 'Mikaela Blake', 'Gabby Clarke', 'Leke Maceda-Rustecki', 'Matthew Mucci', 'Birva Pandya', 'Lynsey Pham', 'Kaden Stephen']",Canada,"October 20, 2020",2020,TV-Y,46 min,['family'],"Lightning splits the Magic School Bus into three pieces, scattering the class across the globe with different versions of Ms. Frizzle aboard each bus!"
